Pasar,Komoditas,Tanggal,Harga_Prediksi
Pasar Babakan,Beras Bulog Premium,2026-10-09,
Pasar Babakan,Beras Bulog Premium,2026-10-10,
Pasar Babakan,Beras Bulog Premium,2026-10-11,
Pasar Babakan,Beras Bulog Premium,2026-10-12,
Pasar Babakan,Beras Bulog Premium,2026-10-13,
Pasar Babakan,Beras Bulog Premium,2026-10-14,
Pasar Babakan,Beras Bulog Premium,2026-10-15,
Pasar Babakan,Beras Bulog Premium,2026-10-16,
Pasar Babakan,Beras Bulog Premium,2026-10-17,
Pasar Babakan,Beras Bulog Premium,2026-10-18,
Pasar Babakan,Beras Bulog Premium,2026-10-19,
Pasar Babakan,Beras Bulog Premium,2026-10-20,
Pasar Babakan,Beras Bulog Premium,2026-10-21,
Pasar Babakan,Beras Bulog Premium,2026-10-22,
Pasar Babakan,Beras Bulog,2026-10-09,11000.0
Pasar Babakan,Beras Bulog,2026-10-10,11000.0
Pasar Babakan,Beras Bulog,2026-10-11,11000.0
Pasar Babakan,Beras Bulog,2026-10-12,11000.0
Pasar Babakan,Beras Bulog,2026-10-13,11000.0
Pasar Babakan,Beras Bulog,2026-10-14,11000.0
Pasar Babakan,Beras Bulog,2026-10-15,11000.0
Pasar Babakan,Beras Bulog,2026-10-16,11000.0
Pasar Babakan,Beras Bulog,2026-10-17,11000.0
Pasar Babakan,Beras Bulog,2026-10-18,11000.0
Pasar Babakan,Beras Bulog,2026-10-19,11000.0
Pasar Babakan,Beras Bulog,2026-10-20,11000.0
Pasar Babakan,Beras Bulog,2026-10-21,11000.0
Pasar Babakan,Beras Bulog,2026-10-22,11000.0
Pasar Babakan,Bawang putih Katingan,2026-10-09,35000.0
Pasar Babakan,Bawang putih Katingan,2026-10-10,35000.0
Pasar Babakan,Bawang putih Katingan,2026-10-11,35000.0
Pasar Babakan,Bawang putih Katingan,2026-10-12,35000.0
Pasar Babakan,Bawang putih Katingan,2026-10-13,35000.0
Pasar Babakan,Bawang putih Katingan,2026-10-14,35000.0
Pasar Babakan,Bawang putih Katingan,2026-10-15,35000.0
Pasar Babakan,Bawang putih Katingan,2026-10-16,35000.0
Pasar Babakan,Bawang putih Katingan,2026-10-17,35000.0
Pasar Babakan,Bawang putih Katingan,2026-10-18,35000.0
Pasar Babakan,Bawang putih Katingan,2026-10-19,35000.0
Pasar Babakan,Bawang putih Katingan,2026-10-20,35000.0
Pasar Babakan,Bawang putih Katingan,2026-10-21,35000.0
Pasar Babakan,Bawang putih Katingan,2026-10-22,35000.0
Pasar Babakan,Bawang Bombay,2026-10-09,32000.0
Pasar Babakan,Bawang Bombay,2026-10-10,32000.0
Pasar Babakan,Bawang Bombay,2026-10-11,32000.0
Pasar Babakan,Bawang Bombay,2026-10-12,31500.0
Pasar Babakan,Bawang Bombay,2026-10-13,31500.0
Pasar Babakan,Bawang Bombay,2026-10-14,31000.0
Pasar Babakan,Bawang Bombay,2026-10-15,31500.0
Pasar Babakan,Bawang Bombay,2026-10-16,31500.0
Pasar Babakan,Bawang Bombay,2026-10-17,31500.0
Pasar Babakan,Bawang Bombay,2026-10-18,31500.0
Pasar Babakan,Bawang Bombay,2026-10-19,31000.0
Pasar Babakan,Bawang Bombay,2026-10-20,31000.0
Pasar Babakan,Bawang Bombay,2026-10-21,31000.0
Pasar Babakan,Bawang Bombay,2026-10-22,31000.0
Pasar Babakan,Bawang Merah,2026-10-09,30000.0
Pasar Babakan,Bawang Merah,2026-10-10,30000.0
Pasar Babakan,Bawang Merah,2026-10-11,30000.0
Pasar Babakan,Bawang Merah,2026-10-12,29500.0
Pasar Babakan,Bawang Merah,2026-10-13,29500.0
Pasar Babakan,Bawang Merah,2026-10-14,29500.0
Pasar Babakan,Bawang Merah,2026-10-15,29500.0
Pasar Babakan,Bawang Merah,2026-10-16,30000.0
Pasar Babakan,Bawang Merah,2026-10-17,30000.0
Pasar Babakan,Bawang Merah,2026-10-18,29500.0
Pasar Babakan,Bawang Merah,2026-10-19,30000.0
Pasar Babakan,Bawang Merah,2026-10-20,30000.0
Pasar Babakan,Bawang Merah,2026-10-21,30000.0
Pasar Babakan,Bawang Merah,2026-10-22,30500.0
Pasar Babakan,Bawang Putih,2026-10-09,30000.0
Pasar Babakan,Bawang Putih,2026-10-10,30000.0
Pasar Babakan,Bawang Putih,2026-10-11,30000.0
Pasar Babakan,Bawang Putih,2026-10-12,30000.0
Pasar Babakan,Bawang Putih,2026-10-13,30000.0
Pasar Babakan,Bawang Putih,2026-10-14,30000.0
Pasar Babakan,Bawang Putih,2026-10-15,30000.0
Pasar Babakan,Bawang Putih,2026-10-16,30500.0
Pasar Babakan,Bawang Putih,2026-10-17,30500.0
Pasar Babakan,Bawang Putih,2026-10-18,30500.0
Pasar Babakan,Bawang Putih,2026-10-19,30500.0
Pasar Babakan,Bawang Putih,2026-10-20,30500.0
Pasar Babakan,Bawang Putih,2026-10-21,31000.0
Pasar Babakan,Bawang Putih,2026-10-22,31000.0
Pasar Babakan,Beras Premium I,2026-10-09,16000.0
Pasar Babakan,Beras Premium I,2026-10-10,16000.0
Pasar Babakan,Beras Premium I,2026-10-11,16000.0
Pasar Babakan,Beras Premium I,2026-10-12,16000.0
Pasar Babakan,Beras Premium I,2026-10-13,16000.0
Pasar Babakan,Beras Premium I,2026-10-14,15500.0
Pasar Babakan,Beras Premium I,2026-10-15,15500.0
Pasar Babakan,Beras Premium I,2026-10-16,15500.0
Pasar Babakan,Beras Premium I,2026-10-17,15500.0
Pasar Babakan,Beras Premium I,2026-10-18,15500.0
Pasar Babakan,Beras Premium I,2026-10-19,16000.0
Pasar Babakan,Beras Premium I,2026-10-20,15500.0
Pasar Babakan,Beras Premium I,2026-10-21,15500.0
Pasar Babakan,Beras Premium I,2026-10-22,15500.0
Pasar Babakan,Beras Premium II,2026-10-09,14500.0
Pasar Babakan,Beras Premium II,2026-10-10,14500.0
Pasar Babakan,Beras Premium II,2026-10-11,14500.0
Pasar Babakan,Beras Premium II,2026-10-12,14500.0
Pasar Babakan,Beras Premium II,2026-10-13,14500.0
Pasar Babakan,Beras Premium II,2026-10-14,14500.0
Pasar Babakan,Beras Premium II,2026-10-15,14500.0
Pasar Babakan,Beras Premium II,2026-10-16,14500.0
Pasar Babakan,Beras Premium II,2026-10-17,14500.0
Pasar Babakan,Beras Premium II,2026-10-18,14500.0
Pasar Babakan,Beras Premium II,2026-10-19,14500.0
Pasar Babakan,Beras Premium II,2026-10-20,14500.0
Pasar Babakan,Beras Premium II,2026-10-21,14500.0
Pasar Babakan,Beras Premium II,2026-10-22,14500.0
Pasar Babakan,Beras Medium,2026-10-09,15000.0
Pasar Babakan,Beras Medium,2026-10-10,15000.0
Pasar Babakan,Beras Medium,2026-10-11,15000.0
Pasar Babakan,Beras Medium,2026-10-12,14500.0
Pasar Babakan,Beras Medium,2026-10-13,14500.0
Pasar Babakan,Beras Medium,2026-10-14,14000.0
Pasar Babakan,Beras Medium,2026-10-15,14000.0
Pasar Babakan,Beras Medium,2026-10-16,14000.0
Pasar Babakan,Beras Medium,2026-10-17,14000.0
Pasar Babakan,Beras Medium,2026-10-18,14500.0
Pasar Babakan,Beras Medium,2026-10-19,14000.0
Pasar Babakan,Beras Medium,2026-10-20,14500.0
Pasar Babakan,Beras Medium,2026-10-21,14500.0
Pasar Babakan,Beras Medium,2026-10-22,14500.0
Pasar Babakan,Beras Premium Super,2026-10-09,15500.0
Pasar Babakan,Beras Premium Super,2026-10-10,15500.0
Pasar Babakan,Beras Premium Super,2026-10-11,15500.0
Pasar Babakan,Beras Premium Super,2026-10-12,15500.0
Pasar Babakan,Beras Premium Super,2026-10-13,15500.0
Pasar Babakan,Beras Premium Super,2026-10-14,15500.0
Pasar Babakan,Beras Premium Super,2026-10-15,15500.0
Pasar Babakan,Beras Premium Super,2026-10-16,15500.0
Pasar Babakan,Beras Premium Super,2026-10-17,15500.0
Pasar Babakan,Beras Premium Super,2026-10-18,15500.0
Pasar Babakan,Beras Premium Super,2026-10-19,15500.0
Pasar Babakan,Beras Premium Super,2026-10-20,15500.0
Pasar Babakan,Beras Premium Super,2026-10-21,15500.0
Pasar Babakan,Beras Premium Super,2026-10-22,15500.0
Pasar Babakan,Buncis,2026-10-09,19500.0
Pasar Babakan,Buncis,2026-10-10,19500.0
Pasar Babakan,Buncis,2026-10-11,19500.0
Pasar Babakan,Buncis,2026-10-12,19500.0
Pasar Babakan,Buncis,2026-10-13,19500.0
Pasar Babakan,Buncis,2026-10-14,19500.0
Pasar Babakan,Buncis,2026-10-15,19500.0
Pasar Babakan,Buncis,2026-10-16,19500.0
Pasar Babakan,Buncis,2026-10-17,19500.0
Pasar Babakan,Buncis,2026-10-18,20000.0
Pasar Babakan,Buncis,2026-10-19,19500.0
Pasar Babakan,Buncis,2026-10-20,19500.0
Pasar Babakan,Buncis,2026-10-21,19500.0
Pasar Babakan,Buncis,2026-10-22,19500.0
Pasar Babakan,Cabe Merah Biasa,2026-10-09,40000.0
Pasar Babakan,Cabe Merah Biasa,2026-10-10,40000.0
Pasar Babakan,Cabe Merah Biasa,2026-10-11,40000.0
Pasar Babakan,Cabe Merah Biasa,2026-10-12,40000.0
Pasar Babakan,Cabe Merah Biasa,2026-10-13,40000.0
Pasar Babakan,Cabe Merah Biasa,2026-10-14,39500.0
Pasar Babakan,Cabe Merah Biasa,2026-10-15,39000.0
Pasar Babakan,Cabe Merah Biasa,2026-10-16,40000.0
Pasar Babakan,Cabe Merah Biasa,2026-10-17,40000.0
Pasar Babakan,Cabe Merah Biasa,2026-10-18,39000.0
Pasar Babakan,Cabe Merah Biasa,2026-10-19,40500.0
Pasar Babakan,Cabe Merah Biasa,2026-10-20,37500.0
Pasar Babakan,Cabe Merah Biasa,2026-10-21,39000.0
Pasar Babakan,Cabe Merah Biasa,2026-10-22,42500.0
Pasar Babakan,Cabe Hijau,2026-10-09,15500.0
Pasar Babakan,Cabe Hijau,2026-10-10,15500.0
Pasar Babakan,Cabe Hijau,2026-10-11,16000.0
Pasar Babakan,Cabe Hijau,2026-10-12,16000.0
Pasar Babakan,Cabe Hijau,2026-10-13,16000.0
Pasar Babakan,Cabe Hijau,2026-10-14,16000.0
Pasar Babakan,Cabe Hijau,2026-10-15,16000.0
Pasar Babakan,Cabe Hijau,2026-10-16,16500.0
Pasar Babakan,Cabe Hijau,2026-10-17,17500.0
Pasar Babakan,Cabe Hijau,2026-10-18,17000.0
Pasar Babakan,Cabe Hijau,2026-10-19,17500.0
Pasar Babakan,Cabe Hijau,2026-10-20,18000.0
Pasar Babakan,Cabe Hijau,2026-10-21,19000.0
Pasar Babakan,Cabe Hijau,2026-10-22,19500.0
Pasar Babakan,Cabe Merah Keriting,2026-10-09,46500.0
Pasar Babakan,Cabe Merah Keriting,2026-10-10,46500.0
Pasar Babakan,Cabe Merah Keriting,2026-10-11,45000.0
Pasar Babakan,Cabe Merah Keriting,2026-10-12,44500.0
Pasar Babakan,Cabe Merah Keriting,2026-10-13,45000.0
Pasar Babakan,Cabe Merah Keriting,2026-10-14,46000.0
Pasar Babakan,Cabe Merah Keriting,2026-10-15,46500.0
Pasar Babakan,Cabe Merah Keriting,2026-10-16,46500.0
Pasar Babakan,Cabe Merah Keriting,2026-10-17,46500.0
Pasar Babakan,Cabe Merah Keriting,2026-10-18,46000.0
Pasar Babakan,Cabe Merah Keriting,2026-10-19,48500.0
Pasar Babakan,Cabe Merah Keriting,2026-10-20,50500.0
Pasar Babakan,Cabe Merah Keriting,2026-10-21,54000.0
Pasar Babakan,Cabe Merah Keriting,2026-10-22,52500.0
Pasar Babakan,Cabe Rawit Hijau,2026-10-09,39500.0
Pasar Babakan,Cabe Rawit Hijau,2026-10-10,39500.0
Pasar Babakan,Cabe Rawit Hijau,2026-10-11,40000.0
Pasar Babakan,Cabe Rawit Hijau,2026-10-12,39500.0
Pasar Babakan,Cabe Rawit Hijau,2026-10-13,40000.0
Pasar Babakan,Cabe Rawit Hijau,2026-10-14,40000.0
Pasar Babakan,Cabe Rawit Hijau,2026-10-15,40000.0
Pasar Babakan,Cabe Rawit Hijau,2026-10-16,40500.0
Pasar Babakan,Cabe Rawit Hijau,2026-10-17,40500.0
Pasar Babakan,Cabe Rawit Hijau,2026-10-18,43000.0
Pasar Babakan,Cabe Rawit Hijau,2026-10-19,43000.0
Pasar Babakan,Cabe Rawit Hijau,2026-10-20,44000.0
Pasar Babakan,Cabe Rawit Hijau,2026-10-21,44500.0
Pasar Babakan,Cabe Rawit Hijau,2026-10-22,45000.0
Pasar Babakan,Cabe Rawit Merah,2026-10-09,72000.0
Pasar Babakan,Cabe Rawit Merah,2026-10-10,71500.0
Pasar Babakan,Cabe Rawit Merah,2026-10-11,71000.0
Pasar Babakan,Cabe Rawit Merah,2026-10-12,68500.0
Pasar Babakan,Cabe Rawit Merah,2026-10-13,67000.0
Pasar Babakan,Cabe Rawit Merah,2026-10-14,65500.0
Pasar Babakan,Cabe Rawit Merah,2026-10-15,64500.0
Pasar Babakan,Cabe Rawit Merah,2026-10-16,66000.0
Pasar Babakan,Cabe Rawit Merah,2026-10-17,62000.0
Pasar Babakan,Cabe Rawit Merah,2026-10-18,61500.0
Pasar Babakan,Cabe Rawit Merah,2026-10-19,61500.0
Pasar Babakan,Cabe Rawit Merah,2026-10-20,59500.0
Pasar Babakan,Cabe Rawit Merah,2026-10-21,62500.0
Pasar Babakan,Cabe Rawit Merah,2026-10-22,67000.0
Pasar Babakan,Cumi Asin,2026-10-09,79500.0
Pasar Babakan,Cumi Asin,2026-10-10,85500.0
Pasar Babakan,Cumi Asin,2026-10-11,83500.0
Pasar Babakan,Cumi Asin,2026-10-12,85000.0
Pasar Babakan,Cumi Asin,2026-10-13,86500.0
Pasar Babakan,Cumi Asin,2026-10-14,87500.0
Pasar Babakan,Cumi Asin,2026-10-15,88500.0
Pasar Babakan,Cumi Asin,2026-10-16,87500.0
Pasar Babakan,Cumi Asin,2026-10-17,85500.0
Pasar Babakan,Cumi Asin,2026-10-18,87000.0
Pasar Babakan,Cumi Asin,2026-10-19,87000.0
Pasar Babakan,Cumi Asin,2026-10-20,85500.0
Pasar Babakan,Cumi Asin,2026-10-21,85000.0
Pasar Babakan,Cumi Asin,2026-10-22,83000.0
Pasar Babakan,Daging Ayam Kampung,2026-10-09,36500.0
Pasar Babakan,Daging Ayam Kampung,2026-10-10,36500.0
Pasar Babakan,Daging Ayam Kampung,2026-10-11,36500.0
Pasar Babakan,Daging Ayam Kampung,2026-10-12,36500.0
Pasar Babakan,Daging Ayam Kampung,2026-10-13,36500.0
Pasar Babakan,Daging Ayam Kampung,2026-10-14,36500.0
Pasar Babakan,Daging Ayam Kampung,2026-10-15,36500.0
Pasar Babakan,Daging Ayam Kampung,2026-10-16,36500.0
Pasar Babakan,Daging Ayam Kampung,2026-10-17,36500.0
Pasar Babakan,Daging Ayam Kampung,2026-10-18,36500.0
Pasar Babakan,Daging Ayam Kampung,2026-10-19,36500.0
Pasar Babakan,Daging Ayam Kampung,2026-10-20,36500.0
Pasar Babakan,Daging Ayam Kampung,2026-10-21,36500.0
Pasar Babakan,Daging Ayam Kampung,2026-10-22,36500.0
Pasar Babakan,Daging Ayam Broiler,2026-10-09,39500.0
Pasar Babakan,Daging Ayam Broiler,2026-10-10,39500.0
Pasar Babakan,Daging Ayam Broiler,2026-10-11,39500.0
Pasar Babakan,Daging Ayam Broiler,2026-10-12,40000.0
Pasar Babakan,Daging Ayam Broiler,2026-10-13,40000.0
Pasar Babakan,Daging Ayam Broiler,2026-10-14,40000.0
Pasar Babakan,Daging Ayam Broiler,2026-10-15,40500.0
Pasar Babakan,Daging Ayam Broiler,2026-10-16,40500.0
Pasar Babakan,Daging Ayam Broiler,2026-10-17,40500.0
Pasar Babakan,Daging Ayam Broiler,2026-10-18,38500.0
Pasar Babakan,Daging Ayam Broiler,2026-10-19,40500.0
Pasar Babakan,Daging Ayam Broiler,2026-10-20,40000.0
Pasar Babakan,Daging Ayam Broiler,2026-10-21,40000.0
Pasar Babakan,Daging Ayam Broiler,2026-10-22,39000.0
Pasar Babakan,Daging Kambing,2026-10-09,70000.0
Pasar Babakan,Daging Kambing,2026-10-10,70000.0
Pasar Babakan,Daging Kambing,2026-10-11,70000.0
Pasar Babakan,Daging Kambing,2026-10-12,70000.0
Pasar Babakan,Daging Kambing,2026-10-13,70000.0
Pasar Babakan,Daging Kambing,2026-10-14,70000.0
Pasar Babakan,Daging Kambing,2026-10-15,70000.0
Pasar Babakan,Daging Kambing,2026-10-16,70000.0
Pasar Babakan,Daging Kambing,2026-10-17,70000.0
Pasar Babakan,Daging Kambing,2026-10-18,70000.0
Pasar Babakan,Daging Kambing,2026-10-19,70000.0
Pasar Babakan,Daging Kambing,2026-10-20,70000.0
Pasar Babakan,Daging Kambing,2026-10-21,70000.0
Pasar Babakan,Daging Kambing,2026-10-22,70000.0
Pasar Babakan,Daging Sapi Murni,2026-10-09,158500.0
Pasar Babakan,Daging Sapi Murni,2026-10-10,158500.0
Pasar Babakan,Daging Sapi Murni,2026-10-11,158000.0
Pasar Babakan,Daging Sapi Murni,2026-10-12,158000.0
Pasar Babakan,Daging Sapi Murni,2026-10-13,158000.0
Pasar Babakan,Daging Sapi Murni,2026-10-14,158500.0
Pasar Babakan,Daging Sapi Murni,2026-10-15,158500.0
Pasar Babakan,Daging Sapi Murni,2026-10-16,158500.0
Pasar Babakan,Daging Sapi Murni,2026-10-17,158500.0
Pasar Babakan,Daging Sapi Murni,2026-10-18,158000.0
Pasar Babakan,Daging Sapi Murni,2026-10-19,158500.0
Pasar Babakan,Daging Sapi Murni,2026-10-20,158500.0
Pasar Babakan,Daging Sapi Murni,2026-10-21,158500.0
Pasar Babakan,Daging Sapi Murni,2026-10-22,158500.0
Pasar Babakan,Garam Beryodium,2026-10-09,2500.0
Pasar Babakan,Garam Beryodium,2026-10-10,2500.0
Pasar Babakan,Garam Beryodium,2026-10-11,2500.0
Pasar Babakan,Garam Beryodium,2026-10-12,2500.0
Pasar Babakan,Garam Beryodium,2026-10-13,2500.0
Pasar Babakan,Garam Beryodium,2026-10-14,2500.0
Pasar Babakan,Garam Beryodium,2026-10-15,2500.0
Pasar Babakan,Garam Beryodium,2026-10-16,2500.0
Pasar Babakan,Garam Beryodium,2026-10-17,2500.0
Pasar Babakan,Garam Beryodium,2026-10-18,2500.0
Pasar Babakan,Garam Beryodium,2026-10-19,2500.0
Pasar Babakan,Garam Beryodium,2026-10-20,2500.0
Pasar Babakan,Garam Beryodium,2026-10-21,2500.0
Pasar Babakan,Garam Beryodium,2026-10-22,2500.0
Pasar Babakan,Gula Batu,2026-10-09,24000.0
Pasar Babakan,Gula Batu,2026-10-10,24000.0
Pasar Babakan,Gula Batu,2026-10-11,24000.0
Pasar Babakan,Gula Batu,2026-10-12,24000.0
Pasar Babakan,Gula Batu,2026-10-13,24000.0
Pasar Babakan,Gula Batu,2026-10-14,24000.0
Pasar Babakan,Gula Batu,2026-10-15,24000.0
Pasar Babakan,Gula Batu,2026-10-16,24000.0
Pasar Babakan,Gula Batu,2026-10-17,24000.0
Pasar Babakan,Gula Batu,2026-10-18,24000.0
Pasar Babakan,Gula Batu,2026-10-19,24000.0
Pasar Babakan,Gula Batu,2026-10-20,24000.0
Pasar Babakan,Gula Batu,2026-10-21,24000.0
Pasar Babakan,Gula Batu,2026-10-22,24000.0
Pasar Babakan,Gula Impor,2026-10-09,18000.0
Pasar Babakan,Gula Impor,2026-10-10,18000.0
Pasar Babakan,Gula Impor,2026-10-11,18000.0
Pasar Babakan,Gula Impor,2026-10-12,18000.0
Pasar Babakan,Gula Impor,2026-10-13,18000.0
Pasar Babakan,Gula Impor,2026-10-14,18000.0
Pasar Babakan,Gula Impor,2026-10-15,18000.0
Pasar Babakan,Gula Impor,2026-10-16,18000.0
Pasar Babakan,Gula Impor,2026-10-17,18000.0
Pasar Babakan,Gula Impor,2026-10-18,18000.0
Pasar Babakan,Gula Impor,2026-10-19,18000.0
Pasar Babakan,Gula Impor,2026-10-20,18000.0
Pasar Babakan,Gula Impor,2026-10-21,18000.0
Pasar Babakan,Gula Impor,2026-10-22,18000.0
Pasar Babakan,Gula Merah,2026-10-09,23500.0
Pasar Babakan,Gula Merah,2026-10-10,23500.0
Pasar Babakan,Gula Merah,2026-10-11,23500.0
Pasar Babakan,Gula Merah,2026-10-12,23500.0
Pasar Babakan,Gula Merah,2026-10-13,23500.0
Pasar Babakan,Gula Merah,2026-10-14,23500.0
Pasar Babakan,Gula Merah,2026-10-15,23500.0
Pasar Babakan,Gula Merah,2026-10-16,23500.0
Pasar Babakan,Gula Merah,2026-10-17,23500.0
Pasar Babakan,Gula Merah,2026-10-18,23500.0
Pasar Babakan,Gula Merah,2026-10-19,23500.0
Pasar Babakan,Gula Merah,2026-10-20,23500.0
Pasar Babakan,Gula Merah,2026-10-21,23500.0
Pasar Babakan,Gula Merah,2026-10-22,23500.0
Pasar Babakan,Ikan Asin Kembung,2026-10-09,18000.0
Pasar Babakan,Ikan Asin Kembung,2026-10-10,18000.0
Pasar Babakan,Ikan Asin Kembung,2026-10-11,18000.0
Pasar Babakan,Ikan Asin Kembung,2026-10-12,18000.0
Pasar Babakan,Ikan Asin Kembung,2026-10-13,18000.0
Pasar Babakan,Ikan Asin Kembung,2026-10-14,18000.0
Pasar Babakan,Ikan Asin Kembung,2026-10-15,18000.0
Pasar Babakan,Ikan Asin Kembung,2026-10-16,18000.0
Pasar Babakan,Ikan Asin Kembung,2026-10-17,18000.0
Pasar Babakan,Ikan Asin Kembung,2026-10-18,18000.0
Pasar Babakan,Ikan Asin Kembung,2026-10-19,18000.0
Pasar Babakan,Ikan Asin Kembung,2026-10-20,18000.0
Pasar Babakan,Ikan Asin Kembung,2026-10-21,18000.0
Pasar Babakan,Ikan Asin Kembung,2026-10-22,18000.0
Pasar Babakan,Gula Pasir lokal,2026-10-09,18500.0
Pasar Babakan,Gula Pasir lokal,2026-10-10,18500.0
Pasar Babakan,Gula Pasir lokal,2026-10-11,18000.0
Pasar Babakan,Gula Pasir lokal,2026-10-12,18500.0
Pasar Babakan,Gula Pasir lokal,2026-10-13,18500.0
Pasar Babakan,Gula Pasir lokal,2026-10-14,18500.0
Pasar Babakan,Gula Pasir lokal,2026-10-15,18500.0
Pasar Babakan,Gula Pasir lokal,2026-10-16,18000.0
Pasar Babakan,Gula Pasir lokal,2026-10-17,19000.0
Pasar Babakan,Gula Pasir lokal,2026-10-18,18500.0
Pasar Babakan,Gula Pasir lokal,2026-10-19,18500.0
Pasar Babakan,Gula Pasir lokal,2026-10-20,18500.0
Pasar Babakan,Gula Pasir lokal,2026-10-21,18500.0
Pasar Babakan,Gula Pasir lokal,2026-10-22,18500.0
Pasar Babakan,Ikan Tongkol,2026-10-09,35000.0
Pasar Babakan,Ikan Tongkol,2026-10-10,35000.0
Pasar Babakan,Ikan Tongkol,2026-10-11,35000.0
Pasar Babakan,Ikan Tongkol,2026-10-12,35000.0
Pasar Babakan,Ikan Tongkol,2026-10-13,35000.0
Pasar Babakan,Ikan Tongkol,2026-10-14,35000.0
Pasar Babakan,Ikan Tongkol,2026-10-15,35000.0
Pasar Babakan,Ikan Tongkol,2026-10-16,35000.0
Pasar Babakan,Ikan Tongkol,2026-10-17,35000.0
Pasar Babakan,Ikan Tongkol,2026-10-18,35000.0
Pasar Babakan,Ikan Tongkol,2026-10-19,35000.0
Pasar Babakan,Ikan Tongkol,2026-10-20,35000.0
Pasar Babakan,Ikan Tongkol,2026-10-21,35000.0
Pasar Babakan,Ikan Tongkol,2026-10-22,35000.0
Pasar Babakan,Ikan Asin Peda,2026-10-09,18000.0
Pasar Babakan,Ikan Asin Peda,2026-10-10,18000.0
Pasar Babakan,Ikan Asin Peda,2026-10-11,18000.0
Pasar Babakan,Ikan Asin Peda,2026-10-12,18000.0
Pasar Babakan,Ikan Asin Peda,2026-10-13,18000.0
Pasar Babakan,Ikan Asin Peda,2026-10-14,18000.0
Pasar Babakan,Ikan Asin Peda,2026-10-15,18000.0
Pasar Babakan,Ikan Asin Peda,2026-10-16,18000.0
Pasar Babakan,Ikan Asin Peda,2026-10-17,18000.0
Pasar Babakan,Ikan Asin Peda,2026-10-18,18000.0
Pasar Babakan,Ikan Asin Peda,2026-10-19,18000.0
Pasar Babakan,Ikan Asin Peda,2026-10-20,18000.0
Pasar Babakan,Ikan Asin Peda,2026-10-21,18000.0
Pasar Babakan,Ikan Asin Peda,2026-10-22,18000.0
Pasar Babakan,Ikan Asin Teri,2026-10-09,10500.0
Pasar Babakan,Ikan Asin Teri,2026-10-10,10500.0
Pasar Babakan,Ikan Asin Teri,2026-10-11,10500.0
Pasar Babakan,Ikan Asin Teri,2026-10-12,10500.0
Pasar Babakan,Ikan Asin Teri,2026-10-13,10500.0
Pasar Babakan,Ikan Asin Teri,2026-10-14,10500.0
Pasar Babakan,Ikan Asin Teri,2026-10-15,10500.0
Pasar Babakan,Ikan Asin Teri,2026-10-16,10500.0
Pasar Babakan,Ikan Asin Teri,2026-10-17,10500.0
Pasar Babakan,Ikan Asin Teri,2026-10-18,10500.0
Pasar Babakan,Ikan Asin Teri,2026-10-19,10500.0
Pasar Babakan,Ikan Asin Teri,2026-10-20,10500.0
Pasar Babakan,Ikan Asin Teri,2026-10-21,10500.0
Pasar Babakan,Ikan Asin Teri,2026-10-22,10500.0
Pasar Babakan,Ikan Asin Tiga Wajan,2026-10-09,39500.0
Pasar Babakan,Ikan Asin Tiga Wajan,2026-10-10,40000.0
Pasar Babakan,Ikan Asin Tiga Wajan,2026-10-11,39500.0
Pasar Babakan,Ikan Asin Tiga Wajan,2026-10-12,39500.0
Pasar Babakan,Ikan Asin Tiga Wajan,2026-10-13,40000.0
Pasar Babakan,Ikan Asin Tiga Wajan,2026-10-14,40000.0
Pasar Babakan,Ikan Asin Tiga Wajan,2026-10-15,40000.0
Pasar Babakan,Ikan Asin Tiga Wajan,2026-10-16,39500.0
Pasar Babakan,Ikan Asin Tiga Wajan,2026-10-17,40000.0
Pasar Babakan,Ikan Asin Tiga Wajan,2026-10-18,39500.0
Pasar Babakan,Ikan Asin Tiga Wajan,2026-10-19,40000.0
Pasar Babakan,Ikan Asin Tiga Wajan,2026-10-20,40000.0
Pasar Babakan,Ikan Asin Tiga Wajan,2026-10-21,40000.0
Pasar Babakan,Ikan Asin Tiga Wajan,2026-10-22,39500.0
Pasar Babakan,Jagung Pipilan,2026-10-09,8000.0
Pasar Babakan,Jagung Pipilan,2026-10-10,8000.0
Pasar Babakan,Jagung Pipilan,2026-10-11,8000.0
Pasar Babakan,Jagung Pipilan,2026-10-12,8000.0
Pasar Babakan,Jagung Pipilan,2026-10-13,8000.0
Pasar Babakan,Jagung Pipilan,2026-10-14,8000.0
Pasar Babakan,Jagung Pipilan,2026-10-15,8000.0
Pasar Babakan,Jagung Pipilan,2026-10-16,8000.0
Pasar Babakan,Jagung Pipilan,2026-10-17,8000.0
Pasar Babakan,Jagung Pipilan,2026-10-18,8000.0
Pasar Babakan,Jagung Pipilan,2026-10-19,8000.0
Pasar Babakan,Jagung Pipilan,2026-10-20,8000.0
Pasar Babakan,Jagung Pipilan,2026-10-21,8000.0
Pasar Babakan,Jagung Pipilan,2026-10-22,8000.0
Pasar Babakan,Ikan Bandeng,2026-10-09,39500.0
Pasar Babakan,Ikan Bandeng,2026-10-10,38000.0
Pasar Babakan,Ikan Bandeng,2026-10-11,38000.0
Pasar Babakan,Ikan Bandeng,2026-10-12,37500.0
Pasar Babakan,Ikan Bandeng,2026-10-13,37500.0
Pasar Babakan,Ikan Bandeng,2026-10-14,37500.0
Pasar Babakan,Ikan Bandeng,2026-10-15,38000.0
Pasar Babakan,Ikan Bandeng,2026-10-16,38500.0
Pasar Babakan,Ikan Bandeng,2026-10-17,38000.0
Pasar Babakan,Ikan Bandeng,2026-10-18,37500.0
Pasar Babakan,Ikan Bandeng,2026-10-19,38000.0
Pasar Babakan,Ikan Bandeng,2026-10-20,38000.0
Pasar Babakan,Ikan Bandeng,2026-10-21,38000.0
Pasar Babakan,Ikan Bandeng,2026-10-22,38000.0
Pasar Babakan,Jagung Pipilan Kering,2026-10-09,4000.0
Pasar Babakan,Jagung Pipilan Kering,2026-10-10,4000.0
Pasar Babakan,Jagung Pipilan Kering,2026-10-11,4000.0
Pasar Babakan,Jagung Pipilan Kering,2026-10-12,4000.0
Pasar Babakan,Jagung Pipilan Kering,2026-10-13,4000.0
Pasar Babakan,Jagung Pipilan Kering,2026-10-14,4000.0
Pasar Babakan,Jagung Pipilan Kering,2026-10-15,4000.0
Pasar Babakan,Jagung Pipilan Kering,2026-10-16,4000.0
Pasar Babakan,Jagung Pipilan Kering,2026-10-17,4000.0
Pasar Babakan,Jagung Pipilan Kering,2026-10-18,4000.0
Pasar Babakan,Jagung Pipilan Kering,2026-10-19,4000.0
Pasar Babakan,Jagung Pipilan Kering,2026-10-20,4000.0
Pasar Babakan,Jagung Pipilan Kering,2026-10-21,4000.0
Pasar Babakan,Jagung Pipilan Kering,2026-10-22,4000.0
Pasar Babakan,Ikan Kembung,2026-10-09,43500.0
Pasar Babakan,Ikan Kembung,2026-10-10,40000.0
Pasar Babakan,Ikan Kembung,2026-10-11,40500.0
Pasar Babakan,Ikan Kembung,2026-10-12,40000.0
Pasar Babakan,Ikan Kembung,2026-10-13,44000.0
Pasar Babakan,Ikan Kembung,2026-10-14,44000.0
Pasar Babakan,Ikan Kembung,2026-10-15,44000.0
Pasar Babakan,Ikan Kembung,2026-10-16,40500.0
Pasar Babakan,Ikan Kembung,2026-10-17,44000.0
Pasar Babakan,Ikan Kembung,2026-10-18,43500.0
Pasar Babakan,Ikan Kembung,2026-10-19,44000.0
Pasar Babakan,Ikan Kembung,2026-10-20,44000.0
Pasar Babakan,Ikan Kembung,2026-10-21,44000.0
Pasar Babakan,Ikan Kembung,2026-10-22,43500.0
Pasar Babakan,Indomie Kari Ayam,2026-10-09,3000.0
Pasar Babakan,Indomie Kari Ayam,2026-10-10,3000.0
Pasar Babakan,Indomie Kari Ayam,2026-10-11,3000.0
Pasar Babakan,Indomie Kari Ayam,2026-10-12,3000.0
Pasar Babakan,Indomie Kari Ayam,2026-10-13,3000.0
Pasar Babakan,Indomie Kari Ayam,2026-10-14,3000.0
Pasar Babakan,Indomie Kari Ayam,2026-10-15,3000.0
Pasar Babakan,Indomie Kari Ayam,2026-10-16,3000.0
Pasar Babakan,Indomie Kari Ayam,2026-10-17,3000.0
Pasar Babakan,Indomie Kari Ayam,2026-10-18,3000.0
Pasar Babakan,Indomie Kari Ayam,2026-10-19,3000.0
Pasar Babakan,Indomie Kari Ayam,2026-10-20,3000.0
Pasar Babakan,Indomie Kari Ayam,2026-10-21,3000.0
Pasar Babakan,Indomie Kari Ayam,2026-10-22,3000.0
Pasar Babakan,Kacang Panjang,2026-10-09,22000.0
Pasar Babakan,Kacang Panjang,2026-10-10,22000.0
Pasar Babakan,Kacang Panjang,2026-10-11,22000.0
Pasar Babakan,Kacang Panjang,2026-10-12,22000.0
Pasar Babakan,Kacang Panjang,2026-10-13,22000.0
Pasar Babakan,Kacang Panjang,2026-10-14,22000.0
Pasar Babakan,Kacang Panjang,2026-10-15,22000.0
Pasar Babakan,Kacang Panjang,2026-10-16,22000.0
Pasar Babakan,Kacang Panjang,2026-10-17,22000.0
Pasar Babakan,Kacang Panjang,2026-10-18,22000.0
Pasar Babakan,Kacang Panjang,2026-10-19,22000.0
Pasar Babakan,Kacang Panjang,2026-10-20,22000.0
Pasar Babakan,Kacang Panjang,2026-10-21,22000.0
Pasar Babakan,Kacang Panjang,2026-10-22,22000.0
Pasar Babakan,Ketela Pohon/Singkong,2026-10-09,3500.0
Pasar Babakan,Ketela Pohon/Singkong,2026-10-10,3500.0
Pasar Babakan,Ketela Pohon/Singkong,2026-10-11,3500.0
Pasar Babakan,Ketela Pohon/Singkong,2026-10-12,3500.0
Pasar Babakan,Ketela Pohon/Singkong,2026-10-13,3500.0
Pasar Babakan,Ketela Pohon/Singkong,2026-10-14,3500.0
Pasar Babakan,Ketela Pohon/Singkong,2026-10-15,3500.0
Pasar Babakan,Ketela Pohon/Singkong,2026-10-16,3500.0
Pasar Babakan,Ketela Pohon/Singkong,2026-10-17,3500.0
Pasar Babakan,Ketela Pohon/Singkong,2026-10-18,3500.0
Pasar Babakan,Ketela Pohon/Singkong,2026-10-19,3500.0
Pasar Babakan,Ketela Pohon/Singkong,2026-10-20,3500.0
Pasar Babakan,Ketela Pohon/Singkong,2026-10-21,3500.0
Pasar Babakan,Ketela Pohon/Singkong,2026-10-22,3500.0
Pasar Babakan,Kacang Hijau,2026-10-09,29500.0
Pasar Babakan,Kacang Hijau,2026-10-10,29500.0
Pasar Babakan,Kacang Hijau,2026-10-11,29500.0
Pasar Babakan,Kacang Hijau,2026-10-12,29500.0
Pasar Babakan,Kacang Hijau,2026-10-13,29500.0
Pasar Babakan,Kacang Hijau,2026-10-14,29500.0
Pasar Babakan,Kacang Hijau,2026-10-15,29500.0
Pasar Babakan,Kacang Hijau,2026-10-16,29500.0
Pasar Babakan,Kacang Hijau,2026-10-17,29500.0
Pasar Babakan,Kacang Hijau,2026-10-18,29500.0
Pasar Babakan,Kacang Hijau,2026-10-19,29500.0
Pasar Babakan,Kacang Hijau,2026-10-20,29500.0
Pasar Babakan,Kacang Hijau,2026-10-21,29500.0
Pasar Babakan,Kacang Hijau,2026-10-22,29500.0
Pasar Babakan,Kacang Kedelai Impor,2026-10-09,14000.0
Pasar Babakan,Kacang Kedelai Impor,2026-10-10,14000.0
Pasar Babakan,Kacang Kedelai Impor,2026-10-11,14000.0
Pasar Babakan,Kacang Kedelai Impor,2026-10-12,14000.0
Pasar Babakan,Kacang Kedelai Impor,2026-10-13,14000.0
Pasar Babakan,Kacang Kedelai Impor,2026-10-14,14000.0
Pasar Babakan,Kacang Kedelai Impor,2026-10-15,14000.0
Pasar Babakan,Kacang Kedelai Impor,2026-10-16,14000.0
Pasar Babakan,Kacang Kedelai Impor,2026-10-17,14000.0
Pasar Babakan,Kacang Kedelai Impor,2026-10-18,14000.0
Pasar Babakan,Kacang Kedelai Impor,2026-10-19,14000.0
Pasar Babakan,Kacang Kedelai Impor,2026-10-20,14000.0
Pasar Babakan,Kacang Kedelai Impor,2026-10-21,14000.0
Pasar Babakan,Kacang Kedelai Impor,2026-10-22,14000.0
Pasar Babakan,Kacang Kedelai Lokal,2026-10-09,14000.0
Pasar Babakan,Kacang Kedelai Lokal,2026-10-10,14000.0
Pasar Babakan,Kacang Kedelai Lokal,2026-10-11,14000.0
Pasar Babakan,Kacang Kedelai Lokal,2026-10-12,14000.0
Pasar Babakan,Kacang Kedelai Lokal,2026-10-13,14000.0
Pasar Babakan,Kacang Kedelai Lokal,2026-10-14,14000.0
Pasar Babakan,Kacang Kedelai Lokal,2026-10-15,14000.0
Pasar Babakan,Kacang Kedelai Lokal,2026-10-16,14000.0
Pasar Babakan,Kacang Kedelai Lokal,2026-10-17,14000.0
Pasar Babakan,Kacang Kedelai Lokal,2026-10-18,14000.0
Pasar Babakan,Kacang Kedelai Lokal,2026-10-19,14000.0
Pasar Babakan,Kacang Kedelai Lokal,2026-10-20,14000.0
Pasar Babakan,Kacang Kedelai Lokal,2026-10-21,14000.0
Pasar Babakan,Kacang Kedelai Lokal,2026-10-22,14000.0
Pasar Babakan,Kacang Tanah kupas,2026-10-09,36500.0
Pasar Babakan,Kacang Tanah kupas,2026-10-10,36500.0
Pasar Babakan,Kacang Tanah kupas,2026-10-11,36500.0
Pasar Babakan,Kacang Tanah kupas,2026-10-12,36500.0
Pasar Babakan,Kacang Tanah kupas,2026-10-13,36500.0
Pasar Babakan,Kacang Tanah kupas,2026-10-14,36500.0
Pasar Babakan,Kacang Tanah kupas,2026-10-15,36500.0
Pasar Babakan,Kacang Tanah kupas,2026-10-16,36500.0
Pasar Babakan,Kacang Tanah kupas,2026-10-17,36500.0
Pasar Babakan,Kacang Tanah kupas,2026-10-18,36500.0
Pasar Babakan,Kacang Tanah kupas,2026-10-19,36500.0
Pasar Babakan,Kacang Tanah kupas,2026-10-20,36500.0
Pasar Babakan,Kacang Tanah kupas,2026-10-21,36500.0
Pasar Babakan,Kacang Tanah kupas,2026-10-22,36500.0
Pasar Babakan,Kacang Tanah/Suuk,2026-10-09,44000.0
Pasar Babakan,Kacang Tanah/Suuk,2026-10-10,43500.0
Pasar Babakan,Kacang Tanah/Suuk,2026-10-11,43500.0
Pasar Babakan,Kacang Tanah/Suuk,2026-10-12,43500.0
Pasar Babakan,Kacang Tanah/Suuk,2026-10-13,41500.0
Pasar Babakan,Kacang Tanah/Suuk,2026-10-14,41500.0
Pasar Babakan,Kacang Tanah/Suuk,2026-10-15,41000.0
Pasar Babakan,Kacang Tanah/Suuk,2026-10-16,39500.0
Pasar Babakan,Kacang Tanah/Suuk,2026-10-17,40500.0
Pasar Babakan,Kacang Tanah/Suuk,2026-10-18,41000.0
Pasar Babakan,Kacang Tanah/Suuk,2026-10-19,41500.0
Pasar Babakan,Kacang Tanah/Suuk,2026-10-20,42000.0
Pasar Babakan,Kacang Tanah/Suuk,2026-10-21,42000.0
Pasar Babakan,Kacang Tanah/Suuk,2026-10-22,41500.0
Pasar Babakan,Kentang,2026-10-09,15000.0
Pasar Babakan,Kentang,2026-10-10,15000.0
Pasar Babakan,Kentang,2026-10-11,15000.0
Pasar Babakan,Kentang,2026-10-12,15000.0
Pasar Babakan,Kentang,2026-10-13,15000.0
Pasar Babakan,Kentang,2026-10-14,15000.0
Pasar Babakan,Kentang,2026-10-15,15000.0
Pasar Babakan,Kentang,2026-10-16,15000.0
Pasar Babakan,Kentang,2026-10-17,15000.0
Pasar Babakan,Kentang,2026-10-18,15000.0
Pasar Babakan,Kentang,2026-10-19,15000.0
Pasar Babakan,Kentang,2026-10-20,15000.0
Pasar Babakan,Kentang,2026-10-21,15000.0
Pasar Babakan,Kentang,2026-10-22,14500.0
Pasar Babakan,Margarine Simas,2026-10-09,24000.0
Pasar Babakan,Margarine Simas,2026-10-10,24000.0
Pasar Babakan,Margarine Simas,2026-10-11,24000.0
Pasar Babakan,Margarine Simas,2026-10-12,24000.0
Pasar Babakan,Margarine Simas,2026-10-13,24000.0
Pasar Babakan,Margarine Simas,2026-10-14,24000.0
Pasar Babakan,Margarine Simas,2026-10-15,24000.0
Pasar Babakan,Margarine Simas,2026-10-16,24000.0
Pasar Babakan,Margarine Simas,2026-10-17,24000.0
Pasar Babakan,Margarine Simas,2026-10-18,24000.0
Pasar Babakan,Margarine Simas,2026-10-19,24000.0
Pasar Babakan,Margarine Simas,2026-10-20,24000.0
Pasar Babakan,Margarine Simas,2026-10-21,24000.0
Pasar Babakan,Margarine Simas,2026-10-22,24000.0
Pasar Babakan,Kol,2026-10-09,8000.0
Pasar Babakan,Kol,2026-10-10,8000.0
Pasar Babakan,Kol,2026-10-11,8000.0
Pasar Babakan,Kol,2026-10-12,8000.0
Pasar Babakan,Kol,2026-10-13,8000.0
Pasar Babakan,Kol,2026-10-14,7500.0
Pasar Babakan,Kol,2026-10-15,7500.0
Pasar Babakan,Kol,2026-10-16,7500.0
Pasar Babakan,Kol,2026-10-17,7500.0
Pasar Babakan,Kol,2026-10-18,7500.0
Pasar Babakan,Kol,2026-10-19,7500.0
Pasar Babakan,Kol,2026-10-20,7500.0
Pasar Babakan,Kol,2026-10-21,7500.0
Pasar Babakan,Kol,2026-10-22,7500.0
Pasar Babakan,Margarine Blue Band,2026-10-09,8500.0
Pasar Babakan,Margarine Blue Band,2026-10-10,8500.0
Pasar Babakan,Margarine Blue Band,2026-10-11,8500.0
Pasar Babakan,Margarine Blue Band,2026-10-12,8500.0
Pasar Babakan,Margarine Blue Band,2026-10-13,8500.0
Pasar Babakan,Margarine Blue Band,2026-10-14,8500.0
Pasar Babakan,Margarine Blue Band,2026-10-15,8500.0
Pasar Babakan,Margarine Blue Band,2026-10-16,8500.0
Pasar Babakan,Margarine Blue Band,2026-10-17,8500.0
Pasar Babakan,Margarine Blue Band,2026-10-18,8500.0
Pasar Babakan,Margarine Blue Band,2026-10-19,8500.0
Pasar Babakan,Margarine Blue Band,2026-10-20,8500.0
Pasar Babakan,Margarine Blue Band,2026-10-21,8500.0
Pasar Babakan,Margarine Blue Band,2026-10-22,8500.0
Pasar Babakan,Mie Instan Sedaap Soto,2026-10-09,37000.0
Pasar Babakan,Mie Instan Sedaap Soto,2026-10-10,37000.0
Pasar Babakan,Mie Instan Sedaap Soto,2026-10-11,37000.0
Pasar Babakan,Mie Instan Sedaap Soto,2026-10-12,37000.0
Pasar Babakan,Mie Instan Sedaap Soto,2026-10-13,37000.0
Pasar Babakan,Mie Instan Sedaap Soto,2026-10-14,37000.0
Pasar Babakan,Mie Instan Sedaap Soto,2026-10-15,37000.0
Pasar Babakan,Mie Instan Sedaap Soto,2026-10-16,37000.0
Pasar Babakan,Mie Instan Sedaap Soto,2026-10-17,37000.0
Pasar Babakan,Mie Instan Sedaap Soto,2026-10-18,37000.0
Pasar Babakan,Mie Instan Sedaap Soto,2026-10-19,37000.0
Pasar Babakan,Mie Instan Sedaap Soto,2026-10-20,37000.0
Pasar Babakan,Mie Instan Sedaap Soto,2026-10-21,37000.0
Pasar Babakan,Mie Instan Sedaap Soto,2026-10-22,37000.0
Pasar Babakan,Minyak Goreng Bimoli,2026-10-09,21000.0
Pasar Babakan,Minyak Goreng Bimoli,2026-10-10,21000.0
Pasar Babakan,Minyak Goreng Bimoli,2026-10-11,21000.0
Pasar Babakan,Minyak Goreng Bimoli,2026-10-12,21000.0
Pasar Babakan,Minyak Goreng Bimoli,2026-10-13,21000.0
Pasar Babakan,Minyak Goreng Bimoli,2026-10-14,21000.0
Pasar Babakan,Minyak Goreng Bimoli,2026-10-15,21000.0
Pasar Babakan,Minyak Goreng Bimoli,2026-10-16,21000.0
Pasar Babakan,Minyak Goreng Bimoli,2026-10-17,21000.0
Pasar Babakan,Minyak Goreng Bimoli,2026-10-18,21000.0
Pasar Babakan,Minyak Goreng Bimoli,2026-10-19,21000.0
Pasar Babakan,Minyak Goreng Bimoli,2026-10-20,21000.0
Pasar Babakan,Minyak Goreng Bimoli,2026-10-21,21000.0
Pasar Babakan,Minyak Goreng Bimoli,2026-10-22,21000.0
Pasar Babakan,Minyak Goreng Curah,2026-10-09,20500.0
Pasar Babakan,Minyak Goreng Curah,2026-10-10,20500.0
Pasar Babakan,Minyak Goreng Curah,2026-10-11,20500.0
Pasar Babakan,Minyak Goreng Curah,2026-10-12,20500.0
Pasar Babakan,Minyak Goreng Curah,2026-10-13,20500.0
Pasar Babakan,Minyak Goreng Curah,2026-10-14,20500.0
Pasar Babakan,Minyak Goreng Curah,2026-10-15,20500.0
Pasar Babakan,Minyak Goreng Curah,2026-10-16,20500.0
Pasar Babakan,Minyak Goreng Curah,2026-10-17,20500.0
Pasar Babakan,Minyak Goreng Curah,2026-10-18,20500.0
Pasar Babakan,Minyak Goreng Curah,2026-10-19,20500.0
Pasar Babakan,Minyak Goreng Curah,2026-10-20,20500.0
Pasar Babakan,Minyak Goreng Curah,2026-10-21,20500.0
Pasar Babakan,Minyak Goreng Curah,2026-10-22,20500.0
Pasar Babakan,Minyak Goreng Kemasan Sederhana,2026-10-09,16000.0
Pasar Babakan,Minyak Goreng Kemasan Sederhana,2026-10-10,16000.0
Pasar Babakan,Minyak Goreng Kemasan Sederhana,2026-10-11,16000.0
Pasar Babakan,Minyak Goreng Kemasan Sederhana,2026-10-12,16000.0
Pasar Babakan,Minyak Goreng Kemasan Sederhana,2026-10-13,16000.0
Pasar Babakan,Minyak Goreng Kemasan Sederhana,2026-10-14,16000.0
Pasar Babakan,Minyak Goreng Kemasan Sederhana,2026-10-15,16000.0
Pasar Babakan,Minyak Goreng Kemasan Sederhana,2026-10-16,16000.0
Pasar Babakan,Minyak Goreng Kemasan Sederhana,2026-10-17,16000.0
Pasar Babakan,Minyak Goreng Kemasan Sederhana,2026-10-18,16000.0
Pasar Babakan,Minyak Goreng Kemasan Sederhana,2026-10-19,16000.0
Pasar Babakan,Minyak Goreng Kemasan Sederhana,2026-10-20,16000.0
Pasar Babakan,Minyak Goreng Kemasan Sederhana,2026-10-21,16000.0
Pasar Babakan,Minyak Goreng Kemasan Sederhana,2026-10-22,16000.0
Pasar Babakan,Minyak Goreng Tropical,2026-10-09,22000.0
Pasar Babakan,Minyak Goreng Tropical,2026-10-10,21500.0
Pasar Babakan,Minyak Goreng Tropical,2026-10-11,21500.0
Pasar Babakan,Minyak Goreng Tropical,2026-10-12,21500.0
Pasar Babakan,Minyak Goreng Tropical,2026-10-13,22000.0
Pasar Babakan,Minyak Goreng Tropical,2026-10-14,21500.0
Pasar Babakan,Minyak Goreng Tropical,2026-10-15,21500.0
Pasar Babakan,Minyak Goreng Tropical,2026-10-16,21500.0
Pasar Babakan,Minyak Goreng Tropical,2026-10-17,22000.0
Pasar Babakan,Minyak Goreng Tropical,2026-10-18,22000.0
Pasar Babakan,Minyak Goreng Tropical,2026-10-19,21500.0
Pasar Babakan,Minyak Goreng Tropical,2026-10-20,21500.0
Pasar Babakan,Minyak Goreng Tropical,2026-10-21,21500.0
Pasar Babakan,Minyak Goreng Tropical,2026-10-22,21500.0
Pasar Babakan,Sawi Hijau,2026-10-09,8000.0
Pasar Babakan,Sawi Hijau,2026-10-10,8000.0
Pasar Babakan,Sawi Hijau,2026-10-11,8000.0
Pasar Babakan,Sawi Hijau,2026-10-12,8000.0
Pasar Babakan,Sawi Hijau,2026-10-13,7500.0
Pasar Babakan,Sawi Hijau,2026-10-14,7500.0
Pasar Babakan,Sawi Hijau,2026-10-15,7500.0
Pasar Babakan,Sawi Hijau,2026-10-16,7500.0
Pasar Babakan,Sawi Hijau,2026-10-17,8000.0
Pasar Babakan,Sawi Hijau,2026-10-18,8500.0
Pasar Babakan,Sawi Hijau,2026-10-19,8500.0
Pasar Babakan,Sawi Hijau,2026-10-20,9000.0
Pasar Babakan,Sawi Hijau,2026-10-21,9000.0
Pasar Babakan,Sawi Hijau,2026-10-22,9000.0
Pasar Babakan,Susu Bubuk Putih Indomilk,2026-10-09,4500.0
Pasar Babakan,Susu Bubuk Putih Indomilk,2026-10-10,4500.0
Pasar Babakan,Susu Bubuk Putih Indomilk,2026-10-11,4500.0
Pasar Babakan,Susu Bubuk Putih Indomilk,2026-10-12,4500.0
Pasar Babakan,Susu Bubuk Putih Indomilk,2026-10-13,4500.0
Pasar Babakan,Susu Bubuk Putih Indomilk,2026-10-14,4500.0
Pasar Babakan,Susu Bubuk Putih Indomilk,2026-10-15,4500.0
Pasar Babakan,Susu Bubuk Putih Indomilk,2026-10-16,4500.0
Pasar Babakan,Susu Bubuk Putih Indomilk,2026-10-17,4500.0
Pasar Babakan,Susu Bubuk Putih Indomilk,2026-10-18,4500.0
Pasar Babakan,Susu Bubuk Putih Indomilk,2026-10-19,4500.0
Pasar Babakan,Susu Bubuk Putih Indomilk,2026-10-20,4500.0
Pasar Babakan,Susu Bubuk Putih Indomilk,2026-10-21,4500.0
Pasar Babakan,Susu Bubuk Putih Indomilk,2026-10-22,4500.0
Pasar Babakan,Sawi Petsay,2026-10-09,8500.0
Pasar Babakan,Sawi Petsay,2026-10-10,10500.0
Pasar Babakan,Sawi Petsay,2026-10-11,11000.0
Pasar Babakan,Sawi Petsay,2026-10-12,11500.0
Pasar Babakan,Sawi Petsay,2026-10-13,11500.0
Pasar Babakan,Sawi Petsay,2026-10-14,11000.0
Pasar Babakan,Sawi Petsay,2026-10-15,11000.0
Pasar Babakan,Sawi Petsay,2026-10-16,10500.0
Pasar Babakan,Sawi Petsay,2026-10-17,11000.0
Pasar Babakan,Sawi Petsay,2026-10-18,11000.0
Pasar Babakan,Sawi Petsay,2026-10-19,11500.0
Pasar Babakan,Sawi Petsay,2026-10-20,11000.0
Pasar Babakan,Sawi Petsay,2026-10-21,11500.0
Pasar Babakan,Sawi Petsay,2026-10-22,11000.0
Pasar Babakan,Singkong,2026-10-09,5000.0
Pasar Babakan,Singkong,2026-10-10,5000.0
Pasar Babakan,Singkong,2026-10-11,5000.0
Pasar Babakan,Singkong,2026-10-12,5000.0
Pasar Babakan,Singkong,2026-10-13,5000.0
Pasar Babakan,Singkong,2026-10-14,5000.0
Pasar Babakan,Singkong,2026-10-15,5000.0
Pasar Babakan,Singkong,2026-10-16,5000.0
Pasar Babakan,Singkong,2026-10-17,5000.0
Pasar Babakan,Singkong,2026-10-18,5000.0
Pasar Babakan,Singkong,2026-10-19,5000.0
Pasar Babakan,Singkong,2026-10-20,5000.0
Pasar Babakan,Singkong,2026-10-21,5000.0
Pasar Babakan,Singkong,2026-10-22,5000.0
Pasar Babakan,Segitiga Biru,2026-10-09,12000.0
Pasar Babakan,Segitiga Biru,2026-10-10,12000.0
Pasar Babakan,Segitiga Biru,2026-10-11,12000.0
Pasar Babakan,Segitiga Biru,2026-10-12,12000.0
Pasar Babakan,Segitiga Biru,2026-10-13,12000.0
Pasar Babakan,Segitiga Biru,2026-10-14,12000.0
Pasar Babakan,Segitiga Biru,2026-10-15,12000.0
Pasar Babakan,Segitiga Biru,2026-10-16,12000.0
Pasar Babakan,Segitiga Biru,2026-10-17,12000.0
Pasar Babakan,Segitiga Biru,2026-10-18,12000.0
Pasar Babakan,Segitiga Biru,2026-10-19,12000.0
Pasar Babakan,Segitiga Biru,2026-10-20,12000.0
Pasar Babakan,Segitiga Biru,2026-10-21,12000.0
Pasar Babakan,Segitiga Biru,2026-10-22,12000.0
Pasar Babakan,Telur Ayam Broiler,2026-10-09,27000.0
Pasar Babakan,Telur Ayam Broiler,2026-10-10,27000.0
Pasar Babakan,Telur Ayam Broiler,2026-10-11,27000.0
Pasar Babakan,Telur Ayam Broiler,2026-10-12,27000.0
Pasar Babakan,Telur Ayam Broiler,2026-10-13,27000.0
Pasar Babakan,Telur Ayam Broiler,2026-10-14,27000.0
Pasar Babakan,Telur Ayam Broiler,2026-10-15,27000.0
Pasar Babakan,Telur Ayam Broiler,2026-10-16,27000.0
Pasar Babakan,Telur Ayam Broiler,2026-10-17,27000.0
Pasar Babakan,Telur Ayam Broiler,2026-10-18,27000.0
Pasar Babakan,Telur Ayam Broiler,2026-10-19,27000.0
Pasar Babakan,Telur Ayam Broiler,2026-10-20,26500.0
Pasar Babakan,Telur Ayam Broiler,2026-10-21,26500.0
Pasar Babakan,Telur Ayam Broiler,2026-10-22,27000.0
Pasar Babakan,Susu Kental Manis Bendera Cokelat,2026-10-09,12500.0
Pasar Babakan,Susu Kental Manis Bendera Cokelat,2026-10-10,12500.0
Pasar Babakan,Susu Kental Manis Bendera Cokelat,2026-10-11,12500.0
Pasar Babakan,Susu Kental Manis Bendera Cokelat,2026-10-12,12500.0
Pasar Babakan,Susu Kental Manis Bendera Cokelat,2026-10-13,12500.0
Pasar Babakan,Susu Kental Manis Bendera Cokelat,2026-10-14,12500.0
Pasar Babakan,Susu Kental Manis Bendera Cokelat,2026-10-15,12500.0
Pasar Babakan,Susu Kental Manis Bendera Cokelat,2026-10-16,12500.0
Pasar Babakan,Susu Kental Manis Bendera Cokelat,2026-10-17,12500.0
Pasar Babakan,Susu Kental Manis Bendera Cokelat,2026-10-18,12500.0
Pasar Babakan,Susu Kental Manis Bendera Cokelat,2026-10-19,12500.0
Pasar Babakan,Susu Kental Manis Bendera Cokelat,2026-10-20,12500.0
Pasar Babakan,Susu Kental Manis Bendera Cokelat,2026-10-21,12500.0
Pasar Babakan,Susu Kental Manis Bendera Cokelat,2026-10-22,12500.0
Pasar Babakan,Tepung Terigu Cakra Kembar,2026-10-09,11000.0
Pasar Babakan,Tepung Terigu Cakra Kembar,2026-10-10,11000.0
Pasar Babakan,Tepung Terigu Cakra Kembar,2026-10-11,11000.0
Pasar Babakan,Tepung Terigu Cakra Kembar,2026-10-12,11000.0
Pasar Babakan,Tepung Terigu Cakra Kembar,2026-10-13,11000.0
Pasar Babakan,Tepung Terigu Cakra Kembar,2026-10-14,11000.0
Pasar Babakan,Tepung Terigu Cakra Kembar,2026-10-15,11000.0
Pasar Babakan,Tepung Terigu Cakra Kembar,2026-10-16,11000.0
Pasar Babakan,Tepung Terigu Cakra Kembar,2026-10-17,11000.0
Pasar Babakan,Tepung Terigu Cakra Kembar,2026-10-18,11000.0
Pasar Babakan,Tepung Terigu Cakra Kembar,2026-10-19,11000.0
Pasar Babakan,Tepung Terigu Cakra Kembar,2026-10-20,11000.0
Pasar Babakan,Tepung Terigu Cakra Kembar,2026-10-21,11000.0
Pasar Babakan,Tepung Terigu Cakra Kembar,2026-10-22,11000.0
Pasar Babakan,Susu Kental Manis Indomilk,2026-10-09,12500.0
Pasar Babakan,Susu Kental Manis Indomilk,2026-10-10,12500.0
Pasar Babakan,Susu Kental Manis Indomilk,2026-10-11,12500.0
Pasar Babakan,Susu Kental Manis Indomilk,2026-10-12,12500.0
Pasar Babakan,Susu Kental Manis Indomilk,2026-10-13,12500.0
Pasar Babakan,Susu Kental Manis Indomilk,2026-10-14,12500.0
Pasar Babakan,Susu Kental Manis Indomilk,2026-10-15,12500.0
Pasar Babakan,Susu Kental Manis Indomilk,2026-10-16,12500.0
Pasar Babakan,Susu Kental Manis Indomilk,2026-10-17,12500.0
Pasar Babakan,Susu Kental Manis Indomilk,2026-10-18,12500.0
Pasar Babakan,Susu Kental Manis Indomilk,2026-10-19,12500.0
Pasar Babakan,Susu Kental Manis Indomilk,2026-10-20,12500.0
Pasar Babakan,Susu Kental Manis Indomilk,2026-10-21,12500.0
Pasar Babakan,Susu Kental Manis Indomilk,2026-10-22,12500.0
Pasar Babakan,Susu Kental Manis Bendera Putih,2026-10-09,12500.0
Pasar Babakan,Susu Kental Manis Bendera Putih,2026-10-10,12500.0
Pasar Babakan,Susu Kental Manis Bendera Putih,2026-10-11,12500.0
Pasar Babakan,Susu Kental Manis Bendera Putih,2026-10-12,12500.0
Pasar Babakan,Susu Kental Manis Bendera Putih,2026-10-13,12500.0
Pasar Babakan,Susu Kental Manis Bendera Putih,2026-10-14,12500.0
Pasar Babakan,Susu Kental Manis Bendera Putih,2026-10-15,12500.0
Pasar Babakan,Susu Kental Manis Bendera Putih,2026-10-16,12500.0
Pasar Babakan,Susu Kental Manis Bendera Putih,2026-10-17,12500.0
Pasar Babakan,Susu Kental Manis Bendera Putih,2026-10-18,12500.0
Pasar Babakan,Susu Kental Manis Bendera Putih,2026-10-19,12500.0
Pasar Babakan,Susu Kental Manis Bendera Putih,2026-10-20,12500.0
Pasar Babakan,Susu Kental Manis Bendera Putih,2026-10-21,12000.0
Pasar Babakan,Susu Kental Manis Bendera Putih,2026-10-22,12500.0
Pasar Babakan,Telur Ayam Kampung,2026-10-09,29000.0
Pasar Babakan,Telur Ayam Kampung,2026-10-10,29000.0
Pasar Babakan,Telur Ayam Kampung,2026-10-11,29000.0
Pasar Babakan,Telur Ayam Kampung,2026-10-12,29000.0
Pasar Babakan,Telur Ayam Kampung,2026-10-13,29000.0
Pasar Babakan,Telur Ayam Kampung,2026-10-14,29000.0
Pasar Babakan,Telur Ayam Kampung,2026-10-15,29000.0
Pasar Babakan,Telur Ayam Kampung,2026-10-16,29000.0
Pasar Babakan,Telur Ayam Kampung,2026-10-17,29000.0
Pasar Babakan,Telur Ayam Kampung,2026-10-18,29000.0
Pasar Babakan,Telur Ayam Kampung,2026-10-19,29000.0
Pasar Babakan,Telur Ayam Kampung,2026-10-20,29000.0
Pasar Babakan,Telur Ayam Kampung,2026-10-21,29000.0
Pasar Babakan,Telur Ayam Kampung,2026-10-22,29000.0
Pasar Babakan,Telur Bebek Asin,2026-10-09,35000.0
Pasar Babakan,Telur Bebek Asin,2026-10-10,35000.0
Pasar Babakan,Telur Bebek Asin,2026-10-11,35000.0
Pasar Babakan,Telur Bebek Asin,2026-10-12,35000.0
Pasar Babakan,Telur Bebek Asin,2026-10-13,35000.0
Pasar Babakan,Telur Bebek Asin,2026-10-14,35000.0
Pasar Babakan,Telur Bebek Asin,2026-10-15,35000.0
Pasar Babakan,Telur Bebek Asin,2026-10-16,35000.0
Pasar Babakan,Telur Bebek Asin,2026-10-17,35000.0
Pasar Babakan,Telur Bebek Asin,2026-10-18,35000.0
Pasar Babakan,Telur Bebek Asin,2026-10-19,35000.0
Pasar Babakan,Telur Bebek Asin,2026-10-20,35000.0
Pasar Babakan,Telur Bebek Asin,2026-10-21,35000.0
Pasar Babakan,Telur Bebek Asin,2026-10-22,35000.0
Pasar Babakan,Telur Bebek Mentah,2026-10-09,25000.0
Pasar Babakan,Telur Bebek Mentah,2026-10-10,25000.0
Pasar Babakan,Telur Bebek Mentah,2026-10-11,25000.0
Pasar Babakan,Telur Bebek Mentah,2026-10-12,25000.0
Pasar Babakan,Telur Bebek Mentah,2026-10-13,25000.0
Pasar Babakan,Telur Bebek Mentah,2026-10-14,25000.0
Pasar Babakan,Telur Bebek Mentah,2026-10-15,25000.0
Pasar Babakan,Telur Bebek Mentah,2026-10-16,25000.0
Pasar Babakan,Telur Bebek Mentah,2026-10-17,25000.0
Pasar Babakan,Telur Bebek Mentah,2026-10-18,25000.0
Pasar Babakan,Telur Bebek Mentah,2026-10-19,25000.0
Pasar Babakan,Telur Bebek Mentah,2026-10-20,25000.0
Pasar Babakan,Telur Bebek Mentah,2026-10-21,25000.0
Pasar Babakan,Telur Bebek Mentah,2026-10-22,25000.0
Pasar Babakan,Tepung Terigu Segitiga Biru,2026-10-09,80000.0
Pasar Babakan,Tepung Terigu Segitiga Biru,2026-10-10,80000.0
Pasar Babakan,Tepung Terigu Segitiga Biru,2026-10-11,80000.0
Pasar Babakan,Tepung Terigu Segitiga Biru,2026-10-12,80000.0
Pasar Babakan,Tepung Terigu Segitiga Biru,2026-10-13,80000.0
Pasar Babakan,Tepung Terigu Segitiga Biru,2026-10-14,80000.0
Pasar Babakan,Tepung Terigu Segitiga Biru,2026-10-15,80000.0
Pasar Babakan,Tepung Terigu Segitiga Biru,2026-10-16,80000.0
Pasar Babakan,Tepung Terigu Segitiga Biru,2026-10-17,80000.0
Pasar Babakan,Tepung Terigu Segitiga Biru,2026-10-18,80000.0
Pasar Babakan,Tepung Terigu Segitiga Biru,2026-10-19,80000.0
Pasar Babakan,Tepung Terigu Segitiga Biru,2026-10-20,80000.0
Pasar Babakan,Tepung Terigu Segitiga Biru,2026-10-21,80000.0
Pasar Babakan,Tepung Terigu Segitiga Biru,2026-10-22,80000.0
Pasar Babakan,Teri Medan Basah,2026-10-09,75000.0
Pasar Babakan,Teri Medan Basah,2026-10-10,75000.0
Pasar Babakan,Teri Medan Basah,2026-10-11,75000.0
Pasar Babakan,Teri Medan Basah,2026-10-12,75000.0
Pasar Babakan,Teri Medan Basah,2026-10-13,75000.0
Pasar Babakan,Teri Medan Basah,2026-10-14,75000.0
Pasar Babakan,Teri Medan Basah,2026-10-15,75000.0
Pasar Babakan,Teri Medan Basah,2026-10-16,75000.0
Pasar Babakan,Teri Medan Basah,2026-10-17,75000.0
Pasar Babakan,Teri Medan Basah,2026-10-18,75000.0
Pasar Babakan,Teri Medan Basah,2026-10-19,75000.0
Pasar Babakan,Teri Medan Basah,2026-10-20,75000.0
Pasar Babakan,Teri Medan Basah,2026-10-21,75000.0
Pasar Babakan,Teri Medan Basah,2026-10-22,75000.0
Pasar Babakan,Tepung Terigu Kunci Biru,2026-10-09,13000.0
Pasar Babakan,Tepung Terigu Kunci Biru,2026-10-10,13000.0
Pasar Babakan,Tepung Terigu Kunci Biru,2026-10-11,13000.0
Pasar Babakan,Tepung Terigu Kunci Biru,2026-10-12,13000.0
Pasar Babakan,Tepung Terigu Kunci Biru,2026-10-13,13000.0
Pasar Babakan,Tepung Terigu Kunci Biru,2026-10-14,13000.0
Pasar Babakan,Tepung Terigu Kunci Biru,2026-10-15,13000.0
Pasar Babakan,Tepung Terigu Kunci Biru,2026-10-16,13000.0
Pasar Babakan,Tepung Terigu Kunci Biru,2026-10-17,13000.0
Pasar Babakan,Tepung Terigu Kunci Biru,2026-10-18,13000.0
Pasar Babakan,Tepung Terigu Kunci Biru,2026-10-19,13000.0
Pasar Babakan,Tepung Terigu Kunci Biru,2026-10-20,13000.0
Pasar Babakan,Tepung Terigu Kunci Biru,2026-10-21,13000.0
Pasar Babakan,Tepung Terigu Kunci Biru,2026-10-22,13000.0
Pasar Babakan,Tepung Terigu Segi Tiga Biru,2026-10-09,12000.0
Pasar Babakan,Tepung Terigu Segi Tiga Biru,2026-10-10,12000.0
Pasar Babakan,Tepung Terigu Segi Tiga Biru,2026-10-11,12000.0
Pasar Babakan,Tepung Terigu Segi Tiga Biru,2026-10-12,12000.0
Pasar Babakan,Tepung Terigu Segi Tiga Biru,2026-10-13,12000.0
Pasar Babakan,Tepung Terigu Segi Tiga Biru,2026-10-14,12000.0
Pasar Babakan,Tepung Terigu Segi Tiga Biru,2026-10-15,12000.0
Pasar Babakan,Tepung Terigu Segi Tiga Biru,2026-10-16,12000.0
Pasar Babakan,Tepung Terigu Segi Tiga Biru,2026-10-17,12000.0
Pasar Babakan,Tepung Terigu Segi Tiga Biru,2026-10-18,12000.0
Pasar Babakan,Tepung Terigu Segi Tiga Biru,2026-10-19,12000.0
Pasar Babakan,Tepung Terigu Segi Tiga Biru,2026-10-20,12000.0
Pasar Babakan,Tepung Terigu Segi Tiga Biru,2026-10-21,12000.0
Pasar Babakan,Tepung Terigu Segi Tiga Biru,2026-10-22,12000.0
Pasar Babakan,Teri Medan Kering,2026-10-09,79500.0
Pasar Babakan,Teri Medan Kering,2026-10-10,79500.0
Pasar Babakan,Teri Medan Kering,2026-10-11,79500.0
Pasar Babakan,Teri Medan Kering,2026-10-12,79000.0
Pasar Babakan,Teri Medan Kering,2026-10-13,79000.0
Pasar Babakan,Teri Medan Kering,2026-10-14,79000.0
Pasar Babakan,Teri Medan Kering,2026-10-15,79000.0
Pasar Babakan,Teri Medan Kering,2026-10-16,79000.0
Pasar Babakan,Teri Medan Kering,2026-10-17,79000.0
Pasar Babakan,Teri Medan Kering,2026-10-18,79000.0
Pasar Babakan,Teri Medan Kering,2026-10-19,79000.0
Pasar Babakan,Teri Medan Kering,2026-10-20,79000.0
Pasar Babakan,Teri Medan Kering,2026-10-21,79000.0
Pasar Babakan,Teri Medan Kering,2026-10-22,79000.0
Pasar Babakan,Tomat Buah,2026-10-09,21500.0
Pasar Babakan,Tomat Buah,2026-10-10,21500.0
Pasar Babakan,Tomat Buah,2026-10-11,21500.0
Pasar Babakan,Tomat Buah,2026-10-12,21500.0
Pasar Babakan,Tomat Buah,2026-10-13,21000.0
Pasar Babakan,Tomat Buah,2026-10-14,21000.0
Pasar Babakan,Tomat Buah,2026-10-15,21500.0
Pasar Babakan,Tomat Buah,2026-10-16,21500.0
Pasar Babakan,Tomat Buah,2026-10-17,21500.0
Pasar Babakan,Tomat Buah,2026-10-18,21500.0
Pasar Babakan,Tomat Buah,2026-10-19,21000.0
Pasar Babakan,Tomat Buah,2026-10-20,20500.0
Pasar Babakan,Tomat Buah,2026-10-21,20500.0
Pasar Babakan,Tomat Buah,2026-10-22,21500.0
Pasar Babakan,Tomat Sayur,2026-10-09,7500.0
Pasar Babakan,Tomat Sayur,2026-10-10,7000.0
Pasar Babakan,Tomat Sayur,2026-10-11,7000.0
Pasar Babakan,Tomat Sayur,2026-10-12,7000.0
Pasar Babakan,Tomat Sayur,2026-10-13,7000.0
Pasar Babakan,Tomat Sayur,2026-10-14,7000.0
Pasar Babakan,Tomat Sayur,2026-10-15,7500.0
Pasar Babakan,Tomat Sayur,2026-10-16,7000.0
Pasar Babakan,Tomat Sayur,2026-10-17,7000.0
Pasar Babakan,Tomat Sayur,2026-10-18,7000.0
Pasar Babakan,Tomat Sayur,2026-10-19,7000.0
Pasar Babakan,Tomat Sayur,2026-10-20,7500.0
Pasar Babakan,Tomat Sayur,2026-10-21,7500.0
Pasar Babakan,Tomat Sayur,2026-10-22,8000.0
Pasar Babakan,Ubi Jalar,2026-10-09,8000.0
Pasar Babakan,Ubi Jalar,2026-10-10,8000.0
Pasar Babakan,Ubi Jalar,2026-10-11,8000.0
Pasar Babakan,Ubi Jalar,2026-10-12,8000.0
Pasar Babakan,Ubi Jalar,2026-10-13,8000.0
Pasar Babakan,Ubi Jalar,2026-10-14,8000.0
Pasar Babakan,Ubi Jalar,2026-10-15,8000.0
Pasar Babakan,Ubi Jalar,2026-10-16,8000.0
Pasar Babakan,Ubi Jalar,2026-10-17,8000.0
Pasar Babakan,Ubi Jalar,2026-10-18,8000.0
Pasar Babakan,Ubi Jalar,2026-10-19,8000.0
Pasar Babakan,Ubi Jalar,2026-10-20,8500.0
Pasar Babakan,Ubi Jalar,2026-10-21,8000.0
Pasar Babakan,Ubi Jalar,2026-10-22,8000.0
Pasar Ciledug,Beras Bulog Premium,2026-10-09,
Pasar Ciledug,Beras Bulog Premium,2026-10-10,
Pasar Ciledug,Beras Bulog Premium,2026-10-11,
Pasar Ciledug,Beras Bulog Premium,2026-10-12,
Pasar Ciledug,Beras Bulog Premium,2026-10-13,
Pasar Ciledug,Beras Bulog Premium,2026-10-14,
Pasar Ciledug,Beras Bulog Premium,2026-10-15,
Pasar Ciledug,Beras Bulog Premium,2026-10-16,
Pasar Ciledug,Beras Bulog Premium,2026-10-17,
Pasar Ciledug,Beras Bulog Premium,2026-10-18,
Pasar Ciledug,Beras Bulog Premium,2026-10-19,
Pasar Ciledug,Beras Bulog Premium,2026-10-20,
Pasar Ciledug,Beras Bulog Premium,2026-10-21,
Pasar Ciledug,Beras Bulog Premium,2026-10-22,
Pasar Babakan,Wortel,2026-10-09,15000.0
Pasar Babakan,Wortel,2026-10-10,15000.0
Pasar Babakan,Wortel,2026-10-11,15000.0
Pasar Babakan,Wortel,2026-10-12,15000.0
Pasar Babakan,Wortel,2026-10-13,15000.0
Pasar Babakan,Wortel,2026-10-14,15000.0
Pasar Babakan,Wortel,2026-10-15,15000.0
Pasar Babakan,Wortel,2026-10-16,15000.0
Pasar Babakan,Wortel,2026-10-17,15000.0
Pasar Babakan,Wortel,2026-10-18,14500.0
Pasar Babakan,Wortel,2026-10-19,13000.0
Pasar Babakan,Wortel,2026-10-20,14000.0
Pasar Babakan,Wortel,2026-10-21,14000.0
Pasar Babakan,Wortel,2026-10-22,14000.0
Pasar Babakan,Udang,2026-10-09,79000.0
Pasar Babakan,Udang,2026-10-10,79000.0
Pasar Babakan,Udang,2026-10-11,78500.0
Pasar Babakan,Udang,2026-10-12,79000.0
Pasar Babakan,Udang,2026-10-13,78500.0
Pasar Babakan,Udang,2026-10-14,78500.0
Pasar Babakan,Udang,2026-10-15,79000.0
Pasar Babakan,Udang,2026-10-16,78500.0
Pasar Babakan,Udang,2026-10-17,78000.0
Pasar Babakan,Udang,2026-10-18,76500.0
Pasar Babakan,Udang,2026-10-19,79000.0
Pasar Babakan,Udang,2026-10-20,78500.0
Pasar Babakan,Udang,2026-10-21,78500.0
Pasar Babakan,Udang,2026-10-22,79000.0
Pasar Ciledug,Bawang Bombay,2026-10-09,34500.0
Pasar Ciledug,Bawang Bombay,2026-10-10,34000.0
Pasar Ciledug,Bawang Bombay,2026-10-11,34000.0
Pasar Ciledug,Bawang Bombay,2026-10-12,34000.0
Pasar Ciledug,Bawang Bombay,2026-10-13,34000.0
Pasar Ciledug,Bawang Bombay,2026-10-14,33500.0
Pasar Ciledug,Bawang Bombay,2026-10-15,34000.0
Pasar Ciledug,Bawang Bombay,2026-10-16,34000.0
Pasar Ciledug,Bawang Bombay,2026-10-17,34000.0
Pasar Ciledug,Bawang Bombay,2026-10-18,34000.0
Pasar Ciledug,Bawang Bombay,2026-10-19,34500.0
Pasar Ciledug,Bawang Bombay,2026-10-20,34500.0
Pasar Ciledug,Bawang Bombay,2026-10-21,35000.0
Pasar Ciledug,Bawang Bombay,2026-10-22,35000.0
Pasar Ciledug,Bawang Merah,2026-10-09,30000.0
Pasar Ciledug,Bawang Merah,2026-10-10,29500.0
Pasar Ciledug,Bawang Merah,2026-10-11,29500.0
Pasar Ciledug,Bawang Merah,2026-10-12,29500.0
Pasar Ciledug,Bawang Merah,2026-10-13,29500.0
Pasar Ciledug,Bawang Merah,2026-10-14,29000.0
Pasar Ciledug,Bawang Merah,2026-10-15,29000.0
Pasar Ciledug,Bawang Merah,2026-10-16,29000.0
Pasar Ciledug,Bawang Merah,2026-10-17,29000.0
Pasar Ciledug,Bawang Merah,2026-10-18,29000.0
Pasar Ciledug,Bawang Merah,2026-10-19,29000.0
Pasar Ciledug,Bawang Merah,2026-10-20,29000.0
Pasar Ciledug,Bawang Merah,2026-10-21,29000.0
Pasar Ciledug,Bawang Merah,2026-10-22,29000.0
Pasar Ciledug,Bawang Putih,2026-10-09,32500.0
Pasar Ciledug,Bawang Putih,2026-10-10,32500.0
Pasar Ciledug,Bawang Putih,2026-10-11,32500.0
Pasar Ciledug,Bawang Putih,2026-10-12,33000.0
Pasar Ciledug,Bawang Putih,2026-10-13,33000.0
Pasar Ciledug,Bawang Putih,2026-10-14,32500.0
Pasar Ciledug,Bawang Putih,2026-10-15,33000.0
Pasar Ciledug,Bawang Putih,2026-10-16,33000.0
Pasar Ciledug,Bawang Putih,2026-10-17,33000.0
Pasar Ciledug,Bawang Putih,2026-10-18,33000.0
Pasar Ciledug,Bawang Putih,2026-10-19,33000.0
Pasar Ciledug,Bawang Putih,2026-10-20,33500.0
Pasar Ciledug,Bawang Putih,2026-10-21,33500.0
Pasar Ciledug,Bawang Putih,2026-10-22,33500.0
Pasar Ciledug,Bawang putih Katingan,2026-10-09,39500.0
Pasar Ciledug,Bawang putih Katingan,2026-10-10,39500.0
Pasar Ciledug,Bawang putih Katingan,2026-10-11,39500.0
Pasar Ciledug,Bawang putih Katingan,2026-10-12,39500.0
Pasar Ciledug,Bawang putih Katingan,2026-10-13,39500.0
Pasar Ciledug,Bawang putih Katingan,2026-10-14,39500.0
Pasar Ciledug,Bawang putih Katingan,2026-10-15,39500.0
Pasar Ciledug,Bawang putih Katingan,2026-10-16,39000.0
Pasar Ciledug,Bawang putih Katingan,2026-10-17,39000.0
Pasar Ciledug,Bawang putih Katingan,2026-10-18,39000.0
Pasar Ciledug,Bawang putih Katingan,2026-10-19,39000.0
Pasar Ciledug,Bawang putih Katingan,2026-10-20,39000.0
Pasar Ciledug,Bawang putih Katingan,2026-10-21,39000.0
Pasar Ciledug,Bawang putih Katingan,2026-10-22,39000.0
Pasar Ciledug,Besi Beton 10 mm,2026-10-09,20000.0
Pasar Ciledug,Besi Beton 10 mm,2026-10-10,20000.0
Pasar Ciledug,Besi Beton 10 mm,2026-10-11,20000.0
Pasar Ciledug,Besi Beton 10 mm,2026-10-12,20000.0
Pasar Ciledug,Besi Beton 10 mm,2026-10-13,20000.0
Pasar Ciledug,Besi Beton 10 mm,2026-10-14,20000.0
Pasar Ciledug,Besi Beton 10 mm,2026-10-15,20000.0
Pasar Ciledug,Besi Beton 10 mm,2026-10-16,20000.0
Pasar Ciledug,Besi Beton 10 mm,2026-10-17,20000.0
Pasar Ciledug,Besi Beton 10 mm,2026-10-18,20000.0
Pasar Ciledug,Besi Beton 10 mm,2026-10-19,20000.0
Pasar Ciledug,Besi Beton 10 mm,2026-10-20,20000.0
Pasar Ciledug,Besi Beton 10 mm,2026-10-21,20000.0
Pasar Ciledug,Besi Beton 10 mm,2026-10-22,20000.0
Pasar Ciledug,Beras Bulog,2026-10-09,11000.0
Pasar Ciledug,Beras Bulog,2026-10-10,11000.0
Pasar Ciledug,Beras Bulog,2026-10-11,11000.0
Pasar Ciledug,Beras Bulog,2026-10-12,11000.0
Pasar Ciledug,Beras Bulog,2026-10-13,11000.0
Pasar Ciledug,Beras Bulog,2026-10-14,11000.0
Pasar Ciledug,Beras Bulog,2026-10-15,11000.0
Pasar Ciledug,Beras Bulog,2026-10-16,11000.0
Pasar Ciledug,Beras Bulog,2026-10-17,11000.0
Pasar Ciledug,Beras Bulog,2026-10-18,11000.0
Pasar Ciledug,Beras Bulog,2026-10-19,11000.0
Pasar Ciledug,Beras Bulog,2026-10-20,11000.0
Pasar Ciledug,Beras Bulog,2026-10-21,11000.0
Pasar Ciledug,Beras Bulog,2026-10-22,11000.0
Pasar Ciledug,Beras Medium,2026-10-09,14000.0
Pasar Ciledug,Beras Medium,2026-10-10,14000.0
Pasar Ciledug,Beras Medium,2026-10-11,14000.0
Pasar Ciledug,Beras Medium,2026-10-12,14000.0
Pasar Ciledug,Beras Medium,2026-10-13,14000.0
Pasar Ciledug,Beras Medium,2026-10-14,14000.0
Pasar Ciledug,Beras Medium,2026-10-15,14000.0
Pasar Ciledug,Beras Medium,2026-10-16,14000.0
Pasar Ciledug,Beras Medium,2026-10-17,14000.0
Pasar Ciledug,Beras Medium,2026-10-18,14000.0
Pasar Ciledug,Beras Medium,2026-10-19,14000.0
Pasar Ciledug,Beras Medium,2026-10-20,14000.0
Pasar Ciledug,Beras Medium,2026-10-21,14000.0
Pasar Ciledug,Beras Medium,2026-10-22,14000.0
Pasar Ciledug,Beras Premium I,2026-10-09,15000.0
Pasar Ciledug,Beras Premium I,2026-10-10,15000.0
Pasar Ciledug,Beras Premium I,2026-10-11,15000.0
Pasar Ciledug,Beras Premium I,2026-10-12,15000.0
Pasar Ciledug,Beras Premium I,2026-10-13,15000.0
Pasar Ciledug,Beras Premium I,2026-10-14,15000.0
Pasar Ciledug,Beras Premium I,2026-10-15,15000.0
Pasar Ciledug,Beras Premium I,2026-10-16,15000.0
Pasar Ciledug,Beras Premium I,2026-10-17,15000.0
Pasar Ciledug,Beras Premium I,2026-10-18,15000.0
Pasar Ciledug,Beras Premium I,2026-10-19,15000.0
Pasar Ciledug,Beras Premium I,2026-10-20,15000.0
Pasar Ciledug,Beras Premium I,2026-10-21,15000.0
Pasar Ciledug,Beras Premium I,2026-10-22,15000.0
Pasar Ciledug,Beras Premium II,2026-10-09,12500.0
Pasar Ciledug,Beras Premium II,2026-10-10,12500.0
Pasar Ciledug,Beras Premium II,2026-10-11,12500.0
Pasar Ciledug,Beras Premium II,2026-10-12,12500.0
Pasar Ciledug,Beras Premium II,2026-10-13,12500.0
Pasar Ciledug,Beras Premium II,2026-10-14,12500.0
Pasar Ciledug,Beras Premium II,2026-10-15,12500.0
Pasar Ciledug,Beras Premium II,2026-10-16,12500.0
Pasar Ciledug,Beras Premium II,2026-10-17,12500.0
Pasar Ciledug,Beras Premium II,2026-10-18,12500.0
Pasar Ciledug,Beras Premium II,2026-10-19,12500.0
Pasar Ciledug,Beras Premium II,2026-10-20,12500.0
Pasar Ciledug,Beras Premium II,2026-10-21,12500.0
Pasar Ciledug,Beras Premium II,2026-10-22,12500.0
Pasar Ciledug,Beras Premium Super,2026-10-09,16000.0
Pasar Ciledug,Beras Premium Super,2026-10-10,16000.0
Pasar Ciledug,Beras Premium Super,2026-10-11,16000.0
Pasar Ciledug,Beras Premium Super,2026-10-12,16000.0
Pasar Ciledug,Beras Premium Super,2026-10-13,16000.0
Pasar Ciledug,Beras Premium Super,2026-10-14,16000.0
Pasar Ciledug,Beras Premium Super,2026-10-15,16000.0
Pasar Ciledug,Beras Premium Super,2026-10-16,16000.0
Pasar Ciledug,Beras Premium Super,2026-10-17,16000.0
Pasar Ciledug,Beras Premium Super,2026-10-18,16000.0
Pasar Ciledug,Beras Premium Super,2026-10-19,16000.0
Pasar Ciledug,Beras Premium Super,2026-10-20,16000.0
Pasar Ciledug,Beras Premium Super,2026-10-21,16000.0
Pasar Ciledug,Beras Premium Super,2026-10-22,16000.0
Pasar Ciledug,Buncis,2026-10-09,19500.0
Pasar Ciledug,Buncis,2026-10-10,19500.0
Pasar Ciledug,Buncis,2026-10-11,19500.0
Pasar Ciledug,Buncis,2026-10-12,19500.0
Pasar Ciledug,Buncis,2026-10-13,20500.0
Pasar Ciledug,Buncis,2026-10-14,20000.0
Pasar Ciledug,Buncis,2026-10-15,21500.0
Pasar Ciledug,Buncis,2026-10-16,21500.0
Pasar Ciledug,Buncis,2026-10-17,21500.0
Pasar Ciledug,Buncis,2026-10-18,22000.0
Pasar Ciledug,Buncis,2026-10-19,21500.0
Pasar Ciledug,Buncis,2026-10-20,21000.0
Pasar Ciledug,Buncis,2026-10-21,21500.0
Pasar Ciledug,Buncis,2026-10-22,20500.0
Pasar Ciledug,Cabe Hijau,2026-10-09,18000.0
Pasar Ciledug,Cabe Hijau,2026-10-10,18500.0
Pasar Ciledug,Cabe Hijau,2026-10-11,18500.0
Pasar Ciledug,Cabe Hijau,2026-10-12,18500.0
Pasar Ciledug,Cabe Hijau,2026-10-13,19000.0
Pasar Ciledug,Cabe Hijau,2026-10-14,19500.0
Pasar Ciledug,Cabe Hijau,2026-10-15,19500.0
Pasar Ciledug,Cabe Hijau,2026-10-16,20000.0
Pasar Ciledug,Cabe Hijau,2026-10-17,19500.0
Pasar Ciledug,Cabe Hijau,2026-10-18,19500.0
Pasar Ciledug,Cabe Hijau,2026-10-19,20500.0
Pasar Ciledug,Cabe Hijau,2026-10-20,21000.0
Pasar Ciledug,Cabe Hijau,2026-10-21,22000.0
Pasar Ciledug,Cabe Hijau,2026-10-22,21500.0
Pasar Ciledug,Cabe Merah Biasa,2026-10-09,42000.0
Pasar Ciledug,Cabe Merah Biasa,2026-10-10,42500.0
Pasar Ciledug,Cabe Merah Biasa,2026-10-11,42000.0
Pasar Ciledug,Cabe Merah Biasa,2026-10-12,41000.0
Pasar Ciledug,Cabe Merah Biasa,2026-10-13,40500.0
Pasar Ciledug,Cabe Merah Biasa,2026-10-14,38000.0
Pasar Ciledug,Cabe Merah Biasa,2026-10-15,38500.0
Pasar Ciledug,Cabe Merah Biasa,2026-10-16,41500.0
Pasar Ciledug,Cabe Merah Biasa,2026-10-17,41000.0
Pasar Ciledug,Cabe Merah Biasa,2026-10-18,42000.0
Pasar Ciledug,Cabe Merah Biasa,2026-10-19,42000.0
Pasar Ciledug,Cabe Merah Biasa,2026-10-20,40500.0
Pasar Ciledug,Cabe Merah Biasa,2026-10-21,38500.0
Pasar Ciledug,Cabe Merah Biasa,2026-10-22,39500.0
Pasar Ciledug,Cabe Merah Keriting,2026-10-09,47000.0
Pasar Ciledug,Cabe Merah Keriting,2026-10-10,48000.0
Pasar Ciledug,Cabe Merah Keriting,2026-10-11,48000.0
Pasar Ciledug,Cabe Merah Keriting,2026-10-12,45500.0
Pasar Ciledug,Cabe Merah Keriting,2026-10-13,44000.0
Pasar Ciledug,Cabe Merah Keriting,2026-10-14,43500.0
Pasar Ciledug,Cabe Merah Keriting,2026-10-15,46000.0
Pasar Ciledug,Cabe Merah Keriting,2026-10-16,46000.0
Pasar Ciledug,Cabe Merah Keriting,2026-10-17,46000.0
Pasar Ciledug,Cabe Merah Keriting,2026-10-18,46000.0
Pasar Ciledug,Cabe Merah Keriting,2026-10-19,46000.0
Pasar Ciledug,Cabe Merah Keriting,2026-10-20,47000.0
Pasar Ciledug,Cabe Merah Keriting,2026-10-21,48000.0
Pasar Ciledug,Cabe Merah Keriting,2026-10-22,52000.0
Pasar Ciledug,Cabe Rawit Hijau,2026-10-09,43500.0
Pasar Ciledug,Cabe Rawit Hijau,2026-10-10,43500.0
Pasar Ciledug,Cabe Rawit Hijau,2026-10-11,44000.0
Pasar Ciledug,Cabe Rawit Hijau,2026-10-12,43000.0
Pasar Ciledug,Cabe Rawit Hijau,2026-10-13,43500.0
Pasar Ciledug,Cabe Rawit Hijau,2026-10-14,44000.0
Pasar Ciledug,Cabe Rawit Hijau,2026-10-15,44500.0
Pasar Ciledug,Cabe Rawit Hijau,2026-10-16,46000.0
Pasar Ciledug,Cabe Rawit Hijau,2026-10-17,46000.0
Pasar Ciledug,Cabe Rawit Hijau,2026-10-18,47000.0
Pasar Ciledug,Cabe Rawit Hijau,2026-10-19,48000.0
Pasar Ciledug,Cabe Rawit Hijau,2026-10-20,46500.0
Pasar Ciledug,Cabe Rawit Hijau,2026-10-21,46500.0
Pasar Ciledug,Cabe Rawit Hijau,2026-10-22,46500.0
Pasar Ciledug,Cabe Rawit Merah,2026-10-09,77500.0
Pasar Ciledug,Cabe Rawit Merah,2026-10-10,77000.0
Pasar Ciledug,Cabe Rawit Merah,2026-10-11,76500.0
Pasar Ciledug,Cabe Rawit Merah,2026-10-12,76000.0
Pasar Ciledug,Cabe Rawit Merah,2026-10-13,74000.0
Pasar Ciledug,Cabe Rawit Merah,2026-10-14,74000.0
Pasar Ciledug,Cabe Rawit Merah,2026-10-15,74500.0
Pasar Ciledug,Cabe Rawit Merah,2026-10-16,74000.0
Pasar Ciledug,Cabe Rawit Merah,2026-10-17,74000.0
Pasar Ciledug,Cabe Rawit Merah,2026-10-18,74500.0
Pasar Ciledug,Cabe Rawit Merah,2026-10-19,74000.0
Pasar Ciledug,Cabe Rawit Merah,2026-10-20,72000.0
Pasar Ciledug,Cabe Rawit Merah,2026-10-21,73000.0
Pasar Ciledug,Cabe Rawit Merah,2026-10-22,72000.0
Pasar Ciledug,Cakra Kembar,2026-10-09,12500.0
Pasar Ciledug,Cakra Kembar,2026-10-10,12500.0
Pasar Ciledug,Cakra Kembar,2026-10-11,12500.0
Pasar Ciledug,Cakra Kembar,2026-10-12,12500.0
Pasar Ciledug,Cakra Kembar,2026-10-13,12500.0
Pasar Ciledug,Cakra Kembar,2026-10-14,12500.0
Pasar Ciledug,Cakra Kembar,2026-10-15,12500.0
Pasar Ciledug,Cakra Kembar,2026-10-16,12500.0
Pasar Ciledug,Cakra Kembar,2026-10-17,12500.0
Pasar Ciledug,Cakra Kembar,2026-10-18,12500.0
Pasar Ciledug,Cakra Kembar,2026-10-19,12500.0
Pasar Ciledug,Cakra Kembar,2026-10-20,12500.0
Pasar Ciledug,Cakra Kembar,2026-10-21,12500.0
Pasar Ciledug,Cakra Kembar,2026-10-22,12500.0
Pasar Ciledug,Cumi Asin,2026-10-09,79500.0
Pasar Ciledug,Cumi Asin,2026-10-10,79500.0
Pasar Ciledug,Cumi Asin,2026-10-11,79500.0
Pasar Ciledug,Cumi Asin,2026-10-12,79500.0
Pasar Ciledug,Cumi Asin,2026-10-13,79000.0
Pasar Ciledug,Cumi Asin,2026-10-14,79500.0
Pasar Ciledug,Cumi Asin,2026-10-15,79500.0
Pasar Ciledug,Cumi Asin,2026-10-16,79000.0
Pasar Ciledug,Cumi Asin,2026-10-17,79000.0
Pasar Ciledug,Cumi Asin,2026-10-18,79500.0
Pasar Ciledug,Cumi Asin,2026-10-19,79500.0
Pasar Ciledug,Cumi Asin,2026-10-20,79000.0
Pasar Ciledug,Cumi Asin,2026-10-21,79000.0
Pasar Ciledug,Cumi Asin,2026-10-22,79500.0
Pasar Ciledug,Daging Ayam Kampung,2026-10-09,28500.0
Pasar Ciledug,Daging Ayam Kampung,2026-10-10,28500.0
Pasar Ciledug,Daging Ayam Kampung,2026-10-11,28500.0
Pasar Ciledug,Daging Ayam Kampung,2026-10-12,28500.0
Pasar Ciledug,Daging Ayam Kampung,2026-10-13,28500.0
Pasar Ciledug,Daging Ayam Kampung,2026-10-14,28500.0
Pasar Ciledug,Daging Ayam Kampung,2026-10-15,28500.0
Pasar Ciledug,Daging Ayam Kampung,2026-10-16,28500.0
Pasar Ciledug,Daging Ayam Kampung,2026-10-17,28500.0
Pasar Ciledug,Daging Ayam Kampung,2026-10-18,28500.0
Pasar Ciledug,Daging Ayam Kampung,2026-10-19,28500.0
Pasar Ciledug,Daging Ayam Kampung,2026-10-20,28500.0
Pasar Ciledug,Daging Ayam Kampung,2026-10-21,28500.0
Pasar Ciledug,Daging Ayam Kampung,2026-10-22,28500.0
Pasar Ciledug,Daging Ayam Broiler,2026-10-09,40000.0
Pasar Ciledug,Daging Ayam Broiler,2026-10-10,40000.0
Pasar Ciledug,Daging Ayam Broiler,2026-10-11,39000.0
Pasar Ciledug,Daging Ayam Broiler,2026-10-12,40500.0
Pasar Ciledug,Daging Ayam Broiler,2026-10-13,40500.0
Pasar Ciledug,Daging Ayam Broiler,2026-10-14,40500.0
Pasar Ciledug,Daging Ayam Broiler,2026-10-15,41000.0
Pasar Ciledug,Daging Ayam Broiler,2026-10-16,40500.0
Pasar Ciledug,Daging Ayam Broiler,2026-10-17,41000.0
Pasar Ciledug,Daging Ayam Broiler,2026-10-18,37500.0
Pasar Ciledug,Daging Ayam Broiler,2026-10-19,40000.0
Pasar Ciledug,Daging Ayam Broiler,2026-10-20,40000.0
Pasar Ciledug,Daging Ayam Broiler,2026-10-21,40000.0
Pasar Ciledug,Daging Ayam Broiler,2026-10-22,39500.0
Pasar Ciledug,Garam Beryodium Bata,2026-10-09,7000.0
Pasar Ciledug,Garam Beryodium Bata,2026-10-10,7000.0
Pasar Ciledug,Garam Beryodium Bata,2026-10-11,7000.0
Pasar Ciledug,Garam Beryodium Bata,2026-10-12,7000.0
Pasar Ciledug,Garam Beryodium Bata,2026-10-13,7000.0
Pasar Ciledug,Garam Beryodium Bata,2026-10-14,7000.0
Pasar Ciledug,Garam Beryodium Bata,2026-10-15,7000.0
Pasar Ciledug,Garam Beryodium Bata,2026-10-16,7000.0
Pasar Ciledug,Garam Beryodium Bata,2026-10-17,7000.0
Pasar Ciledug,Garam Beryodium Bata,2026-10-18,7000.0
Pasar Ciledug,Garam Beryodium Bata,2026-10-19,7000.0
Pasar Ciledug,Garam Beryodium Bata,2026-10-20,7000.0
Pasar Ciledug,Garam Beryodium Bata,2026-10-21,7000.0
Pasar Ciledug,Garam Beryodium Bata,2026-10-22,7000.0
Pasar Ciledug,Daging Kambing,2026-10-09,168500.0
Pasar Ciledug,Daging Kambing,2026-10-10,168500.0
Pasar Ciledug,Daging Kambing,2026-10-11,168500.0
Pasar Ciledug,Daging Kambing,2026-10-12,168500.0
Pasar Ciledug,Daging Kambing,2026-10-13,168500.0
Pasar Ciledug,Daging Kambing,2026-10-14,168500.0
Pasar Ciledug,Daging Kambing,2026-10-15,168500.0
Pasar Ciledug,Daging Kambing,2026-10-16,168500.0
Pasar Ciledug,Daging Kambing,2026-10-17,168500.0
Pasar Ciledug,Daging Kambing,2026-10-18,168500.0
Pasar Ciledug,Daging Kambing,2026-10-19,168000.0
Pasar Ciledug,Daging Kambing,2026-10-20,168500.0
Pasar Ciledug,Daging Kambing,2026-10-21,168500.0
Pasar Ciledug,Daging Kambing,2026-10-22,168500.0
Pasar Ciledug,Daging Sapi Kw 2,2026-10-09,110000.0
Pasar Ciledug,Daging Sapi Kw 2,2026-10-10,110500.0
Pasar Ciledug,Daging Sapi Kw 2,2026-10-11,110500.0
Pasar Ciledug,Daging Sapi Kw 2,2026-10-12,110000.0
Pasar Ciledug,Daging Sapi Kw 2,2026-10-13,110000.0
Pasar Ciledug,Daging Sapi Kw 2,2026-10-14,110000.0
Pasar Ciledug,Daging Sapi Kw 2,2026-10-15,110000.0
Pasar Ciledug,Daging Sapi Kw 2,2026-10-16,110000.0
Pasar Ciledug,Daging Sapi Kw 2,2026-10-17,110000.0
Pasar Ciledug,Daging Sapi Kw 2,2026-10-18,110000.0
Pasar Ciledug,Daging Sapi Kw 2,2026-10-19,109500.0
Pasar Ciledug,Daging Sapi Kw 2,2026-10-20,110000.0
Pasar Ciledug,Daging Sapi Kw 2,2026-10-21,110000.0
Pasar Ciledug,Daging Sapi Kw 2,2026-10-22,109500.0
Pasar Ciledug,Daging Sapi Murni,2026-10-09,158000.0
Pasar Ciledug,Daging Sapi Murni,2026-10-10,157500.0
Pasar Ciledug,Daging Sapi Murni,2026-10-11,155500.0
Pasar Ciledug,Daging Sapi Murni,2026-10-12,158000.0
Pasar Ciledug,Daging Sapi Murni,2026-10-13,158000.0
Pasar Ciledug,Daging Sapi Murni,2026-10-14,157500.0
Pasar Ciledug,Daging Sapi Murni,2026-10-15,157500.0
Pasar Ciledug,Daging Sapi Murni,2026-10-16,157500.0
Pasar Ciledug,Daging Sapi Murni,2026-10-17,157500.0
Pasar Ciledug,Daging Sapi Murni,2026-10-18,151500.0
Pasar Ciledug,Daging Sapi Murni,2026-10-19,154500.0
Pasar Ciledug,Daging Sapi Murni,2026-10-20,153500.0
Pasar Ciledug,Daging Sapi Murni,2026-10-21,153500.0
Pasar Ciledug,Daging Sapi Murni,2026-10-22,153000.0
Pasar Ciledug,Garam Beryodium,2026-10-09,2500.0
Pasar Ciledug,Garam Beryodium,2026-10-10,2500.0
Pasar Ciledug,Garam Beryodium,2026-10-11,2500.0
Pasar Ciledug,Garam Beryodium,2026-10-12,2500.0
Pasar Ciledug,Garam Beryodium,2026-10-13,2500.0
Pasar Ciledug,Garam Beryodium,2026-10-14,2500.0
Pasar Ciledug,Garam Beryodium,2026-10-15,2500.0
Pasar Ciledug,Garam Beryodium,2026-10-16,2500.0
Pasar Ciledug,Garam Beryodium,2026-10-17,2500.0
Pasar Ciledug,Garam Beryodium,2026-10-18,2500.0
Pasar Ciledug,Garam Beryodium,2026-10-19,2500.0
Pasar Ciledug,Garam Beryodium,2026-10-20,2500.0
Pasar Ciledug,Garam Beryodium,2026-10-21,2500.0
Pasar Ciledug,Garam Beryodium,2026-10-22,2500.0
Pasar Ciledug,Gas Elpiji,2026-10-09,13000.0
Pasar Ciledug,Gas Elpiji,2026-10-10,13000.0
Pasar Ciledug,Gas Elpiji,2026-10-11,13000.0
Pasar Ciledug,Gas Elpiji,2026-10-12,13000.0
Pasar Ciledug,Gas Elpiji,2026-10-13,13000.0
Pasar Ciledug,Gas Elpiji,2026-10-14,13000.0
Pasar Ciledug,Gas Elpiji,2026-10-15,13000.0
Pasar Ciledug,Gas Elpiji,2026-10-16,13000.0
Pasar Ciledug,Gas Elpiji,2026-10-17,13000.0
Pasar Ciledug,Gas Elpiji,2026-10-18,13000.0
Pasar Ciledug,Gas Elpiji,2026-10-19,13000.0
Pasar Ciledug,Gas Elpiji,2026-10-20,13000.0
Pasar Ciledug,Gas Elpiji,2026-10-21,13000.0
Pasar Ciledug,Gas Elpiji,2026-10-22,13000.0
Pasar Ciledug,Ikan Asin Peda,2026-10-09,16000.0
Pasar Ciledug,Ikan Asin Peda,2026-10-10,16000.0
Pasar Ciledug,Ikan Asin Peda,2026-10-11,16000.0
Pasar Ciledug,Ikan Asin Peda,2026-10-12,16000.0
Pasar Ciledug,Ikan Asin Peda,2026-10-13,16000.0
Pasar Ciledug,Ikan Asin Peda,2026-10-14,16000.0
Pasar Ciledug,Ikan Asin Peda,2026-10-15,16000.0
Pasar Ciledug,Ikan Asin Peda,2026-10-16,16000.0
Pasar Ciledug,Ikan Asin Peda,2026-10-17,16000.0
Pasar Ciledug,Ikan Asin Peda,2026-10-18,16000.0
Pasar Ciledug,Ikan Asin Peda,2026-10-19,16000.0
Pasar Ciledug,Ikan Asin Peda,2026-10-20,16000.0
Pasar Ciledug,Ikan Asin Peda,2026-10-21,16000.0
Pasar Ciledug,Ikan Asin Peda,2026-10-22,16000.0
Pasar Ciledug,Gula Batu,2026-10-09,19000.0
Pasar Ciledug,Gula Batu,2026-10-10,19000.0
Pasar Ciledug,Gula Batu,2026-10-11,19000.0
Pasar Ciledug,Gula Batu,2026-10-12,19000.0
Pasar Ciledug,Gula Batu,2026-10-13,19000.0
Pasar Ciledug,Gula Batu,2026-10-14,19000.0
Pasar Ciledug,Gula Batu,2026-10-15,19000.0
Pasar Ciledug,Gula Batu,2026-10-16,19000.0
Pasar Ciledug,Gula Batu,2026-10-17,19000.0
Pasar Ciledug,Gula Batu,2026-10-18,19000.0
Pasar Ciledug,Gula Batu,2026-10-19,19000.0
Pasar Ciledug,Gula Batu,2026-10-20,19000.0
Pasar Ciledug,Gula Batu,2026-10-21,19000.0
Pasar Ciledug,Gula Batu,2026-10-22,19000.0
Pasar Ciledug,Gula Impor,2026-10-09,16000.0
Pasar Ciledug,Gula Impor,2026-10-10,16000.0
Pasar Ciledug,Gula Impor,2026-10-11,16000.0
Pasar Ciledug,Gula Impor,2026-10-12,16000.0
Pasar Ciledug,Gula Impor,2026-10-13,16000.0
Pasar Ciledug,Gula Impor,2026-10-14,16000.0
Pasar Ciledug,Gula Impor,2026-10-15,16000.0
Pasar Ciledug,Gula Impor,2026-10-16,16000.0
Pasar Ciledug,Gula Impor,2026-10-17,16000.0
Pasar Ciledug,Gula Impor,2026-10-18,16000.0
Pasar Ciledug,Gula Impor,2026-10-19,16000.0
Pasar Ciledug,Gula Impor,2026-10-20,16000.0
Pasar Ciledug,Gula Impor,2026-10-21,16000.0
Pasar Ciledug,Gula Impor,2026-10-22,16000.0
Pasar Ciledug,Gula Merah,2026-10-09,18000.0
Pasar Ciledug,Gula Merah,2026-10-10,18000.0
Pasar Ciledug,Gula Merah,2026-10-11,18000.0
Pasar Ciledug,Gula Merah,2026-10-12,18000.0
Pasar Ciledug,Gula Merah,2026-10-13,18000.0
Pasar Ciledug,Gula Merah,2026-10-14,18000.0
Pasar Ciledug,Gula Merah,2026-10-15,18000.0
Pasar Ciledug,Gula Merah,2026-10-16,18000.0
Pasar Ciledug,Gula Merah,2026-10-17,18000.0
Pasar Ciledug,Gula Merah,2026-10-18,18000.0
Pasar Ciledug,Gula Merah,2026-10-19,18000.0
Pasar Ciledug,Gula Merah,2026-10-20,18000.0
Pasar Ciledug,Gula Merah,2026-10-21,18000.0
Pasar Ciledug,Gula Merah,2026-10-22,18000.0
Pasar Ciledug,Ikan Asin Kembung,2026-10-09,18000.0
Pasar Ciledug,Ikan Asin Kembung,2026-10-10,18000.0
Pasar Ciledug,Ikan Asin Kembung,2026-10-11,18000.0
Pasar Ciledug,Ikan Asin Kembung,2026-10-12,18000.0
Pasar Ciledug,Ikan Asin Kembung,2026-10-13,18000.0
Pasar Ciledug,Ikan Asin Kembung,2026-10-14,18000.0
Pasar Ciledug,Ikan Asin Kembung,2026-10-15,18000.0
Pasar Ciledug,Ikan Asin Kembung,2026-10-16,18000.0
Pasar Ciledug,Ikan Asin Kembung,2026-10-17,18000.0
Pasar Ciledug,Ikan Asin Kembung,2026-10-18,18000.0
Pasar Ciledug,Ikan Asin Kembung,2026-10-19,18000.0
Pasar Ciledug,Ikan Asin Kembung,2026-10-20,18000.0
Pasar Ciledug,Ikan Asin Kembung,2026-10-21,18000.0
Pasar Ciledug,Ikan Asin Kembung,2026-10-22,18000.0
Pasar Ciledug,Gula Pasir lokal,2026-10-09,19000.0
Pasar Ciledug,Gula Pasir lokal,2026-10-10,19000.0
Pasar Ciledug,Gula Pasir lokal,2026-10-11,18500.0
Pasar Ciledug,Gula Pasir lokal,2026-10-12,19000.0
Pasar Ciledug,Gula Pasir lokal,2026-10-13,19000.0
Pasar Ciledug,Gula Pasir lokal,2026-10-14,19000.0
Pasar Ciledug,Gula Pasir lokal,2026-10-15,18500.0
Pasar Ciledug,Gula Pasir lokal,2026-10-16,19000.0
Pasar Ciledug,Gula Pasir lokal,2026-10-17,19000.0
Pasar Ciledug,Gula Pasir lokal,2026-10-18,18500.0
Pasar Ciledug,Gula Pasir lokal,2026-10-19,19000.0
Pasar Ciledug,Gula Pasir lokal,2026-10-20,19000.0
Pasar Ciledug,Gula Pasir lokal,2026-10-21,19000.0
Pasar Ciledug,Gula Pasir lokal,2026-10-22,19000.0
Pasar Ciledug,Ikan Asin Teri,2026-10-09,20000.0
Pasar Ciledug,Ikan Asin Teri,2026-10-10,20000.0
Pasar Ciledug,Ikan Asin Teri,2026-10-11,20000.0
Pasar Ciledug,Ikan Asin Teri,2026-10-12,20000.0
Pasar Ciledug,Ikan Asin Teri,2026-10-13,20000.0
Pasar Ciledug,Ikan Asin Teri,2026-10-14,20000.0
Pasar Ciledug,Ikan Asin Teri,2026-10-15,20000.0
Pasar Ciledug,Ikan Asin Teri,2026-10-16,20000.0
Pasar Ciledug,Ikan Asin Teri,2026-10-17,20000.0
Pasar Ciledug,Ikan Asin Teri,2026-10-18,20000.0
Pasar Ciledug,Ikan Asin Teri,2026-10-19,20000.0
Pasar Ciledug,Ikan Asin Teri,2026-10-20,20000.0
Pasar Ciledug,Ikan Asin Teri,2026-10-21,20000.0
Pasar Ciledug,Ikan Asin Teri,2026-10-22,20000.0
Pasar Ciledug,Ikan Asin Tiga Wajan,2026-10-09,40000.0
Pasar Ciledug,Ikan Asin Tiga Wajan,2026-10-10,39500.0
Pasar Ciledug,Ikan Asin Tiga Wajan,2026-10-11,40000.0
Pasar Ciledug,Ikan Asin Tiga Wajan,2026-10-12,40000.0
Pasar Ciledug,Ikan Asin Tiga Wajan,2026-10-13,40000.0
Pasar Ciledug,Ikan Asin Tiga Wajan,2026-10-14,39500.0
Pasar Ciledug,Ikan Asin Tiga Wajan,2026-10-15,40000.0
Pasar Ciledug,Ikan Asin Tiga Wajan,2026-10-16,39500.0
Pasar Ciledug,Ikan Asin Tiga Wajan,2026-10-17,39500.0
Pasar Ciledug,Ikan Asin Tiga Wajan,2026-10-18,39500.0
Pasar Ciledug,Ikan Asin Tiga Wajan,2026-10-19,39500.0
Pasar Ciledug,Ikan Asin Tiga Wajan,2026-10-20,39500.0
Pasar Ciledug,Ikan Asin Tiga Wajan,2026-10-21,39500.0
Pasar Ciledug,Ikan Asin Tiga Wajan,2026-10-22,39500.0
Pasar Ciledug,Ikan Kembung Layang,2026-10-09,110500.0
Pasar Ciledug,Ikan Kembung Layang,2026-10-10,110500.0
Pasar Ciledug,Ikan Kembung Layang,2026-10-11,110500.0
Pasar Ciledug,Ikan Kembung Layang,2026-10-12,110500.0
Pasar Ciledug,Ikan Kembung Layang,2026-10-13,110500.0
Pasar Ciledug,Ikan Kembung Layang,2026-10-14,110500.0
Pasar Ciledug,Ikan Kembung Layang,2026-10-15,110500.0
Pasar Ciledug,Ikan Kembung Layang,2026-10-16,110500.0
Pasar Ciledug,Ikan Kembung Layang,2026-10-17,110500.0
Pasar Ciledug,Ikan Kembung Layang,2026-10-18,110500.0
Pasar Ciledug,Ikan Kembung Layang,2026-10-19,110500.0
Pasar Ciledug,Ikan Kembung Layang,2026-10-20,110500.0
Pasar Ciledug,Ikan Kembung Layang,2026-10-21,110500.0
Pasar Ciledug,Ikan Kembung Layang,2026-10-22,110500.0
Pasar Ciledug,Ikan Bandeng,2026-10-09,37500.0
Pasar Ciledug,Ikan Bandeng,2026-10-10,37500.0
Pasar Ciledug,Ikan Bandeng,2026-10-11,37500.0
Pasar Ciledug,Ikan Bandeng,2026-10-12,37000.0
Pasar Ciledug,Ikan Bandeng,2026-10-13,37000.0
Pasar Ciledug,Ikan Bandeng,2026-10-14,37000.0
Pasar Ciledug,Ikan Bandeng,2026-10-15,37000.0
Pasar Ciledug,Ikan Bandeng,2026-10-16,37000.0
Pasar Ciledug,Ikan Bandeng,2026-10-17,37500.0
Pasar Ciledug,Ikan Bandeng,2026-10-18,37000.0
Pasar Ciledug,Ikan Bandeng,2026-10-19,37500.0
Pasar Ciledug,Ikan Bandeng,2026-10-20,37000.0
Pasar Ciledug,Ikan Bandeng,2026-10-21,37500.0
Pasar Ciledug,Ikan Bandeng,2026-10-22,37500.0
Pasar Ciledug,Ikan Kembung,2026-10-09,44500.0
Pasar Ciledug,Ikan Kembung,2026-10-10,44500.0
Pasar Ciledug,Ikan Kembung,2026-10-11,44500.0
Pasar Ciledug,Ikan Kembung,2026-10-12,44500.0
Pasar Ciledug,Ikan Kembung,2026-10-13,44500.0
Pasar Ciledug,Ikan Kembung,2026-10-14,44500.0
Pasar Ciledug,Ikan Kembung,2026-10-15,44500.0
Pasar Ciledug,Ikan Kembung,2026-10-16,44500.0
Pasar Ciledug,Ikan Kembung,2026-10-17,44000.0
Pasar Ciledug,Ikan Kembung,2026-10-18,44500.0
Pasar Ciledug,Ikan Kembung,2026-10-19,44500.0
Pasar Ciledug,Ikan Kembung,2026-10-20,44500.0
Pasar Ciledug,Ikan Kembung,2026-10-21,44500.0
Pasar Ciledug,Ikan Kembung,2026-10-22,44500.0
Pasar Ciledug,Jagung Manis,2026-10-09,9500.0
Pasar Ciledug,Jagung Manis,2026-10-10,9500.0
Pasar Ciledug,Jagung Manis,2026-10-11,9500.0
Pasar Ciledug,Jagung Manis,2026-10-12,9500.0
Pasar Ciledug,Jagung Manis,2026-10-13,9500.0
Pasar Ciledug,Jagung Manis,2026-10-14,9500.0
Pasar Ciledug,Jagung Manis,2026-10-15,9500.0
Pasar Ciledug,Jagung Manis,2026-10-16,9500.0
Pasar Ciledug,Jagung Manis,2026-10-17,9500.0
Pasar Ciledug,Jagung Manis,2026-10-18,9500.0
Pasar Ciledug,Jagung Manis,2026-10-19,9500.0
Pasar Ciledug,Jagung Manis,2026-10-20,9500.0
Pasar Ciledug,Jagung Manis,2026-10-21,9500.0
Pasar Ciledug,Jagung Manis,2026-10-22,9500.0
Pasar Ciledug,Ikan Mas,2026-10-09,32000.0
Pasar Ciledug,Ikan Mas,2026-10-10,32000.0
Pasar Ciledug,Ikan Mas,2026-10-11,32000.0
Pasar Ciledug,Ikan Mas,2026-10-12,32000.0
Pasar Ciledug,Ikan Mas,2026-10-13,32000.0
Pasar Ciledug,Ikan Mas,2026-10-14,32000.0
Pasar Ciledug,Ikan Mas,2026-10-15,32000.0
Pasar Ciledug,Ikan Mas,2026-10-16,32000.0
Pasar Ciledug,Ikan Mas,2026-10-17,32000.0
Pasar Ciledug,Ikan Mas,2026-10-18,32000.0
Pasar Ciledug,Ikan Mas,2026-10-19,32000.0
Pasar Ciledug,Ikan Mas,2026-10-20,32000.0
Pasar Ciledug,Ikan Mas,2026-10-21,32000.0
Pasar Ciledug,Ikan Mas,2026-10-22,32000.0
Pasar Ciledug,Indomie Kari Ayam,2026-10-09,3000.0
Pasar Ciledug,Indomie Kari Ayam,2026-10-10,3000.0
Pasar Ciledug,Indomie Kari Ayam,2026-10-11,3000.0
Pasar Ciledug,Indomie Kari Ayam,2026-10-12,3000.0
Pasar Ciledug,Indomie Kari Ayam,2026-10-13,3000.0
Pasar Ciledug,Indomie Kari Ayam,2026-10-14,3000.0
Pasar Ciledug,Indomie Kari Ayam,2026-10-15,3000.0
Pasar Ciledug,Indomie Kari Ayam,2026-10-16,3000.0
Pasar Ciledug,Indomie Kari Ayam,2026-10-17,3000.0
Pasar Ciledug,Indomie Kari Ayam,2026-10-18,3000.0
Pasar Ciledug,Indomie Kari Ayam,2026-10-19,3000.0
Pasar Ciledug,Indomie Kari Ayam,2026-10-20,3000.0
Pasar Ciledug,Indomie Kari Ayam,2026-10-21,3000.0
Pasar Ciledug,Indomie Kari Ayam,2026-10-22,3000.0
Pasar Ciledug,Ikan Tongkol,2026-10-09,30000.0
Pasar Ciledug,Ikan Tongkol,2026-10-10,30000.0
Pasar Ciledug,Ikan Tongkol,2026-10-11,30000.0
Pasar Ciledug,Ikan Tongkol,2026-10-12,30000.0
Pasar Ciledug,Ikan Tongkol,2026-10-13,30000.0
Pasar Ciledug,Ikan Tongkol,2026-10-14,30000.0
Pasar Ciledug,Ikan Tongkol,2026-10-15,30000.0
Pasar Ciledug,Ikan Tongkol,2026-10-16,30000.0
Pasar Ciledug,Ikan Tongkol,2026-10-17,30000.0
Pasar Ciledug,Ikan Tongkol,2026-10-18,30000.0
Pasar Ciledug,Ikan Tongkol,2026-10-19,30000.0
Pasar Ciledug,Ikan Tongkol,2026-10-20,30500.0
Pasar Ciledug,Ikan Tongkol,2026-10-21,31000.0
Pasar Ciledug,Ikan Tongkol,2026-10-22,34500.0
Pasar Ciledug,Jagung Pipilan Kering,2026-10-09,4000.0
Pasar Ciledug,Jagung Pipilan Kering,2026-10-10,4000.0
Pasar Ciledug,Jagung Pipilan Kering,2026-10-11,4000.0
Pasar Ciledug,Jagung Pipilan Kering,2026-10-12,4000.0
Pasar Ciledug,Jagung Pipilan Kering,2026-10-13,4000.0
Pasar Ciledug,Jagung Pipilan Kering,2026-10-14,4000.0
Pasar Ciledug,Jagung Pipilan Kering,2026-10-15,4000.0
Pasar Ciledug,Jagung Pipilan Kering,2026-10-16,4000.0
Pasar Ciledug,Jagung Pipilan Kering,2026-10-17,4000.0
Pasar Ciledug,Jagung Pipilan Kering,2026-10-18,4000.0
Pasar Ciledug,Jagung Pipilan Kering,2026-10-19,4000.0
Pasar Ciledug,Jagung Pipilan Kering,2026-10-20,4000.0
Pasar Ciledug,Jagung Pipilan Kering,2026-10-21,4000.0
Pasar Ciledug,Jagung Pipilan Kering,2026-10-22,4000.0
Pasar Ciledug,Kangkung,2026-10-09,170000.0
Pasar Ciledug,Kangkung,2026-10-10,170000.0
Pasar Ciledug,Kangkung,2026-10-11,170000.0
Pasar Ciledug,Kangkung,2026-10-12,170000.0
Pasar Ciledug,Kangkung,2026-10-13,170000.0
Pasar Ciledug,Kangkung,2026-10-14,170000.0
Pasar Ciledug,Kangkung,2026-10-15,170000.0
Pasar Ciledug,Kangkung,2026-10-16,170000.0
Pasar Ciledug,Kangkung,2026-10-17,170000.0
Pasar Ciledug,Kangkung,2026-10-18,170000.0
Pasar Ciledug,Kangkung,2026-10-19,170000.0
Pasar Ciledug,Kangkung,2026-10-20,170000.0
Pasar Ciledug,Kangkung,2026-10-21,170000.0
Pasar Ciledug,Kangkung,2026-10-22,170000.0
Pasar Ciledug,Jagung Pipilan,2026-10-09,10000.0
Pasar Ciledug,Jagung Pipilan,2026-10-10,10000.0
Pasar Ciledug,Jagung Pipilan,2026-10-11,10000.0
Pasar Ciledug,Jagung Pipilan,2026-10-12,10000.0
Pasar Ciledug,Jagung Pipilan,2026-10-13,10000.0
Pasar Ciledug,Jagung Pipilan,2026-10-14,10000.0
Pasar Ciledug,Jagung Pipilan,2026-10-15,10000.0
Pasar Ciledug,Jagung Pipilan,2026-10-16,10000.0
Pasar Ciledug,Jagung Pipilan,2026-10-17,10000.0
Pasar Ciledug,Jagung Pipilan,2026-10-18,10000.0
Pasar Ciledug,Jagung Pipilan,2026-10-19,10000.0
Pasar Ciledug,Jagung Pipilan,2026-10-20,10000.0
Pasar Ciledug,Jagung Pipilan,2026-10-21,10000.0
Pasar Ciledug,Jagung Pipilan,2026-10-22,10000.0
Pasar Ciledug,Kacang Hijau,2026-10-09,27500.0
Pasar Ciledug,Kacang Hijau,2026-10-10,27500.0
Pasar Ciledug,Kacang Hijau,2026-10-11,27500.0
Pasar Ciledug,Kacang Hijau,2026-10-12,27500.0
Pasar Ciledug,Kacang Hijau,2026-10-13,27500.0
Pasar Ciledug,Kacang Hijau,2026-10-14,27500.0
Pasar Ciledug,Kacang Hijau,2026-10-15,27500.0
Pasar Ciledug,Kacang Hijau,2026-10-16,27500.0
Pasar Ciledug,Kacang Hijau,2026-10-17,27500.0
Pasar Ciledug,Kacang Hijau,2026-10-18,27500.0
Pasar Ciledug,Kacang Hijau,2026-10-19,27500.0
Pasar Ciledug,Kacang Hijau,2026-10-20,27000.0
Pasar Ciledug,Kacang Hijau,2026-10-21,26500.0
Pasar Ciledug,Kacang Hijau,2026-10-22,26500.0
Pasar Ciledug,Kacang Kedelai Impor,2026-10-09,14000.0
Pasar Ciledug,Kacang Kedelai Impor,2026-10-10,14000.0
Pasar Ciledug,Kacang Kedelai Impor,2026-10-11,14000.0
Pasar Ciledug,Kacang Kedelai Impor,2026-10-12,14000.0
Pasar Ciledug,Kacang Kedelai Impor,2026-10-13,14000.0
Pasar Ciledug,Kacang Kedelai Impor,2026-10-14,14000.0
Pasar Ciledug,Kacang Kedelai Impor,2026-10-15,14000.0
Pasar Ciledug,Kacang Kedelai Impor,2026-10-16,14000.0
Pasar Ciledug,Kacang Kedelai Impor,2026-10-17,14000.0
Pasar Ciledug,Kacang Kedelai Impor,2026-10-18,14000.0
Pasar Ciledug,Kacang Kedelai Impor,2026-10-19,14000.0
Pasar Ciledug,Kacang Kedelai Impor,2026-10-20,14000.0
Pasar Ciledug,Kacang Kedelai Impor,2026-10-21,14000.0
Pasar Ciledug,Kacang Kedelai Impor,2026-10-22,14000.0
Pasar Ciledug,Kacang Kedelai Lokal,2026-10-09,13000.0
Pasar Ciledug,Kacang Kedelai Lokal,2026-10-10,13000.0
Pasar Ciledug,Kacang Kedelai Lokal,2026-10-11,13000.0
Pasar Ciledug,Kacang Kedelai Lokal,2026-10-12,13000.0
Pasar Ciledug,Kacang Kedelai Lokal,2026-10-13,13000.0
Pasar Ciledug,Kacang Kedelai Lokal,2026-10-14,13000.0
Pasar Ciledug,Kacang Kedelai Lokal,2026-10-15,13000.0
Pasar Ciledug,Kacang Kedelai Lokal,2026-10-16,13000.0
Pasar Ciledug,Kacang Kedelai Lokal,2026-10-17,13000.0
Pasar Ciledug,Kacang Kedelai Lokal,2026-10-18,13000.0
Pasar Ciledug,Kacang Kedelai Lokal,2026-10-19,13000.0
Pasar Ciledug,Kacang Kedelai Lokal,2026-10-20,13000.0
Pasar Ciledug,Kacang Kedelai Lokal,2026-10-21,13000.0
Pasar Ciledug,Kacang Kedelai Lokal,2026-10-22,13000.0
Pasar Ciledug,Kacang Panjang,2026-10-09,23000.0
Pasar Ciledug,Kacang Panjang,2026-10-10,23000.0
Pasar Ciledug,Kacang Panjang,2026-10-11,23000.0
Pasar Ciledug,Kacang Panjang,2026-10-12,23000.0
Pasar Ciledug,Kacang Panjang,2026-10-13,23000.0
Pasar Ciledug,Kacang Panjang,2026-10-14,23000.0
Pasar Ciledug,Kacang Panjang,2026-10-15,23000.0
Pasar Ciledug,Kacang Panjang,2026-10-16,23000.0
Pasar Ciledug,Kacang Panjang,2026-10-17,23000.0
Pasar Ciledug,Kacang Panjang,2026-10-18,23000.0
Pasar Ciledug,Kacang Panjang,2026-10-19,23000.0
Pasar Ciledug,Kacang Panjang,2026-10-20,23000.0
Pasar Ciledug,Kacang Panjang,2026-10-21,23000.0
Pasar Ciledug,Kacang Panjang,2026-10-22,23000.0
Pasar Ciledug,Kacang Tanah kupas,2026-10-09,29000.0
Pasar Ciledug,Kacang Tanah kupas,2026-10-10,29000.0
Pasar Ciledug,Kacang Tanah kupas,2026-10-11,29000.0
Pasar Ciledug,Kacang Tanah kupas,2026-10-12,29000.0
Pasar Ciledug,Kacang Tanah kupas,2026-10-13,29000.0
Pasar Ciledug,Kacang Tanah kupas,2026-10-14,29000.0
Pasar Ciledug,Kacang Tanah kupas,2026-10-15,29000.0
Pasar Ciledug,Kacang Tanah kupas,2026-10-16,29000.0
Pasar Ciledug,Kacang Tanah kupas,2026-10-17,29000.0
Pasar Ciledug,Kacang Tanah kupas,2026-10-18,29000.0
Pasar Ciledug,Kacang Tanah kupas,2026-10-19,29000.0
Pasar Ciledug,Kacang Tanah kupas,2026-10-20,29000.0
Pasar Ciledug,Kacang Tanah kupas,2026-10-21,29000.0
Pasar Ciledug,Kacang Tanah kupas,2026-10-22,29000.0
Pasar Ciledug,Kacang Tanah/Suuk,2026-10-09,39000.0
Pasar Ciledug,Kacang Tanah/Suuk,2026-10-10,39000.0
Pasar Ciledug,Kacang Tanah/Suuk,2026-10-11,39000.0
Pasar Ciledug,Kacang Tanah/Suuk,2026-10-12,39500.0
Pasar Ciledug,Kacang Tanah/Suuk,2026-10-13,39000.0
Pasar Ciledug,Kacang Tanah/Suuk,2026-10-14,40000.0
Pasar Ciledug,Kacang Tanah/Suuk,2026-10-15,40000.0
Pasar Ciledug,Kacang Tanah/Suuk,2026-10-16,39500.0
Pasar Ciledug,Kacang Tanah/Suuk,2026-10-17,39500.0
Pasar Ciledug,Kacang Tanah/Suuk,2026-10-18,39500.0
Pasar Ciledug,Kacang Tanah/Suuk,2026-10-19,39500.0
Pasar Ciledug,Kacang Tanah/Suuk,2026-10-20,39000.0
Pasar Ciledug,Kacang Tanah/Suuk,2026-10-21,39000.0
Pasar Ciledug,Kacang Tanah/Suuk,2026-10-22,39000.0
Pasar Ciledug,Ketela Pohon/Singkong,2026-10-09,3500.0
Pasar Ciledug,Ketela Pohon/Singkong,2026-10-10,3500.0
Pasar Ciledug,Ketela Pohon/Singkong,2026-10-11,3500.0
Pasar Ciledug,Ketela Pohon/Singkong,2026-10-12,3500.0
Pasar Ciledug,Ketela Pohon/Singkong,2026-10-13,3500.0
Pasar Ciledug,Ketela Pohon/Singkong,2026-10-14,3500.0
Pasar Ciledug,Ketela Pohon/Singkong,2026-10-15,3500.0
Pasar Ciledug,Ketela Pohon/Singkong,2026-10-16,3500.0
Pasar Ciledug,Ketela Pohon/Singkong,2026-10-17,3500.0
Pasar Ciledug,Ketela Pohon/Singkong,2026-10-18,3500.0
Pasar Ciledug,Ketela Pohon/Singkong,2026-10-19,3500.0
Pasar Ciledug,Ketela Pohon/Singkong,2026-10-20,3500.0
Pasar Ciledug,Ketela Pohon/Singkong,2026-10-21,3500.0
Pasar Ciledug,Ketela Pohon/Singkong,2026-10-22,3500.0
Pasar Ciledug,Kentang,2026-10-09,15000.0
Pasar Ciledug,Kentang,2026-10-10,15000.0
Pasar Ciledug,Kentang,2026-10-11,15000.0
Pasar Ciledug,Kentang,2026-10-12,15000.0
Pasar Ciledug,Kentang,2026-10-13,14500.0
Pasar Ciledug,Kentang,2026-10-14,15000.0
Pasar Ciledug,Kentang,2026-10-15,14500.0
Pasar Ciledug,Kentang,2026-10-16,15000.0
Pasar Ciledug,Kentang,2026-10-17,14500.0
Pasar Ciledug,Kentang,2026-10-18,14500.0
Pasar Ciledug,Kentang,2026-10-19,14500.0
Pasar Ciledug,Kentang,2026-10-20,14500.0
Pasar Ciledug,Kentang,2026-10-21,14500.0
Pasar Ciledug,Kentang,2026-10-22,14500.0
Pasar Ciledug,Kol,2026-10-09,8000.0
Pasar Ciledug,Kol,2026-10-10,7500.0
Pasar Ciledug,Kol,2026-10-11,7500.0
Pasar Ciledug,Kol,2026-10-12,7500.0
Pasar Ciledug,Kol,2026-10-13,7500.0
Pasar Ciledug,Kol,2026-10-14,8000.0
Pasar Ciledug,Kol,2026-10-15,7500.0
Pasar Ciledug,Kol,2026-10-16,8000.0
Pasar Ciledug,Kol,2026-10-17,8000.0
Pasar Ciledug,Kol,2026-10-18,8000.0
Pasar Ciledug,Kol,2026-10-19,8000.0
Pasar Ciledug,Kol,2026-10-20,8000.0
Pasar Ciledug,Kol,2026-10-21,8000.0
Pasar Ciledug,Kol,2026-10-22,8000.0
Pasar Ciledug,Kunci Biru,2026-10-09,13000.0
Pasar Ciledug,Kunci Biru,2026-10-10,13000.0
Pasar Ciledug,Kunci Biru,2026-10-11,13000.0
Pasar Ciledug,Kunci Biru,2026-10-12,13000.0
Pasar Ciledug,Kunci Biru,2026-10-13,13000.0
Pasar Ciledug,Kunci Biru,2026-10-14,13000.0
Pasar Ciledug,Kunci Biru,2026-10-15,13000.0
Pasar Ciledug,Kunci Biru,2026-10-16,13000.0
Pasar Ciledug,Kunci Biru,2026-10-17,13000.0
Pasar Ciledug,Kunci Biru,2026-10-18,13000.0
Pasar Ciledug,Kunci Biru,2026-10-19,13000.0
Pasar Ciledug,Kunci Biru,2026-10-20,13000.0
Pasar Ciledug,Kunci Biru,2026-10-21,13000.0
Pasar Ciledug,Kunci Biru,2026-10-22,13000.0
Pasar Ciledug,Margarine Blue Band,2026-10-09,9500.0
Pasar Ciledug,Margarine Blue Band,2026-10-10,9500.0
Pasar Ciledug,Margarine Blue Band,2026-10-11,9500.0
Pasar Ciledug,Margarine Blue Band,2026-10-12,9500.0
Pasar Ciledug,Margarine Blue Band,2026-10-13,9500.0
Pasar Ciledug,Margarine Blue Band,2026-10-14,9500.0
Pasar Ciledug,Margarine Blue Band,2026-10-15,9500.0
Pasar Ciledug,Margarine Blue Band,2026-10-16,9500.0
Pasar Ciledug,Margarine Blue Band,2026-10-17,9500.0
Pasar Ciledug,Margarine Blue Band,2026-10-18,9500.0
Pasar Ciledug,Margarine Blue Band,2026-10-19,9500.0
Pasar Ciledug,Margarine Blue Band,2026-10-20,9500.0
Pasar Ciledug,Margarine Blue Band,2026-10-21,9500.0
Pasar Ciledug,Margarine Blue Band,2026-10-22,9500.0
Pasar Ciledug,Margarine Simas,2026-10-09,7000.0
Pasar Ciledug,Margarine Simas,2026-10-10,7000.0
Pasar Ciledug,Margarine Simas,2026-10-11,7000.0
Pasar Ciledug,Margarine Simas,2026-10-12,7000.0
Pasar Ciledug,Margarine Simas,2026-10-13,7000.0
Pasar Ciledug,Margarine Simas,2026-10-14,7000.0
Pasar Ciledug,Margarine Simas,2026-10-15,7000.0
Pasar Ciledug,Margarine Simas,2026-10-16,7000.0
Pasar Ciledug,Margarine Simas,2026-10-17,7000.0
Pasar Ciledug,Margarine Simas,2026-10-18,7000.0
Pasar Ciledug,Margarine Simas,2026-10-19,7000.0
Pasar Ciledug,Margarine Simas,2026-10-20,7000.0
Pasar Ciledug,Margarine Simas,2026-10-21,7000.0
Pasar Ciledug,Margarine Simas,2026-10-22,7000.0
Pasar Ciledug,Mie Instan Sedaap Soto,2026-10-09,30500.0
Pasar Ciledug,Mie Instan Sedaap Soto,2026-10-10,30500.0
Pasar Ciledug,Mie Instan Sedaap Soto,2026-10-11,30500.0
Pasar Ciledug,Mie Instan Sedaap Soto,2026-10-12,30500.0
Pasar Ciledug,Mie Instan Sedaap Soto,2026-10-13,30500.0
Pasar Ciledug,Mie Instan Sedaap Soto,2026-10-14,30500.0
Pasar Ciledug,Mie Instan Sedaap Soto,2026-10-15,30500.0
Pasar Ciledug,Mie Instan Sedaap Soto,2026-10-16,30500.0
Pasar Ciledug,Mie Instan Sedaap Soto,2026-10-17,30500.0
Pasar Ciledug,Mie Instan Sedaap Soto,2026-10-18,30500.0
Pasar Ciledug,Mie Instan Sedaap Soto,2026-10-19,30500.0
Pasar Ciledug,Mie Instan Sedaap Soto,2026-10-20,30500.0
Pasar Ciledug,Mie Instan Sedaap Soto,2026-10-21,30500.0
Pasar Ciledug,Mie Instan Sedaap Soto,2026-10-22,30500.0
Pasar Ciledug,Minyak Goreng Bimoli,2026-10-09,16500.0
Pasar Ciledug,Minyak Goreng Bimoli,2026-10-10,16500.0
Pasar Ciledug,Minyak Goreng Bimoli,2026-10-11,16500.0
Pasar Ciledug,Minyak Goreng Bimoli,2026-10-12,16500.0
Pasar Ciledug,Minyak Goreng Bimoli,2026-10-13,16500.0
Pasar Ciledug,Minyak Goreng Bimoli,2026-10-14,16500.0
Pasar Ciledug,Minyak Goreng Bimoli,2026-10-15,16500.0
Pasar Ciledug,Minyak Goreng Bimoli,2026-10-16,16500.0
Pasar Ciledug,Minyak Goreng Bimoli,2026-10-17,16500.0
Pasar Ciledug,Minyak Goreng Bimoli,2026-10-18,16500.0
Pasar Ciledug,Minyak Goreng Bimoli,2026-10-19,16500.0
Pasar Ciledug,Minyak Goreng Bimoli,2026-10-20,16500.0
Pasar Ciledug,Minyak Goreng Bimoli,2026-10-21,16500.0
Pasar Ciledug,Minyak Goreng Bimoli,2026-10-22,16500.0
Pasar Ciledug,Minyak Goreng Curah,2026-10-09,20500.0
Pasar Ciledug,Minyak Goreng Curah,2026-10-10,20500.0
Pasar Ciledug,Minyak Goreng Curah,2026-10-11,20500.0
Pasar Ciledug,Minyak Goreng Curah,2026-10-12,20500.0
Pasar Ciledug,Minyak Goreng Curah,2026-10-13,20500.0
Pasar Ciledug,Minyak Goreng Curah,2026-10-14,20500.0
Pasar Ciledug,Minyak Goreng Curah,2026-10-15,20500.0
Pasar Ciledug,Minyak Goreng Curah,2026-10-16,21000.0
Pasar Ciledug,Minyak Goreng Curah,2026-10-17,20500.0
Pasar Ciledug,Minyak Goreng Curah,2026-10-18,20500.0
Pasar Ciledug,Minyak Goreng Curah,2026-10-19,20500.0
Pasar Ciledug,Minyak Goreng Curah,2026-10-20,20500.0
Pasar Ciledug,Minyak Goreng Curah,2026-10-21,20500.0
Pasar Ciledug,Minyak Goreng Curah,2026-10-22,20500.0
Pasar Ciledug,Minyak Goreng Filma,2026-10-09,20000.0
Pasar Ciledug,Minyak Goreng Filma,2026-10-10,20000.0
Pasar Ciledug,Minyak Goreng Filma,2026-10-11,20000.0
Pasar Ciledug,Minyak Goreng Filma,2026-10-12,20000.0
Pasar Ciledug,Minyak Goreng Filma,2026-10-13,20000.0
Pasar Ciledug,Minyak Goreng Filma,2026-10-14,20000.0
Pasar Ciledug,Minyak Goreng Filma,2026-10-15,20000.0
Pasar Ciledug,Minyak Goreng Filma,2026-10-16,20000.0
Pasar Ciledug,Minyak Goreng Filma,2026-10-17,20000.0
Pasar Ciledug,Minyak Goreng Filma,2026-10-18,20000.0
Pasar Ciledug,Minyak Goreng Filma,2026-10-19,20000.0
Pasar Ciledug,Minyak Goreng Filma,2026-10-20,20000.0
Pasar Ciledug,Minyak Goreng Filma,2026-10-21,20000.0
Pasar Ciledug,Minyak Goreng Filma,2026-10-22,20000.0
Pasar Ciledug,Minyak Goreng Kemasan Sederhana,2026-10-09,19000.0
Pasar Ciledug,Minyak Goreng Kemasan Sederhana,2026-10-10,19000.0
Pasar Ciledug,Minyak Goreng Kemasan Sederhana,2026-10-11,19000.0
Pasar Ciledug,Minyak Goreng Kemasan Sederhana,2026-10-12,19000.0
Pasar Ciledug,Minyak Goreng Kemasan Sederhana,2026-10-13,19000.0
Pasar Ciledug,Minyak Goreng Kemasan Sederhana,2026-10-14,19000.0
Pasar Ciledug,Minyak Goreng Kemasan Sederhana,2026-10-15,19000.0
Pasar Ciledug,Minyak Goreng Kemasan Sederhana,2026-10-16,19000.0
Pasar Ciledug,Minyak Goreng Kemasan Sederhana,2026-10-17,19000.0
Pasar Ciledug,Minyak Goreng Kemasan Sederhana,2026-10-18,19000.0
Pasar Ciledug,Minyak Goreng Kemasan Sederhana,2026-10-19,19000.0
Pasar Ciledug,Minyak Goreng Kemasan Sederhana,2026-10-20,19000.0
Pasar Ciledug,Minyak Goreng Kemasan Sederhana,2026-10-21,19000.0
Pasar Ciledug,Minyak Goreng Kemasan Sederhana,2026-10-22,19000.0
Pasar Ciledug,Minyak Goreng Tropical,2026-10-09,21500.0
Pasar Ciledug,Minyak Goreng Tropical,2026-10-10,22000.0
Pasar Ciledug,Minyak Goreng Tropical,2026-10-11,21500.0
Pasar Ciledug,Minyak Goreng Tropical,2026-10-12,22000.0
Pasar Ciledug,Minyak Goreng Tropical,2026-10-13,21500.0
Pasar Ciledug,Minyak Goreng Tropical,2026-10-14,21500.0
Pasar Ciledug,Minyak Goreng Tropical,2026-10-15,21500.0
Pasar Ciledug,Minyak Goreng Tropical,2026-10-16,21500.0
Pasar Ciledug,Minyak Goreng Tropical,2026-10-17,22000.0
Pasar Ciledug,Minyak Goreng Tropical,2026-10-18,21500.0
Pasar Ciledug,Minyak Goreng Tropical,2026-10-19,21500.0
Pasar Ciledug,Minyak Goreng Tropical,2026-10-20,22000.0
Pasar Ciledug,Minyak Goreng Tropical,2026-10-21,22000.0
Pasar Ciledug,Minyak Goreng Tropical,2026-10-22,21500.0
Pasar Ciledug,Sawi Hijau,2026-10-09,7500.0
Pasar Ciledug,Sawi Hijau,2026-10-10,7500.0
Pasar Ciledug,Sawi Hijau,2026-10-11,8000.0
Pasar Ciledug,Sawi Hijau,2026-10-12,8500.0
Pasar Ciledug,Sawi Hijau,2026-10-13,9000.0
Pasar Ciledug,Sawi Hijau,2026-10-14,9000.0
Pasar Ciledug,Sawi Hijau,2026-10-15,8500.0
Pasar Ciledug,Sawi Hijau,2026-10-16,8500.0
Pasar Ciledug,Sawi Hijau,2026-10-17,8000.0
Pasar Ciledug,Sawi Hijau,2026-10-18,9000.0
Pasar Ciledug,Sawi Hijau,2026-10-19,9500.0
Pasar Ciledug,Sawi Hijau,2026-10-20,9500.0
Pasar Ciledug,Sawi Hijau,2026-10-21,9500.0
Pasar Ciledug,Sawi Hijau,2026-10-22,9000.0
Pasar Ciledug,Sawi Petsay,2026-10-09,13500.0
Pasar Ciledug,Sawi Petsay,2026-10-10,13500.0
Pasar Ciledug,Sawi Petsay,2026-10-11,13500.0
Pasar Ciledug,Sawi Petsay,2026-10-12,13500.0
Pasar Ciledug,Sawi Petsay,2026-10-13,13500.0
Pasar Ciledug,Sawi Petsay,2026-10-14,13500.0
Pasar Ciledug,Sawi Petsay,2026-10-15,13500.0
Pasar Ciledug,Sawi Petsay,2026-10-16,13500.0
Pasar Ciledug,Sawi Petsay,2026-10-17,13500.0
Pasar Ciledug,Sawi Petsay,2026-10-18,13500.0
Pasar Ciledug,Sawi Petsay,2026-10-19,13500.0
Pasar Ciledug,Sawi Petsay,2026-10-20,9000.0
Pasar Ciledug,Sawi Petsay,2026-10-21,9000.0
Pasar Ciledug,Sawi Petsay,2026-10-22,9000.0
Pasar Ciledug,Segitiga Biru,2026-10-09,13000.0
Pasar Ciledug,Segitiga Biru,2026-10-10,13000.0
Pasar Ciledug,Segitiga Biru,2026-10-11,13000.0
Pasar Ciledug,Segitiga Biru,2026-10-12,13000.0
Pasar Ciledug,Segitiga Biru,2026-10-13,13000.0
Pasar Ciledug,Segitiga Biru,2026-10-14,13000.0
Pasar Ciledug,Segitiga Biru,2026-10-15,13000.0
Pasar Ciledug,Segitiga Biru,2026-10-16,13000.0
Pasar Ciledug,Segitiga Biru,2026-10-17,13000.0
Pasar Ciledug,Segitiga Biru,2026-10-18,13000.0
Pasar Ciledug,Segitiga Biru,2026-10-19,13000.0
Pasar Ciledug,Segitiga Biru,2026-10-20,13000.0
Pasar Ciledug,Segitiga Biru,2026-10-21,13000.0
Pasar Ciledug,Segitiga Biru,2026-10-22,13000.0
Pasar Ciledug,Singkong,2026-10-09,6000.0
Pasar Ciledug,Singkong,2026-10-10,6000.0
Pasar Ciledug,Singkong,2026-10-11,6000.0
Pasar Ciledug,Singkong,2026-10-12,6000.0
Pasar Ciledug,Singkong,2026-10-13,6000.0
Pasar Ciledug,Singkong,2026-10-14,6000.0
Pasar Ciledug,Singkong,2026-10-15,6000.0
Pasar Ciledug,Singkong,2026-10-16,6000.0
Pasar Ciledug,Singkong,2026-10-17,6000.0
Pasar Ciledug,Singkong,2026-10-18,6000.0
Pasar Ciledug,Singkong,2026-10-19,6000.0
Pasar Ciledug,Singkong,2026-10-20,6000.0
Pasar Ciledug,Singkong,2026-10-21,6000.0
Pasar Ciledug,Singkong,2026-10-22,6000.0
Pasar Ciledug,Susu Bubuk Dancow Putih,2026-10-09,40000.0
Pasar Ciledug,Susu Bubuk Dancow Putih,2026-10-10,40000.0
Pasar Ciledug,Susu Bubuk Dancow Putih,2026-10-11,40000.0
Pasar Ciledug,Susu Bubuk Dancow Putih,2026-10-12,40000.0
Pasar Ciledug,Susu Bubuk Dancow Putih,2026-10-13,40000.0
Pasar Ciledug,Susu Bubuk Dancow Putih,2026-10-14,40000.0
Pasar Ciledug,Susu Bubuk Dancow Putih,2026-10-15,40000.0
Pasar Ciledug,Susu Bubuk Dancow Putih,2026-10-16,40000.0
Pasar Ciledug,Susu Bubuk Dancow Putih,2026-10-17,40000.0
Pasar Ciledug,Susu Bubuk Dancow Putih,2026-10-18,40000.0
Pasar Ciledug,Susu Bubuk Dancow Putih,2026-10-19,40000.0
Pasar Ciledug,Susu Bubuk Dancow Putih,2026-10-20,40000.0
Pasar Ciledug,Susu Bubuk Dancow Putih,2026-10-21,40000.0
Pasar Ciledug,Susu Bubuk Dancow Putih,2026-10-22,40000.0
Pasar Ciledug,Telur Bebek Asin,2026-10-09,30000.0
Pasar Ciledug,Telur Bebek Asin,2026-10-10,30000.0
Pasar Ciledug,Telur Bebek Asin,2026-10-11,30000.0
Pasar Ciledug,Telur Bebek Asin,2026-10-12,30000.0
Pasar Ciledug,Telur Bebek Asin,2026-10-13,30000.0
Pasar Ciledug,Telur Bebek Asin,2026-10-14,30000.0
Pasar Ciledug,Telur Bebek Asin,2026-10-15,30000.0
Pasar Ciledug,Telur Bebek Asin,2026-10-16,30000.0
Pasar Ciledug,Telur Bebek Asin,2026-10-17,30000.0
Pasar Ciledug,Telur Bebek Asin,2026-10-18,30000.0
Pasar Ciledug,Telur Bebek Asin,2026-10-19,30000.0
Pasar Ciledug,Telur Bebek Asin,2026-10-20,30000.0
Pasar Ciledug,Telur Bebek Asin,2026-10-21,30000.0
Pasar Ciledug,Telur Bebek Asin,2026-10-22,30000.0
Pasar Ciledug,Telur Bebek Mentah,2026-10-09,
Pasar Ciledug,Telur Bebek Mentah,2026-10-10,
Pasar Ciledug,Telur Bebek Mentah,2026-10-11,
Pasar Ciledug,Telur Bebek Mentah,2026-10-12,
Pasar Ciledug,Telur Bebek Mentah,2026-10-13,
Pasar Ciledug,Telur Bebek Mentah,2026-10-14,
Pasar Ciledug,Telur Bebek Mentah,2026-10-15,
Pasar Ciledug,Telur Bebek Mentah,2026-10-16,
Pasar Ciledug,Telur Bebek Mentah,2026-10-17,
Pasar Ciledug,Telur Bebek Mentah,2026-10-18,
Pasar Ciledug,Telur Bebek Mentah,2026-10-19,
Pasar Ciledug,Telur Bebek Mentah,2026-10-20,
Pasar Ciledug,Telur Bebek Mentah,2026-10-21,
Pasar Ciledug,Telur Bebek Mentah,2026-10-22,
Pasar Ciledug,Susu Bubuk Putih Indomilk,2026-10-09,12500.0
Pasar Ciledug,Susu Bubuk Putih Indomilk,2026-10-10,12500.0
Pasar Ciledug,Susu Bubuk Putih Indomilk,2026-10-11,12500.0
Pasar Ciledug,Susu Bubuk Putih Indomilk,2026-10-12,12500.0
Pasar Ciledug,Susu Bubuk Putih Indomilk,2026-10-13,12500.0
Pasar Ciledug,Susu Bubuk Putih Indomilk,2026-10-14,12500.0
Pasar Ciledug,Susu Bubuk Putih Indomilk,2026-10-15,12500.0
Pasar Ciledug,Susu Bubuk Putih Indomilk,2026-10-16,13000.0
Pasar Ciledug,Susu Bubuk Putih Indomilk,2026-10-17,13000.0
Pasar Ciledug,Susu Bubuk Putih Indomilk,2026-10-18,13000.0
Pasar Ciledug,Susu Bubuk Putih Indomilk,2026-10-19,13000.0
Pasar Ciledug,Susu Bubuk Putih Indomilk,2026-10-20,13000.0
Pasar Ciledug,Susu Bubuk Putih Indomilk,2026-10-21,13000.0
Pasar Ciledug,Susu Bubuk Putih Indomilk,2026-10-22,13000.0
Pasar Ciledug,Susu Kental Manis Bendera Cokelat,2026-10-09,12500.0
Pasar Ciledug,Susu Kental Manis Bendera Cokelat,2026-10-10,12500.0
Pasar Ciledug,Susu Kental Manis Bendera Cokelat,2026-10-11,12500.0
Pasar Ciledug,Susu Kental Manis Bendera Cokelat,2026-10-12,12500.0
Pasar Ciledug,Susu Kental Manis Bendera Cokelat,2026-10-13,12500.0
Pasar Ciledug,Susu Kental Manis Bendera Cokelat,2026-10-14,12500.0
Pasar Ciledug,Susu Kental Manis Bendera Cokelat,2026-10-15,12500.0
Pasar Ciledug,Susu Kental Manis Bendera Cokelat,2026-10-16,12500.0
Pasar Ciledug,Susu Kental Manis Bendera Cokelat,2026-10-17,12500.0
Pasar Ciledug,Susu Kental Manis Bendera Cokelat,2026-10-18,12500.0
Pasar Ciledug,Susu Kental Manis Bendera Cokelat,2026-10-19,12500.0
Pasar Ciledug,Susu Kental Manis Bendera Cokelat,2026-10-20,12500.0
Pasar Ciledug,Susu Kental Manis Bendera Cokelat,2026-10-21,12500.0
Pasar Ciledug,Susu Kental Manis Bendera Cokelat,2026-10-22,12500.0
Pasar Ciledug,Susu Kental Manis Bendera Putih,2026-10-09,12500.0
Pasar Ciledug,Susu Kental Manis Bendera Putih,2026-10-10,12500.0
Pasar Ciledug,Susu Kental Manis Bendera Putih,2026-10-11,12500.0
Pasar Ciledug,Susu Kental Manis Bendera Putih,2026-10-12,12500.0
Pasar Ciledug,Susu Kental Manis Bendera Putih,2026-10-13,12500.0
Pasar Ciledug,Susu Kental Manis Bendera Putih,2026-10-14,12500.0
Pasar Ciledug,Susu Kental Manis Bendera Putih,2026-10-15,12500.0
Pasar Ciledug,Susu Kental Manis Bendera Putih,2026-10-16,12500.0
Pasar Ciledug,Susu Kental Manis Bendera Putih,2026-10-17,12500.0
Pasar Ciledug,Susu Kental Manis Bendera Putih,2026-10-18,12500.0
Pasar Ciledug,Susu Kental Manis Bendera Putih,2026-10-19,12500.0
Pasar Ciledug,Susu Kental Manis Bendera Putih,2026-10-20,12500.0
Pasar Ciledug,Susu Kental Manis Bendera Putih,2026-10-21,12500.0
Pasar Ciledug,Susu Kental Manis Bendera Putih,2026-10-22,12500.0
Pasar Ciledug,Susu Kental Manis Indomilk,2026-10-09,11000.0
Pasar Ciledug,Susu Kental Manis Indomilk,2026-10-10,11000.0
Pasar Ciledug,Susu Kental Manis Indomilk,2026-10-11,11000.0
Pasar Ciledug,Susu Kental Manis Indomilk,2026-10-12,11000.0
Pasar Ciledug,Susu Kental Manis Indomilk,2026-10-13,11000.0
Pasar Ciledug,Susu Kental Manis Indomilk,2026-10-14,11000.0
Pasar Ciledug,Susu Kental Manis Indomilk,2026-10-15,11000.0
Pasar Ciledug,Susu Kental Manis Indomilk,2026-10-16,11000.0
Pasar Ciledug,Susu Kental Manis Indomilk,2026-10-17,11000.0
Pasar Ciledug,Susu Kental Manis Indomilk,2026-10-18,11000.0
Pasar Ciledug,Susu Kental Manis Indomilk,2026-10-19,11000.0
Pasar Ciledug,Susu Kental Manis Indomilk,2026-10-20,11000.0
Pasar Ciledug,Susu Kental Manis Indomilk,2026-10-21,11000.0
Pasar Ciledug,Susu Kental Manis Indomilk,2026-10-22,11000.0
Pasar Ciledug,Telur Ayam Broiler,2026-10-09,27000.0
Pasar Ciledug,Telur Ayam Broiler,2026-10-10,27000.0
Pasar Ciledug,Telur Ayam Broiler,2026-10-11,27000.0
Pasar Ciledug,Telur Ayam Broiler,2026-10-12,27000.0
Pasar Ciledug,Telur Ayam Broiler,2026-10-13,27000.0
Pasar Ciledug,Telur Ayam Broiler,2026-10-14,27000.0
Pasar Ciledug,Telur Ayam Broiler,2026-10-15,27000.0
Pasar Ciledug,Telur Ayam Broiler,2026-10-16,27000.0
Pasar Ciledug,Telur Ayam Broiler,2026-10-17,27000.0
Pasar Ciledug,Telur Ayam Broiler,2026-10-18,26500.0
Pasar Ciledug,Telur Ayam Broiler,2026-10-19,26500.0
Pasar Ciledug,Telur Ayam Broiler,2026-10-20,27000.0
Pasar Ciledug,Telur Ayam Broiler,2026-10-21,27000.0
Pasar Ciledug,Telur Ayam Broiler,2026-10-22,27500.0
Pasar Ciledug,Susu Kental Manis Indomilk Cokelat,2026-10-09,11000.0
Pasar Ciledug,Susu Kental Manis Indomilk Cokelat,2026-10-10,11000.0
Pasar Ciledug,Susu Kental Manis Indomilk Cokelat,2026-10-11,11000.0
Pasar Ciledug,Susu Kental Manis Indomilk Cokelat,2026-10-12,11000.0
Pasar Ciledug,Susu Kental Manis Indomilk Cokelat,2026-10-13,11000.0
Pasar Ciledug,Susu Kental Manis Indomilk Cokelat,2026-10-14,11000.0
Pasar Ciledug,Susu Kental Manis Indomilk Cokelat,2026-10-15,11000.0
Pasar Ciledug,Susu Kental Manis Indomilk Cokelat,2026-10-16,11000.0
Pasar Ciledug,Susu Kental Manis Indomilk Cokelat,2026-10-17,11000.0
Pasar Ciledug,Susu Kental Manis Indomilk Cokelat,2026-10-18,11000.0
Pasar Ciledug,Susu Kental Manis Indomilk Cokelat,2026-10-19,11000.0
Pasar Ciledug,Susu Kental Manis Indomilk Cokelat,2026-10-20,11000.0
Pasar Ciledug,Susu Kental Manis Indomilk Cokelat,2026-10-21,11000.0
Pasar Ciledug,Susu Kental Manis Indomilk Cokelat,2026-10-22,11000.0
Pasar Ciledug,Telur Ayam Kampung,2026-10-09,25000.0
Pasar Ciledug,Telur Ayam Kampung,2026-10-10,25000.0
Pasar Ciledug,Telur Ayam Kampung,2026-10-11,25000.0
Pasar Ciledug,Telur Ayam Kampung,2026-10-12,25000.0
Pasar Ciledug,Telur Ayam Kampung,2026-10-13,25000.0
Pasar Ciledug,Telur Ayam Kampung,2026-10-14,25000.0
Pasar Ciledug,Telur Ayam Kampung,2026-10-15,25000.0
Pasar Ciledug,Telur Ayam Kampung,2026-10-16,25000.0
Pasar Ciledug,Telur Ayam Kampung,2026-10-17,25000.0
Pasar Ciledug,Telur Ayam Kampung,2026-10-18,25000.0
Pasar Ciledug,Telur Ayam Kampung,2026-10-19,25000.0
Pasar Ciledug,Telur Ayam Kampung,2026-10-20,25000.0
Pasar Ciledug,Telur Ayam Kampung,2026-10-21,25000.0
Pasar Ciledug,Telur Ayam Kampung,2026-10-22,25000.0
Pasar Ciledug,Tepung Terigu Segitiga Biru,2026-10-09,80000.0
Pasar Ciledug,Tepung Terigu Segitiga Biru,2026-10-10,80000.0
Pasar Ciledug,Tepung Terigu Segitiga Biru,2026-10-11,80000.0
Pasar Ciledug,Tepung Terigu Segitiga Biru,2026-10-12,80000.0
Pasar Ciledug,Tepung Terigu Segitiga Biru,2026-10-13,80000.0
Pasar Ciledug,Tepung Terigu Segitiga Biru,2026-10-14,80000.0
Pasar Ciledug,Tepung Terigu Segitiga Biru,2026-10-15,80000.0
Pasar Ciledug,Tepung Terigu Segitiga Biru,2026-10-16,80000.0
Pasar Ciledug,Tepung Terigu Segitiga Biru,2026-10-17,80000.0
Pasar Ciledug,Tepung Terigu Segitiga Biru,2026-10-18,80000.0
Pasar Ciledug,Tepung Terigu Segitiga Biru,2026-10-19,80000.0
Pasar Ciledug,Tepung Terigu Segitiga Biru,2026-10-20,80000.0
Pasar Ciledug,Tepung Terigu Segitiga Biru,2026-10-21,80000.0
Pasar Ciledug,Tepung Terigu Segitiga Biru,2026-10-22,80000.0
Pasar Ciledug,Tepung Terigu Cakra Kembar,2026-10-09,12000.0
Pasar Ciledug,Tepung Terigu Cakra Kembar,2026-10-10,12000.0
Pasar Ciledug,Tepung Terigu Cakra Kembar,2026-10-11,12000.0
Pasar Ciledug,Tepung Terigu Cakra Kembar,2026-10-12,12000.0
Pasar Ciledug,Tepung Terigu Cakra Kembar,2026-10-13,12000.0
Pasar Ciledug,Tepung Terigu Cakra Kembar,2026-10-14,12000.0
Pasar Ciledug,Tepung Terigu Cakra Kembar,2026-10-15,12000.0
Pasar Ciledug,Tepung Terigu Cakra Kembar,2026-10-16,12000.0
Pasar Ciledug,Tepung Terigu Cakra Kembar,2026-10-17,12000.0
Pasar Ciledug,Tepung Terigu Cakra Kembar,2026-10-18,12000.0
Pasar Ciledug,Tepung Terigu Cakra Kembar,2026-10-19,12000.0
Pasar Ciledug,Tepung Terigu Cakra Kembar,2026-10-20,12000.0
Pasar Ciledug,Tepung Terigu Cakra Kembar,2026-10-21,12000.0
Pasar Ciledug,Tepung Terigu Cakra Kembar,2026-10-22,12000.0
Pasar Ciledug,Tepung Terigu Kunci Biru,2026-10-09,11000.0
Pasar Ciledug,Tepung Terigu Kunci Biru,2026-10-10,11000.0
Pasar Ciledug,Tepung Terigu Kunci Biru,2026-10-11,11000.0
Pasar Ciledug,Tepung Terigu Kunci Biru,2026-10-12,11000.0
Pasar Ciledug,Tepung Terigu Kunci Biru,2026-10-13,11000.0
Pasar Ciledug,Tepung Terigu Kunci Biru,2026-10-14,11000.0
Pasar Ciledug,Tepung Terigu Kunci Biru,2026-10-15,11000.0
Pasar Ciledug,Tepung Terigu Kunci Biru,2026-10-16,11000.0
Pasar Ciledug,Tepung Terigu Kunci Biru,2026-10-17,11000.0
Pasar Ciledug,Tepung Terigu Kunci Biru,2026-10-18,11000.0
Pasar Ciledug,Tepung Terigu Kunci Biru,2026-10-19,11000.0
Pasar Ciledug,Tepung Terigu Kunci Biru,2026-10-20,11000.0
Pasar Ciledug,Tepung Terigu Kunci Biru,2026-10-21,11000.0
Pasar Ciledug,Tepung Terigu Kunci Biru,2026-10-22,11000.0
Pasar Ciledug,Tepung Terigu Segi Tiga Biru,2026-10-09,12000.0
Pasar Ciledug,Tepung Terigu Segi Tiga Biru,2026-10-10,12000.0
Pasar Ciledug,Tepung Terigu Segi Tiga Biru,2026-10-11,12000.0
Pasar Ciledug,Tepung Terigu Segi Tiga Biru,2026-10-12,12000.0
Pasar Ciledug,Tepung Terigu Segi Tiga Biru,2026-10-13,12000.0
Pasar Ciledug,Tepung Terigu Segi Tiga Biru,2026-10-14,12000.0
Pasar Ciledug,Tepung Terigu Segi Tiga Biru,2026-10-15,12000.0
Pasar Ciledug,Tepung Terigu Segi Tiga Biru,2026-10-16,12000.0
Pasar Ciledug,Tepung Terigu Segi Tiga Biru,2026-10-17,12000.0
Pasar Ciledug,Tepung Terigu Segi Tiga Biru,2026-10-18,12000.0
Pasar Ciledug,Tepung Terigu Segi Tiga Biru,2026-10-19,12000.0
Pasar Ciledug,Tepung Terigu Segi Tiga Biru,2026-10-20,12000.0
Pasar Ciledug,Tepung Terigu Segi Tiga Biru,2026-10-21,12000.0
Pasar Ciledug,Tepung Terigu Segi Tiga Biru,2026-10-22,12000.0
Pasar Ciledug,Teri Medan Basah,2026-10-09,50500.0
Pasar Ciledug,Teri Medan Basah,2026-10-10,50500.0
Pasar Ciledug,Teri Medan Basah,2026-10-11,50500.0
Pasar Ciledug,Teri Medan Basah,2026-10-12,50500.0
Pasar Ciledug,Teri Medan Basah,2026-10-13,50500.0
Pasar Ciledug,Teri Medan Basah,2026-10-14,50500.0
Pasar Ciledug,Teri Medan Basah,2026-10-15,50500.0
Pasar Ciledug,Teri Medan Basah,2026-10-16,50500.0
Pasar Ciledug,Teri Medan Basah,2026-10-17,50500.0
Pasar Ciledug,Teri Medan Basah,2026-10-18,50500.0
Pasar Ciledug,Teri Medan Basah,2026-10-19,50500.0
Pasar Ciledug,Teri Medan Basah,2026-10-20,50500.0
Pasar Ciledug,Teri Medan Basah,2026-10-21,50500.0
Pasar Ciledug,Teri Medan Basah,2026-10-22,50500.0
Pasar Ciledug,Teri Medan Kering,2026-10-09,79500.0
Pasar Ciledug,Teri Medan Kering,2026-10-10,79500.0
Pasar Ciledug,Teri Medan Kering,2026-10-11,79500.0
Pasar Ciledug,Teri Medan Kering,2026-10-12,80000.0
Pasar Ciledug,Teri Medan Kering,2026-10-13,80000.0
Pasar Ciledug,Teri Medan Kering,2026-10-14,80000.0
Pasar Ciledug,Teri Medan Kering,2026-10-15,79500.0
Pasar Ciledug,Teri Medan Kering,2026-10-16,80000.0
Pasar Ciledug,Teri Medan Kering,2026-10-17,80000.0
Pasar Ciledug,Teri Medan Kering,2026-10-18,80000.0
Pasar Ciledug,Teri Medan Kering,2026-10-19,79500.0
Pasar Ciledug,Teri Medan Kering,2026-10-20,80000.0
Pasar Ciledug,Teri Medan Kering,2026-10-21,79500.0
Pasar Ciledug,Teri Medan Kering,2026-10-22,79500.0
Pasar Ciledug,Tomat Buah,2026-10-09,24500.0
Pasar Ciledug,Tomat Buah,2026-10-10,24500.0
Pasar Ciledug,Tomat Buah,2026-10-11,24500.0
Pasar Ciledug,Tomat Buah,2026-10-12,24500.0
Pasar Ciledug,Tomat Buah,2026-10-13,24500.0
Pasar Ciledug,Tomat Buah,2026-10-14,24500.0
Pasar Ciledug,Tomat Buah,2026-10-15,24000.0
Pasar Ciledug,Tomat Buah,2026-10-16,24000.0
Pasar Ciledug,Tomat Buah,2026-10-17,24500.0
Pasar Ciledug,Tomat Buah,2026-10-18,24000.0
Pasar Ciledug,Tomat Buah,2026-10-19,23500.0
Pasar Ciledug,Tomat Buah,2026-10-20,23500.0
Pasar Ciledug,Tomat Buah,2026-10-21,23500.0
Pasar Ciledug,Tomat Buah,2026-10-22,22000.0
Pasar Ciledug,Tomat Sayur,2026-10-09,15000.0
Pasar Ciledug,Tomat Sayur,2026-10-10,14500.0
Pasar Ciledug,Tomat Sayur,2026-10-11,14500.0
Pasar Ciledug,Tomat Sayur,2026-10-12,14000.0
Pasar Ciledug,Tomat Sayur,2026-10-13,14500.0
Pasar Ciledug,Tomat Sayur,2026-10-14,14000.0
Pasar Ciledug,Tomat Sayur,2026-10-15,14000.0
Pasar Ciledug,Tomat Sayur,2026-10-16,13500.0
Pasar Ciledug,Tomat Sayur,2026-10-17,13500.0
Pasar Ciledug,Tomat Sayur,2026-10-18,13000.0
Pasar Ciledug,Tomat Sayur,2026-10-19,13000.0
Pasar Ciledug,Tomat Sayur,2026-10-20,13000.0
Pasar Ciledug,Tomat Sayur,2026-10-21,13000.0
Pasar Ciledug,Tomat Sayur,2026-10-22,13000.0
Pasar Ciledug,Ubi Jalar,2026-10-09,7000.0
Pasar Ciledug,Ubi Jalar,2026-10-10,7000.0
Pasar Ciledug,Ubi Jalar,2026-10-11,7000.0
Pasar Ciledug,Ubi Jalar,2026-10-12,7000.0
Pasar Ciledug,Ubi Jalar,2026-10-13,7000.0
Pasar Ciledug,Ubi Jalar,2026-10-14,7000.0
Pasar Ciledug,Ubi Jalar,2026-10-15,7000.0
Pasar Ciledug,Ubi Jalar,2026-10-16,7000.0
Pasar Ciledug,Ubi Jalar,2026-10-17,7000.0
Pasar Ciledug,Ubi Jalar,2026-10-18,7000.0
Pasar Ciledug,Ubi Jalar,2026-10-19,7000.0
Pasar Ciledug,Ubi Jalar,2026-10-20,7000.0
Pasar Ciledug,Ubi Jalar,2026-10-21,7500.0
Pasar Ciledug,Ubi Jalar,2026-10-22,7000.0
Pasar Cipeujeuh,Bawang Bombay,2026-10-09,30000.0
Pasar Cipeujeuh,Bawang Bombay,2026-10-10,30000.0
Pasar Cipeujeuh,Bawang Bombay,2026-10-11,30000.0
Pasar Cipeujeuh,Bawang Bombay,2026-10-12,30000.0
Pasar Cipeujeuh,Bawang Bombay,2026-10-13,30000.0
Pasar Cipeujeuh,Bawang Bombay,2026-10-14,30000.0
Pasar Cipeujeuh,Bawang Bombay,2026-10-15,30000.0
Pasar Cipeujeuh,Bawang Bombay,2026-10-16,30000.0
Pasar Cipeujeuh,Bawang Bombay,2026-10-17,30500.0
Pasar Cipeujeuh,Bawang Bombay,2026-10-18,30000.0
Pasar Cipeujeuh,Bawang Bombay,2026-10-19,30000.0
Pasar Cipeujeuh,Bawang Bombay,2026-10-20,30000.0
Pasar Cipeujeuh,Bawang Bombay,2026-10-21,30000.0
Pasar Cipeujeuh,Bawang Bombay,2026-10-22,30000.0
Pasar Ciledug,Udang,2026-10-09,69500.0
Pasar Ciledug,Udang,2026-10-10,69500.0
Pasar Ciledug,Udang,2026-10-11,69500.0
Pasar Ciledug,Udang,2026-10-12,69500.0
Pasar Ciledug,Udang,2026-10-13,69000.0
Pasar Ciledug,Udang,2026-10-14,69000.0
Pasar Ciledug,Udang,2026-10-15,69000.0
Pasar Ciledug,Udang,2026-10-16,69000.0
Pasar Ciledug,Udang,2026-10-17,69000.0
Pasar Ciledug,Udang,2026-10-18,68500.0
Pasar Ciledug,Udang,2026-10-19,69500.0
Pasar Ciledug,Udang,2026-10-20,69000.0
Pasar Ciledug,Udang,2026-10-21,69500.0
Pasar Ciledug,Udang,2026-10-22,69500.0
Pasar Cipeujeuh,Bawang Merah,2026-10-09,28000.0
Pasar Cipeujeuh,Bawang Merah,2026-10-10,28000.0
Pasar Cipeujeuh,Bawang Merah,2026-10-11,28000.0
Pasar Cipeujeuh,Bawang Merah,2026-10-12,28000.0
Pasar Cipeujeuh,Bawang Merah,2026-10-13,28000.0
Pasar Cipeujeuh,Bawang Merah,2026-10-14,28000.0
Pasar Cipeujeuh,Bawang Merah,2026-10-15,28000.0
Pasar Cipeujeuh,Bawang Merah,2026-10-16,28000.0
Pasar Cipeujeuh,Bawang Merah,2026-10-17,28000.0
Pasar Cipeujeuh,Bawang Merah,2026-10-18,28000.0
Pasar Cipeujeuh,Bawang Merah,2026-10-19,28000.0
Pasar Cipeujeuh,Bawang Merah,2026-10-20,28500.0
Pasar Cipeujeuh,Bawang Merah,2026-10-21,28500.0
Pasar Cipeujeuh,Bawang Merah,2026-10-22,28500.0
Pasar Cipeujeuh,Bawang Putih,2026-10-09,30000.0
Pasar Cipeujeuh,Bawang Putih,2026-10-10,30500.0
Pasar Cipeujeuh,Bawang Putih,2026-10-11,30500.0
Pasar Cipeujeuh,Bawang Putih,2026-10-12,30500.0
Pasar Cipeujeuh,Bawang Putih,2026-10-13,30500.0
Pasar Cipeujeuh,Bawang Putih,2026-10-14,30500.0
Pasar Cipeujeuh,Bawang Putih,2026-10-15,30500.0
Pasar Cipeujeuh,Bawang Putih,2026-10-16,31000.0
Pasar Cipeujeuh,Bawang Putih,2026-10-17,31000.0
Pasar Cipeujeuh,Bawang Putih,2026-10-18,31000.0
Pasar Cipeujeuh,Bawang Putih,2026-10-19,30500.0
Pasar Cipeujeuh,Bawang Putih,2026-10-20,31000.0
Pasar Cipeujeuh,Bawang Putih,2026-10-21,30500.0
Pasar Cipeujeuh,Bawang Putih,2026-10-22,30500.0
Pasar Cipeujeuh,Bawang putih Katingan,2026-10-09,39500.0
Pasar Cipeujeuh,Bawang putih Katingan,2026-10-10,39500.0
Pasar Cipeujeuh,Bawang putih Katingan,2026-10-11,39500.0
Pasar Cipeujeuh,Bawang putih Katingan,2026-10-12,39500.0
Pasar Cipeujeuh,Bawang putih Katingan,2026-10-13,39500.0
Pasar Cipeujeuh,Bawang putih Katingan,2026-10-14,39500.0
Pasar Cipeujeuh,Bawang putih Katingan,2026-10-15,39500.0
Pasar Cipeujeuh,Bawang putih Katingan,2026-10-16,39500.0
Pasar Cipeujeuh,Bawang putih Katingan,2026-10-17,39000.0
Pasar Cipeujeuh,Bawang putih Katingan,2026-10-18,39500.0
Pasar Cipeujeuh,Bawang putih Katingan,2026-10-19,39000.0
Pasar Cipeujeuh,Bawang putih Katingan,2026-10-20,39000.0
Pasar Cipeujeuh,Bawang putih Katingan,2026-10-21,39500.0
Pasar Cipeujeuh,Bawang putih Katingan,2026-10-22,39500.0
Pasar Ciledug,Wortel,2026-10-09,15000.0
Pasar Ciledug,Wortel,2026-10-10,15000.0
Pasar Ciledug,Wortel,2026-10-11,15000.0
Pasar Ciledug,Wortel,2026-10-12,14500.0
Pasar Ciledug,Wortel,2026-10-13,14500.0
Pasar Ciledug,Wortel,2026-10-14,14500.0
Pasar Ciledug,Wortel,2026-10-15,15000.0
Pasar Ciledug,Wortel,2026-10-16,15000.0
Pasar Ciledug,Wortel,2026-10-17,15000.0
Pasar Ciledug,Wortel,2026-10-18,14500.0
Pasar Ciledug,Wortel,2026-10-19,13500.0
Pasar Ciledug,Wortel,2026-10-20,13500.0
Pasar Ciledug,Wortel,2026-10-21,13500.0
Pasar Ciledug,Wortel,2026-10-22,13500.0
Pasar Cipeujeuh,Beras Medium,2026-10-09,15000.0
Pasar Cipeujeuh,Beras Medium,2026-10-10,15000.0
Pasar Cipeujeuh,Beras Medium,2026-10-11,15000.0
Pasar Cipeujeuh,Beras Medium,2026-10-12,14500.0
Pasar Cipeujeuh,Beras Medium,2026-10-13,15000.0
Pasar Cipeujeuh,Beras Medium,2026-10-14,15000.0
Pasar Cipeujeuh,Beras Medium,2026-10-15,14500.0
Pasar Cipeujeuh,Beras Medium,2026-10-16,14500.0
Pasar Cipeujeuh,Beras Medium,2026-10-17,14500.0
Pasar Cipeujeuh,Beras Medium,2026-10-18,14500.0
Pasar Cipeujeuh,Beras Medium,2026-10-19,14500.0
Pasar Cipeujeuh,Beras Medium,2026-10-20,14500.0
Pasar Cipeujeuh,Beras Medium,2026-10-21,14500.0
Pasar Cipeujeuh,Beras Medium,2026-10-22,14000.0
Pasar Cipeujeuh,Beras Premium I,2026-10-09,16500.0
Pasar Cipeujeuh,Beras Premium I,2026-10-10,16500.0
Pasar Cipeujeuh,Beras Premium I,2026-10-11,16500.0
Pasar Cipeujeuh,Beras Premium I,2026-10-12,16000.0
Pasar Cipeujeuh,Beras Premium I,2026-10-13,16000.0
Pasar Cipeujeuh,Beras Premium I,2026-10-14,16000.0
Pasar Cipeujeuh,Beras Premium I,2026-10-15,16000.0
Pasar Cipeujeuh,Beras Premium I,2026-10-16,16000.0
Pasar Cipeujeuh,Beras Premium I,2026-10-17,16000.0
Pasar Cipeujeuh,Beras Premium I,2026-10-18,16000.0
Pasar Cipeujeuh,Beras Premium I,2026-10-19,16000.0
Pasar Cipeujeuh,Beras Premium I,2026-10-20,16000.0
Pasar Cipeujeuh,Beras Premium I,2026-10-21,16000.0
Pasar Cipeujeuh,Beras Premium I,2026-10-22,16000.0
Pasar Cipeujeuh,Cabe Hijau,2026-10-09,15000.0
Pasar Cipeujeuh,Cabe Hijau,2026-10-10,15000.0
Pasar Cipeujeuh,Cabe Hijau,2026-10-11,15000.0
Pasar Cipeujeuh,Cabe Hijau,2026-10-12,15000.0
Pasar Cipeujeuh,Cabe Hijau,2026-10-13,15000.0
Pasar Cipeujeuh,Cabe Hijau,2026-10-14,15000.0
Pasar Cipeujeuh,Cabe Hijau,2026-10-15,15000.0
Pasar Cipeujeuh,Cabe Hijau,2026-10-16,15000.0
Pasar Cipeujeuh,Cabe Hijau,2026-10-17,15500.0
Pasar Cipeujeuh,Cabe Hijau,2026-10-18,16000.0
Pasar Cipeujeuh,Cabe Hijau,2026-10-19,15500.0
Pasar Cipeujeuh,Cabe Hijau,2026-10-20,16000.0
Pasar Cipeujeuh,Cabe Hijau,2026-10-21,16000.0
Pasar Cipeujeuh,Cabe Hijau,2026-10-22,15500.0
Pasar Cipeujeuh,Beras Premium II,2026-10-09,16000.0
Pasar Cipeujeuh,Beras Premium II,2026-10-10,16000.0
Pasar Cipeujeuh,Beras Premium II,2026-10-11,16000.0
Pasar Cipeujeuh,Beras Premium II,2026-10-12,16000.0
Pasar Cipeujeuh,Beras Premium II,2026-10-13,16000.0
Pasar Cipeujeuh,Beras Premium II,2026-10-14,16000.0
Pasar Cipeujeuh,Beras Premium II,2026-10-15,15500.0
Pasar Cipeujeuh,Beras Premium II,2026-10-16,15500.0
Pasar Cipeujeuh,Beras Premium II,2026-10-17,15500.0
Pasar Cipeujeuh,Beras Premium II,2026-10-18,15500.0
Pasar Cipeujeuh,Beras Premium II,2026-10-19,15500.0
Pasar Cipeujeuh,Beras Premium II,2026-10-20,15500.0
Pasar Cipeujeuh,Beras Premium II,2026-10-21,15500.0
Pasar Cipeujeuh,Beras Premium II,2026-10-22,15500.0
Pasar Cipeujeuh,Cabe Merah Biasa,2026-10-09,36000.0
Pasar Cipeujeuh,Cabe Merah Biasa,2026-10-10,36000.0
Pasar Cipeujeuh,Cabe Merah Biasa,2026-10-11,36000.0
Pasar Cipeujeuh,Cabe Merah Biasa,2026-10-12,35000.0
Pasar Cipeujeuh,Cabe Merah Biasa,2026-10-13,34000.0
Pasar Cipeujeuh,Cabe Merah Biasa,2026-10-14,33000.0
Pasar Cipeujeuh,Cabe Merah Biasa,2026-10-15,32000.0
Pasar Cipeujeuh,Cabe Merah Biasa,2026-10-16,32500.0
Pasar Cipeujeuh,Cabe Merah Biasa,2026-10-17,33500.0
Pasar Cipeujeuh,Cabe Merah Biasa,2026-10-18,33500.0
Pasar Cipeujeuh,Cabe Merah Biasa,2026-10-19,34500.0
Pasar Cipeujeuh,Cabe Merah Biasa,2026-10-20,38000.0
Pasar Cipeujeuh,Cabe Merah Biasa,2026-10-21,37500.0
Pasar Cipeujeuh,Cabe Merah Biasa,2026-10-22,39500.0
Pasar Cipeujeuh,Cabe Merah Keriting,2026-10-09,56500.0
Pasar Cipeujeuh,Cabe Merah Keriting,2026-10-10,57000.0
Pasar Cipeujeuh,Cabe Merah Keriting,2026-10-11,55500.0
Pasar Cipeujeuh,Cabe Merah Keriting,2026-10-12,53500.0
Pasar Cipeujeuh,Cabe Merah Keriting,2026-10-13,52000.0
Pasar Cipeujeuh,Cabe Merah Keriting,2026-10-14,52000.0
Pasar Cipeujeuh,Cabe Merah Keriting,2026-10-15,51500.0
Pasar Cipeujeuh,Cabe Merah Keriting,2026-10-16,53500.0
Pasar Cipeujeuh,Cabe Merah Keriting,2026-10-17,51000.0
Pasar Cipeujeuh,Cabe Merah Keriting,2026-10-18,51500.0
Pasar Cipeujeuh,Cabe Merah Keriting,2026-10-19,52500.0
Pasar Cipeujeuh,Cabe Merah Keriting,2026-10-20,51500.0
Pasar Cipeujeuh,Cabe Merah Keriting,2026-10-21,50000.0
Pasar Cipeujeuh,Cabe Merah Keriting,2026-10-22,55000.0
Pasar Cipeujeuh,Buncis,2026-10-09,8000.0
Pasar Cipeujeuh,Buncis,2026-10-10,8000.0
Pasar Cipeujeuh,Buncis,2026-10-11,8000.0
Pasar Cipeujeuh,Buncis,2026-10-12,8000.0
Pasar Cipeujeuh,Buncis,2026-10-13,8000.0
Pasar Cipeujeuh,Buncis,2026-10-14,8000.0
Pasar Cipeujeuh,Buncis,2026-10-15,8000.0
Pasar Cipeujeuh,Buncis,2026-10-16,8000.0
Pasar Cipeujeuh,Buncis,2026-10-17,8000.0
Pasar Cipeujeuh,Buncis,2026-10-18,8000.0
Pasar Cipeujeuh,Buncis,2026-10-19,8000.0
Pasar Cipeujeuh,Buncis,2026-10-20,8000.0
Pasar Cipeujeuh,Buncis,2026-10-21,8000.0
Pasar Cipeujeuh,Buncis,2026-10-22,8000.0
Pasar Cipeujeuh,Beras Premium Super,2026-10-09,16500.0
Pasar Cipeujeuh,Beras Premium Super,2026-10-10,16500.0
Pasar Cipeujeuh,Beras Premium Super,2026-10-11,16500.0
Pasar Cipeujeuh,Beras Premium Super,2026-10-12,16500.0
Pasar Cipeujeuh,Beras Premium Super,2026-10-13,16500.0
Pasar Cipeujeuh,Beras Premium Super,2026-10-14,16500.0
Pasar Cipeujeuh,Beras Premium Super,2026-10-15,16500.0
Pasar Cipeujeuh,Beras Premium Super,2026-10-16,16500.0
Pasar Cipeujeuh,Beras Premium Super,2026-10-17,16500.0
Pasar Cipeujeuh,Beras Premium Super,2026-10-18,16500.0
Pasar Cipeujeuh,Beras Premium Super,2026-10-19,16500.0
Pasar Cipeujeuh,Beras Premium Super,2026-10-20,16500.0
Pasar Cipeujeuh,Beras Premium Super,2026-10-21,16500.0
Pasar Cipeujeuh,Beras Premium Super,2026-10-22,16500.0
Pasar Cipeujeuh,Cabe Rawit Hijau,2026-10-09,40000.0
Pasar Cipeujeuh,Cabe Rawit Hijau,2026-10-10,39500.0
Pasar Cipeujeuh,Cabe Rawit Hijau,2026-10-11,39500.0
Pasar Cipeujeuh,Cabe Rawit Hijau,2026-10-12,39500.0
Pasar Cipeujeuh,Cabe Rawit Hijau,2026-10-13,39500.0
Pasar Cipeujeuh,Cabe Rawit Hijau,2026-10-14,40000.0
Pasar Cipeujeuh,Cabe Rawit Hijau,2026-10-15,40000.0
Pasar Cipeujeuh,Cabe Rawit Hijau,2026-10-16,40000.0
Pasar Cipeujeuh,Cabe Rawit Hijau,2026-10-17,40000.0
Pasar Cipeujeuh,Cabe Rawit Hijau,2026-10-18,40000.0
Pasar Cipeujeuh,Cabe Rawit Hijau,2026-10-19,41500.0
Pasar Cipeujeuh,Cabe Rawit Hijau,2026-10-20,43000.0
Pasar Cipeujeuh,Cabe Rawit Hijau,2026-10-21,44500.0
Pasar Cipeujeuh,Cabe Rawit Hijau,2026-10-22,44500.0
Pasar Cipeujeuh,Cabe Rawit Merah,2026-10-09,78000.0
Pasar Cipeujeuh,Cabe Rawit Merah,2026-10-10,76500.0
Pasar Cipeujeuh,Cabe Rawit Merah,2026-10-11,75500.0
Pasar Cipeujeuh,Cabe Rawit Merah,2026-10-12,74500.0
Pasar Cipeujeuh,Cabe Rawit Merah,2026-10-13,74500.0
Pasar Cipeujeuh,Cabe Rawit Merah,2026-10-14,75000.0
Pasar Cipeujeuh,Cabe Rawit Merah,2026-10-15,74500.0
Pasar Cipeujeuh,Cabe Rawit Merah,2026-10-16,75000.0
Pasar Cipeujeuh,Cabe Rawit Merah,2026-10-17,76500.0
Pasar Cipeujeuh,Cabe Rawit Merah,2026-10-18,74500.0
Pasar Cipeujeuh,Cabe Rawit Merah,2026-10-19,75000.0
Pasar Cipeujeuh,Cabe Rawit Merah,2026-10-20,74000.0
Pasar Cipeujeuh,Cabe Rawit Merah,2026-10-21,72500.0
Pasar Cipeujeuh,Cabe Rawit Merah,2026-10-22,74000.0
Pasar Cipeujeuh,Daging Ayam Kampung,2026-10-09,55000.0
Pasar Cipeujeuh,Daging Ayam Kampung,2026-10-10,55000.0
Pasar Cipeujeuh,Daging Ayam Kampung,2026-10-11,55000.0
Pasar Cipeujeuh,Daging Ayam Kampung,2026-10-12,55000.0
Pasar Cipeujeuh,Daging Ayam Kampung,2026-10-13,55000.0
Pasar Cipeujeuh,Daging Ayam Kampung,2026-10-14,55000.0
Pasar Cipeujeuh,Daging Ayam Kampung,2026-10-15,55000.0
Pasar Cipeujeuh,Daging Ayam Kampung,2026-10-16,55000.0
Pasar Cipeujeuh,Daging Ayam Kampung,2026-10-17,55000.0
Pasar Cipeujeuh,Daging Ayam Kampung,2026-10-18,55000.0
Pasar Cipeujeuh,Daging Ayam Kampung,2026-10-19,55000.0
Pasar Cipeujeuh,Daging Ayam Kampung,2026-10-20,55000.0
Pasar Cipeujeuh,Daging Ayam Kampung,2026-10-21,55000.0
Pasar Cipeujeuh,Daging Ayam Kampung,2026-10-22,55000.0
Pasar Cipeujeuh,Daging Ayam Broiler,2026-10-09,41500.0
Pasar Cipeujeuh,Daging Ayam Broiler,2026-10-10,41500.0
Pasar Cipeujeuh,Daging Ayam Broiler,2026-10-11,41500.0
Pasar Cipeujeuh,Daging Ayam Broiler,2026-10-12,41500.0
Pasar Cipeujeuh,Daging Ayam Broiler,2026-10-13,41500.0
Pasar Cipeujeuh,Daging Ayam Broiler,2026-10-14,41500.0
Pasar Cipeujeuh,Daging Ayam Broiler,2026-10-15,41500.0
Pasar Cipeujeuh,Daging Ayam Broiler,2026-10-16,41500.0
Pasar Cipeujeuh,Daging Ayam Broiler,2026-10-17,41000.0
Pasar Cipeujeuh,Daging Ayam Broiler,2026-10-18,40500.0
Pasar Cipeujeuh,Daging Ayam Broiler,2026-10-19,41500.0
Pasar Cipeujeuh,Daging Ayam Broiler,2026-10-20,41500.0
Pasar Cipeujeuh,Daging Ayam Broiler,2026-10-21,41500.0
Pasar Cipeujeuh,Daging Ayam Broiler,2026-10-22,41500.0
Pasar Cipeujeuh,Daging Kambing,2026-10-09,157500.0
Pasar Cipeujeuh,Daging Kambing,2026-10-10,157500.0
Pasar Cipeujeuh,Daging Kambing,2026-10-11,157500.0
Pasar Cipeujeuh,Daging Kambing,2026-10-12,157000.0
Pasar Cipeujeuh,Daging Kambing,2026-10-13,157500.0
Pasar Cipeujeuh,Daging Kambing,2026-10-14,157000.0
Pasar Cipeujeuh,Daging Kambing,2026-10-15,157000.0
Pasar Cipeujeuh,Daging Kambing,2026-10-16,157000.0
Pasar Cipeujeuh,Daging Kambing,2026-10-17,157000.0
Pasar Cipeujeuh,Daging Kambing,2026-10-18,157000.0
Pasar Cipeujeuh,Daging Kambing,2026-10-19,157000.0
Pasar Cipeujeuh,Daging Kambing,2026-10-20,157500.0
Pasar Cipeujeuh,Daging Kambing,2026-10-21,157500.0
Pasar Cipeujeuh,Daging Kambing,2026-10-22,157500.0
Pasar Cipeujeuh,Daging Sapi Murni,2026-10-09,158000.0
Pasar Cipeujeuh,Daging Sapi Murni,2026-10-10,158000.0
Pasar Cipeujeuh,Daging Sapi Murni,2026-10-11,155500.0
Pasar Cipeujeuh,Daging Sapi Murni,2026-10-12,158000.0
Pasar Cipeujeuh,Daging Sapi Murni,2026-10-13,157500.0
Pasar Cipeujeuh,Daging Sapi Murni,2026-10-14,158000.0
Pasar Cipeujeuh,Daging Sapi Murni,2026-10-15,158000.0
Pasar Cipeujeuh,Daging Sapi Murni,2026-10-16,158000.0
Pasar Cipeujeuh,Daging Sapi Murni,2026-10-17,158000.0
Pasar Cipeujeuh,Daging Sapi Murni,2026-10-18,155000.0
Pasar Cipeujeuh,Daging Sapi Murni,2026-10-19,158000.0
Pasar Cipeujeuh,Daging Sapi Murni,2026-10-20,158000.0
Pasar Cipeujeuh,Daging Sapi Murni,2026-10-21,158000.0
Pasar Cipeujeuh,Daging Sapi Murni,2026-10-22,158000.0
Pasar Cipeujeuh,Cumi Asin,2026-10-09,119500.0
Pasar Cipeujeuh,Cumi Asin,2026-10-10,119500.0
Pasar Cipeujeuh,Cumi Asin,2026-10-11,119500.0
Pasar Cipeujeuh,Cumi Asin,2026-10-12,119500.0
Pasar Cipeujeuh,Cumi Asin,2026-10-13,119500.0
Pasar Cipeujeuh,Cumi Asin,2026-10-14,119500.0
Pasar Cipeujeuh,Cumi Asin,2026-10-15,119500.0
Pasar Cipeujeuh,Cumi Asin,2026-10-16,119500.0
Pasar Cipeujeuh,Cumi Asin,2026-10-17,119500.0
Pasar Cipeujeuh,Cumi Asin,2026-10-18,119500.0
Pasar Cipeujeuh,Cumi Asin,2026-10-19,119500.0
Pasar Cipeujeuh,Cumi Asin,2026-10-20,119500.0
Pasar Cipeujeuh,Cumi Asin,2026-10-21,119500.0
Pasar Cipeujeuh,Cumi Asin,2026-10-22,119500.0
Pasar Cipeujeuh,Daging Sapi Kw 2,2026-10-09,148000.0
Pasar Cipeujeuh,Daging Sapi Kw 2,2026-10-10,148000.0
Pasar Cipeujeuh,Daging Sapi Kw 2,2026-10-11,148000.0
Pasar Cipeujeuh,Daging Sapi Kw 2,2026-10-12,148000.0
Pasar Cipeujeuh,Daging Sapi Kw 2,2026-10-13,148000.0
Pasar Cipeujeuh,Daging Sapi Kw 2,2026-10-14,148000.0
Pasar Cipeujeuh,Daging Sapi Kw 2,2026-10-15,148000.0
Pasar Cipeujeuh,Daging Sapi Kw 2,2026-10-16,148000.0
Pasar Cipeujeuh,Daging Sapi Kw 2,2026-10-17,148000.0
Pasar Cipeujeuh,Daging Sapi Kw 2,2026-10-18,148000.0
Pasar Cipeujeuh,Daging Sapi Kw 2,2026-10-19,148000.0
Pasar Cipeujeuh,Daging Sapi Kw 2,2026-10-20,148000.0
Pasar Cipeujeuh,Daging Sapi Kw 2,2026-10-21,147500.0
Pasar Cipeujeuh,Daging Sapi Kw 2,2026-10-22,148000.0
Pasar Cipeujeuh,Garam Beryodium,2026-10-09,2500.0
Pasar Cipeujeuh,Garam Beryodium,2026-10-10,2500.0
Pasar Cipeujeuh,Garam Beryodium,2026-10-11,2500.0
Pasar Cipeujeuh,Garam Beryodium,2026-10-12,2500.0
Pasar Cipeujeuh,Garam Beryodium,2026-10-13,2500.0
Pasar Cipeujeuh,Garam Beryodium,2026-10-14,2500.0
Pasar Cipeujeuh,Garam Beryodium,2026-10-15,2500.0
Pasar Cipeujeuh,Garam Beryodium,2026-10-16,2500.0
Pasar Cipeujeuh,Garam Beryodium,2026-10-17,2500.0
Pasar Cipeujeuh,Garam Beryodium,2026-10-18,2500.0
Pasar Cipeujeuh,Garam Beryodium,2026-10-19,2500.0
Pasar Cipeujeuh,Garam Beryodium,2026-10-20,2500.0
Pasar Cipeujeuh,Garam Beryodium,2026-10-21,2500.0
Pasar Cipeujeuh,Garam Beryodium,2026-10-22,2500.0
Pasar Cipeujeuh,Gula Batu,2026-10-09,22000.0
Pasar Cipeujeuh,Gula Batu,2026-10-10,22000.0
Pasar Cipeujeuh,Gula Batu,2026-10-11,22000.0
Pasar Cipeujeuh,Gula Batu,2026-10-12,22000.0
Pasar Cipeujeuh,Gula Batu,2026-10-13,22000.0
Pasar Cipeujeuh,Gula Batu,2026-10-14,22000.0
Pasar Cipeujeuh,Gula Batu,2026-10-15,22000.0
Pasar Cipeujeuh,Gula Batu,2026-10-16,22000.0
Pasar Cipeujeuh,Gula Batu,2026-10-17,22000.0
Pasar Cipeujeuh,Gula Batu,2026-10-18,22000.0
Pasar Cipeujeuh,Gula Batu,2026-10-19,22000.0
Pasar Cipeujeuh,Gula Batu,2026-10-20,22000.0
Pasar Cipeujeuh,Gula Batu,2026-10-21,22000.0
Pasar Cipeujeuh,Gula Batu,2026-10-22,22000.0
Pasar Cipeujeuh,Gula Impor,2026-10-09,12000.0
Pasar Cipeujeuh,Gula Impor,2026-10-10,12000.0
Pasar Cipeujeuh,Gula Impor,2026-10-11,12000.0
Pasar Cipeujeuh,Gula Impor,2026-10-12,12000.0
Pasar Cipeujeuh,Gula Impor,2026-10-13,12000.0
Pasar Cipeujeuh,Gula Impor,2026-10-14,12000.0
Pasar Cipeujeuh,Gula Impor,2026-10-15,12000.0
Pasar Cipeujeuh,Gula Impor,2026-10-16,12000.0
Pasar Cipeujeuh,Gula Impor,2026-10-17,12000.0
Pasar Cipeujeuh,Gula Impor,2026-10-18,12000.0
Pasar Cipeujeuh,Gula Impor,2026-10-19,12000.0
Pasar Cipeujeuh,Gula Impor,2026-10-20,12000.0
Pasar Cipeujeuh,Gula Impor,2026-10-21,12000.0
Pasar Cipeujeuh,Gula Impor,2026-10-22,12000.0
Pasar Cipeujeuh,Ikan Asin Kembung,2026-10-09,15000.0
Pasar Cipeujeuh,Ikan Asin Kembung,2026-10-10,15000.0
Pasar Cipeujeuh,Ikan Asin Kembung,2026-10-11,15000.0
Pasar Cipeujeuh,Ikan Asin Kembung,2026-10-12,15000.0
Pasar Cipeujeuh,Ikan Asin Kembung,2026-10-13,15000.0
Pasar Cipeujeuh,Ikan Asin Kembung,2026-10-14,15000.0
Pasar Cipeujeuh,Ikan Asin Kembung,2026-10-15,15000.0
Pasar Cipeujeuh,Ikan Asin Kembung,2026-10-16,15000.0
Pasar Cipeujeuh,Ikan Asin Kembung,2026-10-17,15000.0
Pasar Cipeujeuh,Ikan Asin Kembung,2026-10-18,15000.0
Pasar Cipeujeuh,Ikan Asin Kembung,2026-10-19,15000.0
Pasar Cipeujeuh,Ikan Asin Kembung,2026-10-20,15000.0
Pasar Cipeujeuh,Ikan Asin Kembung,2026-10-21,15000.0
Pasar Cipeujeuh,Ikan Asin Kembung,2026-10-22,15000.0
Pasar Cipeujeuh,Gula Merah,2026-10-09,19000.0
Pasar Cipeujeuh,Gula Merah,2026-10-10,19000.0
Pasar Cipeujeuh,Gula Merah,2026-10-11,19000.0
Pasar Cipeujeuh,Gula Merah,2026-10-12,19000.0
Pasar Cipeujeuh,Gula Merah,2026-10-13,19000.0
Pasar Cipeujeuh,Gula Merah,2026-10-14,19000.0
Pasar Cipeujeuh,Gula Merah,2026-10-15,19000.0
Pasar Cipeujeuh,Gula Merah,2026-10-16,19000.0
Pasar Cipeujeuh,Gula Merah,2026-10-17,19000.0
Pasar Cipeujeuh,Gula Merah,2026-10-18,19000.0
Pasar Cipeujeuh,Gula Merah,2026-10-19,19000.0
Pasar Cipeujeuh,Gula Merah,2026-10-20,19000.0
Pasar Cipeujeuh,Gula Merah,2026-10-21,19000.0
Pasar Cipeujeuh,Gula Merah,2026-10-22,19000.0
Pasar Cipeujeuh,Gula Pasir lokal,2026-10-09,18000.0
Pasar Cipeujeuh,Gula Pasir lokal,2026-10-10,18500.0
Pasar Cipeujeuh,Gula Pasir lokal,2026-10-11,18000.0
Pasar Cipeujeuh,Gula Pasir lokal,2026-10-12,18000.0
Pasar Cipeujeuh,Gula Pasir lokal,2026-10-13,18000.0
Pasar Cipeujeuh,Gula Pasir lokal,2026-10-14,18000.0
Pasar Cipeujeuh,Gula Pasir lokal,2026-10-15,18000.0
Pasar Cipeujeuh,Gula Pasir lokal,2026-10-16,18000.0
Pasar Cipeujeuh,Gula Pasir lokal,2026-10-17,18000.0
Pasar Cipeujeuh,Gula Pasir lokal,2026-10-18,18000.0
Pasar Cipeujeuh,Gula Pasir lokal,2026-10-19,18000.0
Pasar Cipeujeuh,Gula Pasir lokal,2026-10-20,18000.0
Pasar Cipeujeuh,Gula Pasir lokal,2026-10-21,18000.0
Pasar Cipeujeuh,Gula Pasir lokal,2026-10-22,18000.0
Pasar Cipeujeuh,Ikan Asin Tiga Wajan,2026-10-09,45000.0
Pasar Cipeujeuh,Ikan Asin Tiga Wajan,2026-10-10,45000.0
Pasar Cipeujeuh,Ikan Asin Tiga Wajan,2026-10-11,45000.0
Pasar Cipeujeuh,Ikan Asin Tiga Wajan,2026-10-12,45000.0
Pasar Cipeujeuh,Ikan Asin Tiga Wajan,2026-10-13,45000.0
Pasar Cipeujeuh,Ikan Asin Tiga Wajan,2026-10-14,45000.0
Pasar Cipeujeuh,Ikan Asin Tiga Wajan,2026-10-15,45000.0
Pasar Cipeujeuh,Ikan Asin Tiga Wajan,2026-10-16,45000.0
Pasar Cipeujeuh,Ikan Asin Tiga Wajan,2026-10-17,45000.0
Pasar Cipeujeuh,Ikan Asin Tiga Wajan,2026-10-18,45000.0
Pasar Cipeujeuh,Ikan Asin Tiga Wajan,2026-10-19,45000.0
Pasar Cipeujeuh,Ikan Asin Tiga Wajan,2026-10-20,45000.0
Pasar Cipeujeuh,Ikan Asin Tiga Wajan,2026-10-21,45000.0
Pasar Cipeujeuh,Ikan Asin Tiga Wajan,2026-10-22,45000.0
Pasar Cipeujeuh,Ikan Bandeng,2026-10-09,25000.0
Pasar Cipeujeuh,Ikan Bandeng,2026-10-10,25000.0
Pasar Cipeujeuh,Ikan Bandeng,2026-10-11,25000.0
Pasar Cipeujeuh,Ikan Bandeng,2026-10-12,25000.0
Pasar Cipeujeuh,Ikan Bandeng,2026-10-13,25000.0
Pasar Cipeujeuh,Ikan Bandeng,2026-10-14,25000.0
Pasar Cipeujeuh,Ikan Bandeng,2026-10-15,25000.0
Pasar Cipeujeuh,Ikan Bandeng,2026-10-16,25000.0
Pasar Cipeujeuh,Ikan Bandeng,2026-10-17,25000.0
Pasar Cipeujeuh,Ikan Bandeng,2026-10-18,25000.0
Pasar Cipeujeuh,Ikan Bandeng,2026-10-19,25000.0
Pasar Cipeujeuh,Ikan Bandeng,2026-10-20,25000.0
Pasar Cipeujeuh,Ikan Bandeng,2026-10-21,25000.0
Pasar Cipeujeuh,Ikan Bandeng,2026-10-22,25000.0
Pasar Cipeujeuh,Ikan Kembung,2026-10-09,32000.0
Pasar Cipeujeuh,Ikan Kembung,2026-10-10,32000.0
Pasar Cipeujeuh,Ikan Kembung,2026-10-11,32000.0
Pasar Cipeujeuh,Ikan Kembung,2026-10-12,32000.0
Pasar Cipeujeuh,Ikan Kembung,2026-10-13,32000.0
Pasar Cipeujeuh,Ikan Kembung,2026-10-14,32000.0
Pasar Cipeujeuh,Ikan Kembung,2026-10-15,32000.0
Pasar Cipeujeuh,Ikan Kembung,2026-10-16,32000.0
Pasar Cipeujeuh,Ikan Kembung,2026-10-17,32000.0
Pasar Cipeujeuh,Ikan Kembung,2026-10-18,32000.0
Pasar Cipeujeuh,Ikan Kembung,2026-10-19,32000.0
Pasar Cipeujeuh,Ikan Kembung,2026-10-20,32000.0
Pasar Cipeujeuh,Ikan Kembung,2026-10-21,32000.0
Pasar Cipeujeuh,Ikan Kembung,2026-10-22,32000.0
Pasar Cipeujeuh,Jagung Pipilan,2026-10-09,8000.0
Pasar Cipeujeuh,Jagung Pipilan,2026-10-10,8000.0
Pasar Cipeujeuh,Jagung Pipilan,2026-10-11,8000.0
Pasar Cipeujeuh,Jagung Pipilan,2026-10-12,8000.0
Pasar Cipeujeuh,Jagung Pipilan,2026-10-13,8000.0
Pasar Cipeujeuh,Jagung Pipilan,2026-10-14,8000.0
Pasar Cipeujeuh,Jagung Pipilan,2026-10-15,8000.0
Pasar Cipeujeuh,Jagung Pipilan,2026-10-16,8000.0
Pasar Cipeujeuh,Jagung Pipilan,2026-10-17,8000.0
Pasar Cipeujeuh,Jagung Pipilan,2026-10-18,8000.0
Pasar Cipeujeuh,Jagung Pipilan,2026-10-19,8000.0
Pasar Cipeujeuh,Jagung Pipilan,2026-10-20,8000.0
Pasar Cipeujeuh,Jagung Pipilan,2026-10-21,8000.0
Pasar Cipeujeuh,Jagung Pipilan,2026-10-22,8000.0
Pasar Cipeujeuh,Indomie Kari Ayam,2026-10-09,35000.0
Pasar Cipeujeuh,Indomie Kari Ayam,2026-10-10,35000.0
Pasar Cipeujeuh,Indomie Kari Ayam,2026-10-11,35000.0
Pasar Cipeujeuh,Indomie Kari Ayam,2026-10-12,35000.0
Pasar Cipeujeuh,Indomie Kari Ayam,2026-10-13,35000.0
Pasar Cipeujeuh,Indomie Kari Ayam,2026-10-14,35000.0
Pasar Cipeujeuh,Indomie Kari Ayam,2026-10-15,35000.0
Pasar Cipeujeuh,Indomie Kari Ayam,2026-10-16,35000.0
Pasar Cipeujeuh,Indomie Kari Ayam,2026-10-17,35000.0
Pasar Cipeujeuh,Indomie Kari Ayam,2026-10-18,35000.0
Pasar Cipeujeuh,Indomie Kari Ayam,2026-10-19,35000.0
Pasar Cipeujeuh,Indomie Kari Ayam,2026-10-20,35000.0
Pasar Cipeujeuh,Indomie Kari Ayam,2026-10-21,35000.0
Pasar Cipeujeuh,Indomie Kari Ayam,2026-10-22,35000.0
Pasar Cipeujeuh,Kacang Panjang,2026-10-09,23000.0
Pasar Cipeujeuh,Kacang Panjang,2026-10-10,23000.0
Pasar Cipeujeuh,Kacang Panjang,2026-10-11,23000.0
Pasar Cipeujeuh,Kacang Panjang,2026-10-12,23000.0
Pasar Cipeujeuh,Kacang Panjang,2026-10-13,23000.0
Pasar Cipeujeuh,Kacang Panjang,2026-10-14,23000.0
Pasar Cipeujeuh,Kacang Panjang,2026-10-15,23000.0
Pasar Cipeujeuh,Kacang Panjang,2026-10-16,23000.0
Pasar Cipeujeuh,Kacang Panjang,2026-10-17,23000.0
Pasar Cipeujeuh,Kacang Panjang,2026-10-18,23000.0
Pasar Cipeujeuh,Kacang Panjang,2026-10-19,23000.0
Pasar Cipeujeuh,Kacang Panjang,2026-10-20,23000.0
Pasar Cipeujeuh,Kacang Panjang,2026-10-21,23000.0
Pasar Cipeujeuh,Kacang Panjang,2026-10-22,23000.0
Pasar Cipeujeuh,Kacang Hijau,2026-10-09,20000.0
Pasar Cipeujeuh,Kacang Hijau,2026-10-10,20000.0
Pasar Cipeujeuh,Kacang Hijau,2026-10-11,20000.0
Pasar Cipeujeuh,Kacang Hijau,2026-10-12,20000.0
Pasar Cipeujeuh,Kacang Hijau,2026-10-13,20000.0
Pasar Cipeujeuh,Kacang Hijau,2026-10-14,20000.0
Pasar Cipeujeuh,Kacang Hijau,2026-10-15,20000.0
Pasar Cipeujeuh,Kacang Hijau,2026-10-16,20000.0
Pasar Cipeujeuh,Kacang Hijau,2026-10-17,20000.0
Pasar Cipeujeuh,Kacang Hijau,2026-10-18,20000.0
Pasar Cipeujeuh,Kacang Hijau,2026-10-19,20000.0
Pasar Cipeujeuh,Kacang Hijau,2026-10-20,20000.0
Pasar Cipeujeuh,Kacang Hijau,2026-10-21,20000.0
Pasar Cipeujeuh,Kacang Hijau,2026-10-22,20000.0
Pasar Cipeujeuh,Kacang Kedelai Impor,2026-10-09,9000.0
Pasar Cipeujeuh,Kacang Kedelai Impor,2026-10-10,9000.0
Pasar Cipeujeuh,Kacang Kedelai Impor,2026-10-11,9000.0
Pasar Cipeujeuh,Kacang Kedelai Impor,2026-10-12,9000.0
Pasar Cipeujeuh,Kacang Kedelai Impor,2026-10-13,9000.0
Pasar Cipeujeuh,Kacang Kedelai Impor,2026-10-14,9000.0
Pasar Cipeujeuh,Kacang Kedelai Impor,2026-10-15,9000.0
Pasar Cipeujeuh,Kacang Kedelai Impor,2026-10-16,9000.0
Pasar Cipeujeuh,Kacang Kedelai Impor,2026-10-17,9000.0
Pasar Cipeujeuh,Kacang Kedelai Impor,2026-10-18,9000.0
Pasar Cipeujeuh,Kacang Kedelai Impor,2026-10-19,9000.0
Pasar Cipeujeuh,Kacang Kedelai Impor,2026-10-20,9000.0
Pasar Cipeujeuh,Kacang Kedelai Impor,2026-10-21,9000.0
Pasar Cipeujeuh,Kacang Kedelai Impor,2026-10-22,9000.0
Pasar Cipeujeuh,Kacang Kedelai Lokal,2026-10-09,12000.0
Pasar Cipeujeuh,Kacang Kedelai Lokal,2026-10-10,12000.0
Pasar Cipeujeuh,Kacang Kedelai Lokal,2026-10-11,12000.0
Pasar Cipeujeuh,Kacang Kedelai Lokal,2026-10-12,12000.0
Pasar Cipeujeuh,Kacang Kedelai Lokal,2026-10-13,12000.0
Pasar Cipeujeuh,Kacang Kedelai Lokal,2026-10-14,12000.0
Pasar Cipeujeuh,Kacang Kedelai Lokal,2026-10-15,12000.0
Pasar Cipeujeuh,Kacang Kedelai Lokal,2026-10-16,12000.0
Pasar Cipeujeuh,Kacang Kedelai Lokal,2026-10-17,12000.0
Pasar Cipeujeuh,Kacang Kedelai Lokal,2026-10-18,12000.0
Pasar Cipeujeuh,Kacang Kedelai Lokal,2026-10-19,12000.0
Pasar Cipeujeuh,Kacang Kedelai Lokal,2026-10-20,12000.0
Pasar Cipeujeuh,Kacang Kedelai Lokal,2026-10-21,12000.0
Pasar Cipeujeuh,Kacang Kedelai Lokal,2026-10-22,12000.0
Pasar Cipeujeuh,Kacang Tanah kupas,2026-10-09,24000.0
Pasar Cipeujeuh,Kacang Tanah kupas,2026-10-10,24000.0
Pasar Cipeujeuh,Kacang Tanah kupas,2026-10-11,24000.0
Pasar Cipeujeuh,Kacang Tanah kupas,2026-10-12,24000.0
Pasar Cipeujeuh,Kacang Tanah kupas,2026-10-13,24000.0
Pasar Cipeujeuh,Kacang Tanah kupas,2026-10-14,24000.0
Pasar Cipeujeuh,Kacang Tanah kupas,2026-10-15,24000.0
Pasar Cipeujeuh,Kacang Tanah kupas,2026-10-16,24000.0
Pasar Cipeujeuh,Kacang Tanah kupas,2026-10-17,24000.0
Pasar Cipeujeuh,Kacang Tanah kupas,2026-10-18,24000.0
Pasar Cipeujeuh,Kacang Tanah kupas,2026-10-19,24000.0
Pasar Cipeujeuh,Kacang Tanah kupas,2026-10-20,24000.0
Pasar Cipeujeuh,Kacang Tanah kupas,2026-10-21,24000.0
Pasar Cipeujeuh,Kacang Tanah kupas,2026-10-22,24000.0
Pasar Cipeujeuh,Margarine Blue Band,2026-10-09,11000.0
Pasar Cipeujeuh,Margarine Blue Band,2026-10-10,11000.0
Pasar Cipeujeuh,Margarine Blue Band,2026-10-11,11000.0
Pasar Cipeujeuh,Margarine Blue Band,2026-10-12,11000.0
Pasar Cipeujeuh,Margarine Blue Band,2026-10-13,11000.0
Pasar Cipeujeuh,Margarine Blue Band,2026-10-14,11000.0
Pasar Cipeujeuh,Margarine Blue Band,2026-10-15,11000.0
Pasar Cipeujeuh,Margarine Blue Band,2026-10-16,11000.0
Pasar Cipeujeuh,Margarine Blue Band,2026-10-17,11000.0
Pasar Cipeujeuh,Margarine Blue Band,2026-10-18,11000.0
Pasar Cipeujeuh,Margarine Blue Band,2026-10-19,11000.0
Pasar Cipeujeuh,Margarine Blue Band,2026-10-20,11000.0
Pasar Cipeujeuh,Margarine Blue Band,2026-10-21,11000.0
Pasar Cipeujeuh,Margarine Blue Band,2026-10-22,11000.0
Pasar Cipeujeuh,Kacang Tanah/Suuk,2026-10-09,24000.0
Pasar Cipeujeuh,Kacang Tanah/Suuk,2026-10-10,24000.0
Pasar Cipeujeuh,Kacang Tanah/Suuk,2026-10-11,24000.0
Pasar Cipeujeuh,Kacang Tanah/Suuk,2026-10-12,24000.0
Pasar Cipeujeuh,Kacang Tanah/Suuk,2026-10-13,24000.0
Pasar Cipeujeuh,Kacang Tanah/Suuk,2026-10-14,24000.0
Pasar Cipeujeuh,Kacang Tanah/Suuk,2026-10-15,24000.0
Pasar Cipeujeuh,Kacang Tanah/Suuk,2026-10-16,24000.0
Pasar Cipeujeuh,Kacang Tanah/Suuk,2026-10-17,24000.0
Pasar Cipeujeuh,Kacang Tanah/Suuk,2026-10-18,24000.0
Pasar Cipeujeuh,Kacang Tanah/Suuk,2026-10-19,24000.0
Pasar Cipeujeuh,Kacang Tanah/Suuk,2026-10-20,24000.0
Pasar Cipeujeuh,Kacang Tanah/Suuk,2026-10-21,24000.0
Pasar Cipeujeuh,Kacang Tanah/Suuk,2026-10-22,24000.0
Pasar Cipeujeuh,Minyak Goreng Bimoli,2026-10-09,15000.0
Pasar Cipeujeuh,Minyak Goreng Bimoli,2026-10-10,15000.0
Pasar Cipeujeuh,Minyak Goreng Bimoli,2026-10-11,15000.0
Pasar Cipeujeuh,Minyak Goreng Bimoli,2026-10-12,15000.0
Pasar Cipeujeuh,Minyak Goreng Bimoli,2026-10-13,15000.0
Pasar Cipeujeuh,Minyak Goreng Bimoli,2026-10-14,15000.0
Pasar Cipeujeuh,Minyak Goreng Bimoli,2026-10-15,15000.0
Pasar Cipeujeuh,Minyak Goreng Bimoli,2026-10-16,15000.0
Pasar Cipeujeuh,Minyak Goreng Bimoli,2026-10-17,15000.0
Pasar Cipeujeuh,Minyak Goreng Bimoli,2026-10-18,15000.0
Pasar Cipeujeuh,Minyak Goreng Bimoli,2026-10-19,15000.0
Pasar Cipeujeuh,Minyak Goreng Bimoli,2026-10-20,15000.0
Pasar Cipeujeuh,Minyak Goreng Bimoli,2026-10-21,15000.0
Pasar Cipeujeuh,Minyak Goreng Bimoli,2026-10-22,15000.0
Pasar Cipeujeuh,Kentang,2026-10-09,14000.0
Pasar Cipeujeuh,Kentang,2026-10-10,14000.0
Pasar Cipeujeuh,Kentang,2026-10-11,14000.0
Pasar Cipeujeuh,Kentang,2026-10-12,14000.0
Pasar Cipeujeuh,Kentang,2026-10-13,14000.0
Pasar Cipeujeuh,Kentang,2026-10-14,14000.0
Pasar Cipeujeuh,Kentang,2026-10-15,14000.0
Pasar Cipeujeuh,Kentang,2026-10-16,14000.0
Pasar Cipeujeuh,Kentang,2026-10-17,14000.0
Pasar Cipeujeuh,Kentang,2026-10-18,13500.0
Pasar Cipeujeuh,Kentang,2026-10-19,13500.0
Pasar Cipeujeuh,Kentang,2026-10-20,13500.0
Pasar Cipeujeuh,Kentang,2026-10-21,13500.0
Pasar Cipeujeuh,Kentang,2026-10-22,13000.0
Pasar Cipeujeuh,Kol,2026-10-09,7000.0
Pasar Cipeujeuh,Kol,2026-10-10,7000.0
Pasar Cipeujeuh,Kol,2026-10-11,7000.0
Pasar Cipeujeuh,Kol,2026-10-12,7000.0
Pasar Cipeujeuh,Kol,2026-10-13,7000.0
Pasar Cipeujeuh,Kol,2026-10-14,7000.0
Pasar Cipeujeuh,Kol,2026-10-15,7000.0
Pasar Cipeujeuh,Kol,2026-10-16,7000.0
Pasar Cipeujeuh,Kol,2026-10-17,7000.0
Pasar Cipeujeuh,Kol,2026-10-18,7000.0
Pasar Cipeujeuh,Kol,2026-10-19,7000.0
Pasar Cipeujeuh,Kol,2026-10-20,7000.0
Pasar Cipeujeuh,Kol,2026-10-21,7000.0
Pasar Cipeujeuh,Kol,2026-10-22,7000.0
Pasar Cipeujeuh,Mie Instan Sedaap Soto,2026-10-09,26500.0
Pasar Cipeujeuh,Mie Instan Sedaap Soto,2026-10-10,26500.0
Pasar Cipeujeuh,Mie Instan Sedaap Soto,2026-10-11,26500.0
Pasar Cipeujeuh,Mie Instan Sedaap Soto,2026-10-12,26500.0
Pasar Cipeujeuh,Mie Instan Sedaap Soto,2026-10-13,26500.0
Pasar Cipeujeuh,Mie Instan Sedaap Soto,2026-10-14,26500.0
Pasar Cipeujeuh,Mie Instan Sedaap Soto,2026-10-15,26500.0
Pasar Cipeujeuh,Mie Instan Sedaap Soto,2026-10-16,26500.0
Pasar Cipeujeuh,Mie Instan Sedaap Soto,2026-10-17,26500.0
Pasar Cipeujeuh,Mie Instan Sedaap Soto,2026-10-18,26500.0
Pasar Cipeujeuh,Mie Instan Sedaap Soto,2026-10-19,26500.0
Pasar Cipeujeuh,Mie Instan Sedaap Soto,2026-10-20,26500.0
Pasar Cipeujeuh,Mie Instan Sedaap Soto,2026-10-21,26500.0
Pasar Cipeujeuh,Mie Instan Sedaap Soto,2026-10-22,26500.0
Pasar Cipeujeuh,Minyak Goreng Curah,2026-10-09,21500.0
Pasar Cipeujeuh,Minyak Goreng Curah,2026-10-10,21500.0
Pasar Cipeujeuh,Minyak Goreng Curah,2026-10-11,21500.0
Pasar Cipeujeuh,Minyak Goreng Curah,2026-10-12,21500.0
Pasar Cipeujeuh,Minyak Goreng Curah,2026-10-13,21500.0
Pasar Cipeujeuh,Minyak Goreng Curah,2026-10-14,21500.0
Pasar Cipeujeuh,Minyak Goreng Curah,2026-10-15,21500.0
Pasar Cipeujeuh,Minyak Goreng Curah,2026-10-16,21500.0
Pasar Cipeujeuh,Minyak Goreng Curah,2026-10-17,21500.0
Pasar Cipeujeuh,Minyak Goreng Curah,2026-10-18,21000.0
Pasar Cipeujeuh,Minyak Goreng Curah,2026-10-19,21500.0
Pasar Cipeujeuh,Minyak Goreng Curah,2026-10-20,21500.0
Pasar Cipeujeuh,Minyak Goreng Curah,2026-10-21,21500.0
Pasar Cipeujeuh,Minyak Goreng Curah,2026-10-22,21500.0
Pasar Cipeujeuh,Minyak Goreng Kemasan Sederhana,2026-10-09,16000.0
Pasar Cipeujeuh,Minyak Goreng Kemasan Sederhana,2026-10-10,16000.0
Pasar Cipeujeuh,Minyak Goreng Kemasan Sederhana,2026-10-11,16000.0
Pasar Cipeujeuh,Minyak Goreng Kemasan Sederhana,2026-10-12,16000.0
Pasar Cipeujeuh,Minyak Goreng Kemasan Sederhana,2026-10-13,16000.0
Pasar Cipeujeuh,Minyak Goreng Kemasan Sederhana,2026-10-14,16000.0
Pasar Cipeujeuh,Minyak Goreng Kemasan Sederhana,2026-10-15,16000.0
Pasar Cipeujeuh,Minyak Goreng Kemasan Sederhana,2026-10-16,16000.0
Pasar Cipeujeuh,Minyak Goreng Kemasan Sederhana,2026-10-17,16000.0
Pasar Cipeujeuh,Minyak Goreng Kemasan Sederhana,2026-10-18,16000.0
Pasar Cipeujeuh,Minyak Goreng Kemasan Sederhana,2026-10-19,16000.0
Pasar Cipeujeuh,Minyak Goreng Kemasan Sederhana,2026-10-20,16000.0
Pasar Cipeujeuh,Minyak Goreng Kemasan Sederhana,2026-10-21,16000.0
Pasar Cipeujeuh,Minyak Goreng Kemasan Sederhana,2026-10-22,16000.0
Pasar Cipeujeuh,Minyak Goreng Tropical,2026-10-09,22500.0
Pasar Cipeujeuh,Minyak Goreng Tropical,2026-10-10,22500.0
Pasar Cipeujeuh,Minyak Goreng Tropical,2026-10-11,22500.0
Pasar Cipeujeuh,Minyak Goreng Tropical,2026-10-12,22500.0
Pasar Cipeujeuh,Minyak Goreng Tropical,2026-10-13,22500.0
Pasar Cipeujeuh,Minyak Goreng Tropical,2026-10-14,22500.0
Pasar Cipeujeuh,Minyak Goreng Tropical,2026-10-15,22500.0
Pasar Cipeujeuh,Minyak Goreng Tropical,2026-10-16,22500.0
Pasar Cipeujeuh,Minyak Goreng Tropical,2026-10-17,22500.0
Pasar Cipeujeuh,Minyak Goreng Tropical,2026-10-18,22500.0
Pasar Cipeujeuh,Minyak Goreng Tropical,2026-10-19,22500.0
Pasar Cipeujeuh,Minyak Goreng Tropical,2026-10-20,22500.0
Pasar Cipeujeuh,Minyak Goreng Tropical,2026-10-21,22500.0
Pasar Cipeujeuh,Minyak Goreng Tropical,2026-10-22,22500.0
Pasar Cipeujeuh,Sawi Hijau,2026-10-09,6000.0
Pasar Cipeujeuh,Sawi Hijau,2026-10-10,6000.0
Pasar Cipeujeuh,Sawi Hijau,2026-10-11,6000.0
Pasar Cipeujeuh,Sawi Hijau,2026-10-12,6000.0
Pasar Cipeujeuh,Sawi Hijau,2026-10-13,6000.0
Pasar Cipeujeuh,Sawi Hijau,2026-10-14,6000.0
Pasar Cipeujeuh,Sawi Hijau,2026-10-15,6000.0
Pasar Cipeujeuh,Sawi Hijau,2026-10-16,6000.0
Pasar Cipeujeuh,Sawi Hijau,2026-10-17,6000.0
Pasar Cipeujeuh,Sawi Hijau,2026-10-18,6000.0
Pasar Cipeujeuh,Sawi Hijau,2026-10-19,6000.0
Pasar Cipeujeuh,Sawi Hijau,2026-10-20,6000.0
Pasar Cipeujeuh,Sawi Hijau,2026-10-21,6000.0
Pasar Cipeujeuh,Sawi Hijau,2026-10-22,6000.0
Pasar Cipeujeuh,Sawi Petsay,2026-10-09,8000.0
Pasar Cipeujeuh,Sawi Petsay,2026-10-10,8000.0
Pasar Cipeujeuh,Sawi Petsay,2026-10-11,8000.0
Pasar Cipeujeuh,Sawi Petsay,2026-10-12,8000.0
Pasar Cipeujeuh,Sawi Petsay,2026-10-13,8000.0
Pasar Cipeujeuh,Sawi Petsay,2026-10-14,8000.0
Pasar Cipeujeuh,Sawi Petsay,2026-10-15,8000.0
Pasar Cipeujeuh,Sawi Petsay,2026-10-16,8000.0
Pasar Cipeujeuh,Sawi Petsay,2026-10-17,8000.0
Pasar Cipeujeuh,Sawi Petsay,2026-10-18,8000.0
Pasar Cipeujeuh,Sawi Petsay,2026-10-19,8000.0
Pasar Cipeujeuh,Sawi Petsay,2026-10-20,8000.0
Pasar Cipeujeuh,Sawi Petsay,2026-10-21,8000.0
Pasar Cipeujeuh,Sawi Petsay,2026-10-22,8000.0
Pasar Cipeujeuh,Susu Kental Manis Bendera Cokelat,2026-10-09,9500.0
Pasar Cipeujeuh,Susu Kental Manis Bendera Cokelat,2026-10-10,9500.0
Pasar Cipeujeuh,Susu Kental Manis Bendera Cokelat,2026-10-11,9500.0
Pasar Cipeujeuh,Susu Kental Manis Bendera Cokelat,2026-10-12,9500.0
Pasar Cipeujeuh,Susu Kental Manis Bendera Cokelat,2026-10-13,9500.0
Pasar Cipeujeuh,Susu Kental Manis Bendera Cokelat,2026-10-14,9500.0
Pasar Cipeujeuh,Susu Kental Manis Bendera Cokelat,2026-10-15,9500.0
Pasar Cipeujeuh,Susu Kental Manis Bendera Cokelat,2026-10-16,9500.0
Pasar Cipeujeuh,Susu Kental Manis Bendera Cokelat,2026-10-17,9500.0
Pasar Cipeujeuh,Susu Kental Manis Bendera Cokelat,2026-10-18,9500.0
Pasar Cipeujeuh,Susu Kental Manis Bendera Cokelat,2026-10-19,9500.0
Pasar Cipeujeuh,Susu Kental Manis Bendera Cokelat,2026-10-20,9500.0
Pasar Cipeujeuh,Susu Kental Manis Bendera Cokelat,2026-10-21,9500.0
Pasar Cipeujeuh,Susu Kental Manis Bendera Cokelat,2026-10-22,9500.0
Pasar Cipeujeuh,Segitiga Biru,2026-10-09,12500.0
Pasar Cipeujeuh,Segitiga Biru,2026-10-10,12500.0
Pasar Cipeujeuh,Segitiga Biru,2026-10-11,12500.0
Pasar Cipeujeuh,Segitiga Biru,2026-10-12,12500.0
Pasar Cipeujeuh,Segitiga Biru,2026-10-13,12500.0
Pasar Cipeujeuh,Segitiga Biru,2026-10-14,12500.0
Pasar Cipeujeuh,Segitiga Biru,2026-10-15,12500.0
Pasar Cipeujeuh,Segitiga Biru,2026-10-16,12500.0
Pasar Cipeujeuh,Segitiga Biru,2026-10-17,12500.0
Pasar Cipeujeuh,Segitiga Biru,2026-10-18,12500.0
Pasar Cipeujeuh,Segitiga Biru,2026-10-19,12500.0
Pasar Cipeujeuh,Segitiga Biru,2026-10-20,12500.0
Pasar Cipeujeuh,Segitiga Biru,2026-10-21,12500.0
Pasar Cipeujeuh,Segitiga Biru,2026-10-22,12500.0
Pasar Cipeujeuh,Susu Kental Manis Indomilk Cokelat,2026-10-09,9500.0
Pasar Cipeujeuh,Susu Kental Manis Indomilk Cokelat,2026-10-10,9500.0
Pasar Cipeujeuh,Susu Kental Manis Indomilk Cokelat,2026-10-11,9500.0
Pasar Cipeujeuh,Susu Kental Manis Indomilk Cokelat,2026-10-12,9500.0
Pasar Cipeujeuh,Susu Kental Manis Indomilk Cokelat,2026-10-13,9500.0
Pasar Cipeujeuh,Susu Kental Manis Indomilk Cokelat,2026-10-14,9500.0
Pasar Cipeujeuh,Susu Kental Manis Indomilk Cokelat,2026-10-15,9500.0
Pasar Cipeujeuh,Susu Kental Manis Indomilk Cokelat,2026-10-16,9500.0
Pasar Cipeujeuh,Susu Kental Manis Indomilk Cokelat,2026-10-17,9500.0
Pasar Cipeujeuh,Susu Kental Manis Indomilk Cokelat,2026-10-18,9500.0
Pasar Cipeujeuh,Susu Kental Manis Indomilk Cokelat,2026-10-19,9500.0
Pasar Cipeujeuh,Susu Kental Manis Indomilk Cokelat,2026-10-20,9500.0
Pasar Cipeujeuh,Susu Kental Manis Indomilk Cokelat,2026-10-21,9500.0
Pasar Cipeujeuh,Susu Kental Manis Indomilk Cokelat,2026-10-22,9500.0
Pasar Cipeujeuh,Telur Ayam Kampung,2026-10-09,25000.0
Pasar Cipeujeuh,Telur Ayam Kampung,2026-10-10,25000.0
Pasar Cipeujeuh,Telur Ayam Kampung,2026-10-11,25000.0
Pasar Cipeujeuh,Telur Ayam Kampung,2026-10-12,25000.0
Pasar Cipeujeuh,Telur Ayam Kampung,2026-10-13,25000.0
Pasar Cipeujeuh,Telur Ayam Kampung,2026-10-14,25000.0
Pasar Cipeujeuh,Telur Ayam Kampung,2026-10-15,25000.0
Pasar Cipeujeuh,Telur Ayam Kampung,2026-10-16,25000.0
Pasar Cipeujeuh,Telur Ayam Kampung,2026-10-17,25000.0
Pasar Cipeujeuh,Telur Ayam Kampung,2026-10-18,25000.0
Pasar Cipeujeuh,Telur Ayam Kampung,2026-10-19,25000.0
Pasar Cipeujeuh,Telur Ayam Kampung,2026-10-20,25000.0
Pasar Cipeujeuh,Telur Ayam Kampung,2026-10-21,25000.0
Pasar Cipeujeuh,Telur Ayam Kampung,2026-10-22,25000.0
Pasar Cipeujeuh,Telur Bebek Asin,2026-10-09,30000.0
Pasar Cipeujeuh,Telur Bebek Asin,2026-10-10,30000.0
Pasar Cipeujeuh,Telur Bebek Asin,2026-10-11,30000.0
Pasar Cipeujeuh,Telur Bebek Asin,2026-10-12,30000.0
Pasar Cipeujeuh,Telur Bebek Asin,2026-10-13,30000.0
Pasar Cipeujeuh,Telur Bebek Asin,2026-10-14,30000.0
Pasar Cipeujeuh,Telur Bebek Asin,2026-10-15,30000.0
Pasar Cipeujeuh,Telur Bebek Asin,2026-10-16,30000.0
Pasar Cipeujeuh,Telur Bebek Asin,2026-10-17,30000.0
Pasar Cipeujeuh,Telur Bebek Asin,2026-10-18,30000.0
Pasar Cipeujeuh,Telur Bebek Asin,2026-10-19,30000.0
Pasar Cipeujeuh,Telur Bebek Asin,2026-10-20,30000.0
Pasar Cipeujeuh,Telur Bebek Asin,2026-10-21,30000.0
Pasar Cipeujeuh,Telur Bebek Asin,2026-10-22,30000.0
Pasar Cipeujeuh,Susu Kental Manis Bendera Putih,2026-10-09,10000.0
Pasar Cipeujeuh,Susu Kental Manis Bendera Putih,2026-10-10,10000.0
Pasar Cipeujeuh,Susu Kental Manis Bendera Putih,2026-10-11,10000.0
Pasar Cipeujeuh,Susu Kental Manis Bendera Putih,2026-10-12,10000.0
Pasar Cipeujeuh,Susu Kental Manis Bendera Putih,2026-10-13,10000.0
Pasar Cipeujeuh,Susu Kental Manis Bendera Putih,2026-10-14,10000.0
Pasar Cipeujeuh,Susu Kental Manis Bendera Putih,2026-10-15,10000.0
Pasar Cipeujeuh,Susu Kental Manis Bendera Putih,2026-10-16,10000.0
Pasar Cipeujeuh,Susu Kental Manis Bendera Putih,2026-10-17,10000.0
Pasar Cipeujeuh,Susu Kental Manis Bendera Putih,2026-10-18,10000.0
Pasar Cipeujeuh,Susu Kental Manis Bendera Putih,2026-10-19,10000.0
Pasar Cipeujeuh,Susu Kental Manis Bendera Putih,2026-10-20,10000.0
Pasar Cipeujeuh,Susu Kental Manis Bendera Putih,2026-10-21,10000.0
Pasar Cipeujeuh,Susu Kental Manis Bendera Putih,2026-10-22,10000.0
Pasar Cipeujeuh,Telur Ayam Broiler,2026-10-09,27000.0
Pasar Cipeujeuh,Telur Ayam Broiler,2026-10-10,27000.0
Pasar Cipeujeuh,Telur Ayam Broiler,2026-10-11,27000.0
Pasar Cipeujeuh,Telur Ayam Broiler,2026-10-12,27000.0
Pasar Cipeujeuh,Telur Ayam Broiler,2026-10-13,27000.0
Pasar Cipeujeuh,Telur Ayam Broiler,2026-10-14,27000.0
Pasar Cipeujeuh,Telur Ayam Broiler,2026-10-15,27000.0
Pasar Cipeujeuh,Telur Ayam Broiler,2026-10-16,27000.0
Pasar Cipeujeuh,Telur Ayam Broiler,2026-10-17,27000.0
Pasar Cipeujeuh,Telur Ayam Broiler,2026-10-18,27500.0
Pasar Cipeujeuh,Telur Ayam Broiler,2026-10-19,27500.0
Pasar Cipeujeuh,Telur Ayam Broiler,2026-10-20,27500.0
Pasar Cipeujeuh,Telur Ayam Broiler,2026-10-21,27500.0
Pasar Cipeujeuh,Telur Ayam Broiler,2026-10-22,27500.0
Pasar Cipeujeuh,Telur Bebek Mentah,2026-10-09,30000.0
Pasar Cipeujeuh,Telur Bebek Mentah,2026-10-10,30000.0
Pasar Cipeujeuh,Telur Bebek Mentah,2026-10-11,30000.0
Pasar Cipeujeuh,Telur Bebek Mentah,2026-10-12,30000.0
Pasar Cipeujeuh,Telur Bebek Mentah,2026-10-13,30000.0
Pasar Cipeujeuh,Telur Bebek Mentah,2026-10-14,30000.0
Pasar Cipeujeuh,Telur Bebek Mentah,2026-10-15,30000.0
Pasar Cipeujeuh,Telur Bebek Mentah,2026-10-16,30000.0
Pasar Cipeujeuh,Telur Bebek Mentah,2026-10-17,30000.0
Pasar Cipeujeuh,Telur Bebek Mentah,2026-10-18,30000.0
Pasar Cipeujeuh,Telur Bebek Mentah,2026-10-19,30000.0
Pasar Cipeujeuh,Telur Bebek Mentah,2026-10-20,30000.0
Pasar Cipeujeuh,Telur Bebek Mentah,2026-10-21,30000.0
Pasar Cipeujeuh,Telur Bebek Mentah,2026-10-22,30000.0
Pasar Cipeujeuh,Tepung Terigu Kunci Biru,2026-10-09,8500.0
Pasar Cipeujeuh,Tepung Terigu Kunci Biru,2026-10-10,8500.0
Pasar Cipeujeuh,Tepung Terigu Kunci Biru,2026-10-11,8500.0
Pasar Cipeujeuh,Tepung Terigu Kunci Biru,2026-10-12,8500.0
Pasar Cipeujeuh,Tepung Terigu Kunci Biru,2026-10-13,8500.0
Pasar Cipeujeuh,Tepung Terigu Kunci Biru,2026-10-14,8500.0
Pasar Cipeujeuh,Tepung Terigu Kunci Biru,2026-10-15,8500.0
Pasar Cipeujeuh,Tepung Terigu Kunci Biru,2026-10-16,8500.0
Pasar Cipeujeuh,Tepung Terigu Kunci Biru,2026-10-17,8500.0
Pasar Cipeujeuh,Tepung Terigu Kunci Biru,2026-10-18,8500.0
Pasar Cipeujeuh,Tepung Terigu Kunci Biru,2026-10-19,8500.0
Pasar Cipeujeuh,Tepung Terigu Kunci Biru,2026-10-20,8500.0
Pasar Cipeujeuh,Tepung Terigu Kunci Biru,2026-10-21,8500.0
Pasar Cipeujeuh,Tepung Terigu Kunci Biru,2026-10-22,8500.0
Pasar Cipeujeuh,Teri Medan Basah,2026-10-09,35000.0
Pasar Cipeujeuh,Teri Medan Basah,2026-10-10,35000.0
Pasar Cipeujeuh,Teri Medan Basah,2026-10-11,35000.0
Pasar Cipeujeuh,Teri Medan Basah,2026-10-12,35000.0
Pasar Cipeujeuh,Teri Medan Basah,2026-10-13,35000.0
Pasar Cipeujeuh,Teri Medan Basah,2026-10-14,35000.0
Pasar Cipeujeuh,Teri Medan Basah,2026-10-15,35000.0
Pasar Cipeujeuh,Teri Medan Basah,2026-10-16,35000.0
Pasar Cipeujeuh,Teri Medan Basah,2026-10-17,35000.0
Pasar Cipeujeuh,Teri Medan Basah,2026-10-18,35000.0
Pasar Cipeujeuh,Teri Medan Basah,2026-10-19,35000.0
Pasar Cipeujeuh,Teri Medan Basah,2026-10-20,35000.0
Pasar Cipeujeuh,Teri Medan Basah,2026-10-21,35000.0
Pasar Cipeujeuh,Teri Medan Basah,2026-10-22,35000.0
Pasar Cipeujeuh,Tepung Terigu Segi Tiga Biru,2026-10-09,12000.0
Pasar Cipeujeuh,Tepung Terigu Segi Tiga Biru,2026-10-10,12000.0
Pasar Cipeujeuh,Tepung Terigu Segi Tiga Biru,2026-10-11,12000.0
Pasar Cipeujeuh,Tepung Terigu Segi Tiga Biru,2026-10-12,12000.0
Pasar Cipeujeuh,Tepung Terigu Segi Tiga Biru,2026-10-13,12000.0
Pasar Cipeujeuh,Tepung Terigu Segi Tiga Biru,2026-10-14,12000.0
Pasar Cipeujeuh,Tepung Terigu Segi Tiga Biru,2026-10-15,12000.0
Pasar Cipeujeuh,Tepung Terigu Segi Tiga Biru,2026-10-16,12000.0
Pasar Cipeujeuh,Tepung Terigu Segi Tiga Biru,2026-10-17,12000.0
Pasar Cipeujeuh,Tepung Terigu Segi Tiga Biru,2026-10-18,12000.0
Pasar Cipeujeuh,Tepung Terigu Segi Tiga Biru,2026-10-19,12000.0
Pasar Cipeujeuh,Tepung Terigu Segi Tiga Biru,2026-10-20,12000.0
Pasar Cipeujeuh,Tepung Terigu Segi Tiga Biru,2026-10-21,12000.0
Pasar Cipeujeuh,Tepung Terigu Segi Tiga Biru,2026-10-22,12000.0
Pasar Cipeujeuh,Teri Medan Kering,2026-10-09,90000.0
Pasar Cipeujeuh,Teri Medan Kering,2026-10-10,90000.0
Pasar Cipeujeuh,Teri Medan Kering,2026-10-11,90000.0
Pasar Cipeujeuh,Teri Medan Kering,2026-10-12,90000.0
Pasar Cipeujeuh,Teri Medan Kering,2026-10-13,90000.0
Pasar Cipeujeuh,Teri Medan Kering,2026-10-14,90000.0
Pasar Cipeujeuh,Teri Medan Kering,2026-10-15,89500.0
Pasar Cipeujeuh,Teri Medan Kering,2026-10-16,89500.0
Pasar Cipeujeuh,Teri Medan Kering,2026-10-17,90000.0
Pasar Cipeujeuh,Teri Medan Kering,2026-10-18,90000.0
Pasar Cipeujeuh,Teri Medan Kering,2026-10-19,89500.0
Pasar Cipeujeuh,Teri Medan Kering,2026-10-20,90000.0
Pasar Cipeujeuh,Teri Medan Kering,2026-10-21,89500.0
Pasar Cipeujeuh,Teri Medan Kering,2026-10-22,89500.0
Pasar Cipeujeuh,Tomat Buah,2026-10-09,10000.0
Pasar Cipeujeuh,Tomat Buah,2026-10-10,10000.0
Pasar Cipeujeuh,Tomat Buah,2026-10-11,10000.0
Pasar Cipeujeuh,Tomat Buah,2026-10-12,10000.0
Pasar Cipeujeuh,Tomat Buah,2026-10-13,10000.0
Pasar Cipeujeuh,Tomat Buah,2026-10-14,10000.0
Pasar Cipeujeuh,Tomat Buah,2026-10-15,10000.0
Pasar Cipeujeuh,Tomat Buah,2026-10-16,10000.0
Pasar Cipeujeuh,Tomat Buah,2026-10-17,10000.0
Pasar Cipeujeuh,Tomat Buah,2026-10-18,10000.0
Pasar Cipeujeuh,Tomat Buah,2026-10-19,10000.0
Pasar Cipeujeuh,Tomat Buah,2026-10-20,10000.0
Pasar Cipeujeuh,Tomat Buah,2026-10-21,9500.0
Pasar Cipeujeuh,Tomat Buah,2026-10-22,10000.0
Pasar Cipeujeuh,Tomat Sayur,2026-10-09,8000.0
Pasar Cipeujeuh,Tomat Sayur,2026-10-10,8000.0
Pasar Cipeujeuh,Tomat Sayur,2026-10-11,8000.0
Pasar Cipeujeuh,Tomat Sayur,2026-10-12,8000.0
Pasar Cipeujeuh,Tomat Sayur,2026-10-13,8000.0
Pasar Cipeujeuh,Tomat Sayur,2026-10-14,8000.0
Pasar Cipeujeuh,Tomat Sayur,2026-10-15,8500.0
Pasar Cipeujeuh,Tomat Sayur,2026-10-16,8000.0
Pasar Cipeujeuh,Tomat Sayur,2026-10-17,8000.0
Pasar Cipeujeuh,Tomat Sayur,2026-10-18,7500.0
Pasar Cipeujeuh,Tomat Sayur,2026-10-19,7500.0
Pasar Cipeujeuh,Tomat Sayur,2026-10-20,7500.0
Pasar Cipeujeuh,Tomat Sayur,2026-10-21,7000.0
Pasar Cipeujeuh,Tomat Sayur,2026-10-22,7500.0
Pasar Jamblang,Bawang Bombay,2026-10-09,35000.0
Pasar Jamblang,Bawang Bombay,2026-10-10,35000.0
Pasar Jamblang,Bawang Bombay,2026-10-11,35500.0
Pasar Jamblang,Bawang Bombay,2026-10-12,35500.0
Pasar Jamblang,Bawang Bombay,2026-10-13,35000.0
Pasar Jamblang,Bawang Bombay,2026-10-14,35500.0
Pasar Jamblang,Bawang Bombay,2026-10-15,36000.0
Pasar Jamblang,Bawang Bombay,2026-10-16,35500.0
Pasar Jamblang,Bawang Bombay,2026-10-17,35500.0
Pasar Jamblang,Bawang Bombay,2026-10-18,36000.0
Pasar Jamblang,Bawang Bombay,2026-10-19,35500.0
Pasar Jamblang,Bawang Bombay,2026-10-20,36000.0
Pasar Jamblang,Bawang Bombay,2026-10-21,36000.0
Pasar Jamblang,Bawang Bombay,2026-10-22,36000.0
Pasar Cipeujeuh,Ubi Jalar,2026-10-09,16000.0
Pasar Cipeujeuh,Ubi Jalar,2026-10-10,16000.0
Pasar Cipeujeuh,Ubi Jalar,2026-10-11,16000.0
Pasar Cipeujeuh,Ubi Jalar,2026-10-12,16000.0
Pasar Cipeujeuh,Ubi Jalar,2026-10-13,16000.0
Pasar Cipeujeuh,Ubi Jalar,2026-10-14,16000.0
Pasar Cipeujeuh,Ubi Jalar,2026-10-15,16000.0
Pasar Cipeujeuh,Ubi Jalar,2026-10-16,16000.0
Pasar Cipeujeuh,Ubi Jalar,2026-10-17,15500.0
Pasar Cipeujeuh,Ubi Jalar,2026-10-18,15500.0
Pasar Cipeujeuh,Ubi Jalar,2026-10-19,16000.0
Pasar Cipeujeuh,Ubi Jalar,2026-10-20,16000.0
Pasar Cipeujeuh,Ubi Jalar,2026-10-21,16000.0
Pasar Cipeujeuh,Ubi Jalar,2026-10-22,16000.0
Pasar Cipeujeuh,Udang,2026-10-09,65000.0
Pasar Cipeujeuh,Udang,2026-10-10,65000.0
Pasar Cipeujeuh,Udang,2026-10-11,65000.0
Pasar Cipeujeuh,Udang,2026-10-12,65000.0
Pasar Cipeujeuh,Udang,2026-10-13,65000.0
Pasar Cipeujeuh,Udang,2026-10-14,65000.0
Pasar Cipeujeuh,Udang,2026-10-15,65000.0
Pasar Cipeujeuh,Udang,2026-10-16,65000.0
Pasar Cipeujeuh,Udang,2026-10-17,65000.0
Pasar Cipeujeuh,Udang,2026-10-18,65000.0
Pasar Cipeujeuh,Udang,2026-10-19,65000.0
Pasar Cipeujeuh,Udang,2026-10-20,65000.0
Pasar Cipeujeuh,Udang,2026-10-21,65000.0
Pasar Cipeujeuh,Udang,2026-10-22,65000.0
Pasar Cipeujeuh,Wortel,2026-10-09,16000.0
Pasar Cipeujeuh,Wortel,2026-10-10,15500.0
Pasar Cipeujeuh,Wortel,2026-10-11,15500.0
Pasar Cipeujeuh,Wortel,2026-10-12,15500.0
Pasar Cipeujeuh,Wortel,2026-10-13,15500.0
Pasar Cipeujeuh,Wortel,2026-10-14,15500.0
Pasar Cipeujeuh,Wortel,2026-10-15,15500.0
Pasar Cipeujeuh,Wortel,2026-10-16,15500.0
Pasar Cipeujeuh,Wortel,2026-10-17,15500.0
Pasar Cipeujeuh,Wortel,2026-10-18,15500.0
Pasar Cipeujeuh,Wortel,2026-10-19,15500.0
Pasar Cipeujeuh,Wortel,2026-10-20,15500.0
Pasar Cipeujeuh,Wortel,2026-10-21,15500.0
Pasar Cipeujeuh,Wortel,2026-10-22,15500.0
Pasar Jamblang,Beras Bulog,2026-10-09,10500.0
Pasar Jamblang,Beras Bulog,2026-10-10,10500.0
Pasar Jamblang,Beras Bulog,2026-10-11,10500.0
Pasar Jamblang,Beras Bulog,2026-10-12,10500.0
Pasar Jamblang,Beras Bulog,2026-10-13,10500.0
Pasar Jamblang,Beras Bulog,2026-10-14,10500.0
Pasar Jamblang,Beras Bulog,2026-10-15,10500.0
Pasar Jamblang,Beras Bulog,2026-10-16,10500.0
Pasar Jamblang,Beras Bulog,2026-10-17,10500.0
Pasar Jamblang,Beras Bulog,2026-10-18,10500.0
Pasar Jamblang,Beras Bulog,2026-10-19,10500.0
Pasar Jamblang,Beras Bulog,2026-10-20,10500.0
Pasar Jamblang,Beras Bulog,2026-10-21,10500.0
Pasar Jamblang,Beras Bulog,2026-10-22,10500.0
Pasar Jamblang,Bawang Merah,2026-10-09,30500.0
Pasar Jamblang,Bawang Merah,2026-10-10,30500.0
Pasar Jamblang,Bawang Merah,2026-10-11,30500.0
Pasar Jamblang,Bawang Merah,2026-10-12,30500.0
Pasar Jamblang,Bawang Merah,2026-10-13,31000.0
Pasar Jamblang,Bawang Merah,2026-10-14,31000.0
Pasar Jamblang,Bawang Merah,2026-10-15,31000.0
Pasar Jamblang,Bawang Merah,2026-10-16,30500.0
Pasar Jamblang,Bawang Merah,2026-10-17,31000.0
Pasar Jamblang,Bawang Merah,2026-10-18,31000.0
Pasar Jamblang,Bawang Merah,2026-10-19,32000.0
Pasar Jamblang,Bawang Merah,2026-10-20,32000.0
Pasar Jamblang,Bawang Merah,2026-10-21,32000.0
Pasar Jamblang,Bawang Merah,2026-10-22,32000.0
Pasar Jamblang,Bawang Putih,2026-10-09,32000.0
Pasar Jamblang,Bawang Putih,2026-10-10,32000.0
Pasar Jamblang,Bawang Putih,2026-10-11,32000.0
Pasar Jamblang,Bawang Putih,2026-10-12,32000.0
Pasar Jamblang,Bawang Putih,2026-10-13,32000.0
Pasar Jamblang,Bawang Putih,2026-10-14,32000.0
Pasar Jamblang,Bawang Putih,2026-10-15,32000.0
Pasar Jamblang,Bawang Putih,2026-10-16,32000.0
Pasar Jamblang,Bawang Putih,2026-10-17,32000.0
Pasar Jamblang,Bawang Putih,2026-10-18,32000.0
Pasar Jamblang,Bawang Putih,2026-10-19,32000.0
Pasar Jamblang,Bawang Putih,2026-10-20,32000.0
Pasar Jamblang,Bawang Putih,2026-10-21,32000.0
Pasar Jamblang,Bawang Putih,2026-10-22,32000.0
Pasar Jamblang,Bawang putih Katingan,2026-10-09,39500.0
Pasar Jamblang,Bawang putih Katingan,2026-10-10,39500.0
Pasar Jamblang,Bawang putih Katingan,2026-10-11,39500.0
Pasar Jamblang,Bawang putih Katingan,2026-10-12,39500.0
Pasar Jamblang,Bawang putih Katingan,2026-10-13,39500.0
Pasar Jamblang,Bawang putih Katingan,2026-10-14,39500.0
Pasar Jamblang,Bawang putih Katingan,2026-10-15,39500.0
Pasar Jamblang,Bawang putih Katingan,2026-10-16,39500.0
Pasar Jamblang,Bawang putih Katingan,2026-10-17,39500.0
Pasar Jamblang,Bawang putih Katingan,2026-10-18,39500.0
Pasar Jamblang,Bawang putih Katingan,2026-10-19,39000.0
Pasar Jamblang,Bawang putih Katingan,2026-10-20,40500.0
Pasar Jamblang,Bawang putih Katingan,2026-10-21,40500.0
Pasar Jamblang,Bawang putih Katingan,2026-10-22,40500.0
Pasar Jamblang,Besi Beton 10 mm,2026-10-09,20000.0
Pasar Jamblang,Besi Beton 10 mm,2026-10-10,20000.0
Pasar Jamblang,Besi Beton 10 mm,2026-10-11,20000.0
Pasar Jamblang,Besi Beton 10 mm,2026-10-12,20000.0
Pasar Jamblang,Besi Beton 10 mm,2026-10-13,20000.0
Pasar Jamblang,Besi Beton 10 mm,2026-10-14,20000.0
Pasar Jamblang,Besi Beton 10 mm,2026-10-15,20000.0
Pasar Jamblang,Besi Beton 10 mm,2026-10-16,20000.0
Pasar Jamblang,Besi Beton 10 mm,2026-10-17,20000.0
Pasar Jamblang,Besi Beton 10 mm,2026-10-18,20000.0
Pasar Jamblang,Besi Beton 10 mm,2026-10-19,20000.0
Pasar Jamblang,Besi Beton 10 mm,2026-10-20,20000.0
Pasar Jamblang,Besi Beton 10 mm,2026-10-21,20000.0
Pasar Jamblang,Besi Beton 10 mm,2026-10-22,20000.0
Pasar Jamblang,Beras Medium,2026-10-09,14500.0
Pasar Jamblang,Beras Medium,2026-10-10,14500.0
Pasar Jamblang,Beras Medium,2026-10-11,14500.0
Pasar Jamblang,Beras Medium,2026-10-12,14500.0
Pasar Jamblang,Beras Medium,2026-10-13,14500.0
Pasar Jamblang,Beras Medium,2026-10-14,14500.0
Pasar Jamblang,Beras Medium,2026-10-15,14500.0
Pasar Jamblang,Beras Medium,2026-10-16,14500.0
Pasar Jamblang,Beras Medium,2026-10-17,14500.0
Pasar Jamblang,Beras Medium,2026-10-18,14500.0
Pasar Jamblang,Beras Medium,2026-10-19,14500.0
Pasar Jamblang,Beras Medium,2026-10-20,14500.0
Pasar Jamblang,Beras Medium,2026-10-21,14500.0
Pasar Jamblang,Beras Medium,2026-10-22,14500.0
Pasar Jamblang,Beras Premium II,2026-10-09,16000.0
Pasar Jamblang,Beras Premium II,2026-10-10,16000.0
Pasar Jamblang,Beras Premium II,2026-10-11,16000.0
Pasar Jamblang,Beras Premium II,2026-10-12,16000.0
Pasar Jamblang,Beras Premium II,2026-10-13,16000.0
Pasar Jamblang,Beras Premium II,2026-10-14,16000.0
Pasar Jamblang,Beras Premium II,2026-10-15,16000.0
Pasar Jamblang,Beras Premium II,2026-10-16,16000.0
Pasar Jamblang,Beras Premium II,2026-10-17,16000.0
Pasar Jamblang,Beras Premium II,2026-10-18,16000.0
Pasar Jamblang,Beras Premium II,2026-10-19,16000.0
Pasar Jamblang,Beras Premium II,2026-10-20,16000.0
Pasar Jamblang,Beras Premium II,2026-10-21,16000.0
Pasar Jamblang,Beras Premium II,2026-10-22,16000.0
Pasar Jamblang,Beras Premium Super,2026-10-09,16000.0
Pasar Jamblang,Beras Premium Super,2026-10-10,16000.0
Pasar Jamblang,Beras Premium Super,2026-10-11,16000.0
Pasar Jamblang,Beras Premium Super,2026-10-12,16000.0
Pasar Jamblang,Beras Premium Super,2026-10-13,16000.0
Pasar Jamblang,Beras Premium Super,2026-10-14,16000.0
Pasar Jamblang,Beras Premium Super,2026-10-15,16000.0
Pasar Jamblang,Beras Premium Super,2026-10-16,16000.0
Pasar Jamblang,Beras Premium Super,2026-10-17,16000.0
Pasar Jamblang,Beras Premium Super,2026-10-18,16000.0
Pasar Jamblang,Beras Premium Super,2026-10-19,16000.0
Pasar Jamblang,Beras Premium Super,2026-10-20,16000.0
Pasar Jamblang,Beras Premium Super,2026-10-21,16000.0
Pasar Jamblang,Beras Premium Super,2026-10-22,16000.0
Pasar Jamblang,Beras Premium I,2026-10-09,16500.0
Pasar Jamblang,Beras Premium I,2026-10-10,16500.0
Pasar Jamblang,Beras Premium I,2026-10-11,16500.0
Pasar Jamblang,Beras Premium I,2026-10-12,16500.0
Pasar Jamblang,Beras Premium I,2026-10-13,16500.0
Pasar Jamblang,Beras Premium I,2026-10-14,16500.0
Pasar Jamblang,Beras Premium I,2026-10-15,16500.0
Pasar Jamblang,Beras Premium I,2026-10-16,16500.0
Pasar Jamblang,Beras Premium I,2026-10-17,16500.0
Pasar Jamblang,Beras Premium I,2026-10-18,16000.0
Pasar Jamblang,Beras Premium I,2026-10-19,16500.0
Pasar Jamblang,Beras Premium I,2026-10-20,16500.0
Pasar Jamblang,Beras Premium I,2026-10-21,16500.0
Pasar Jamblang,Beras Premium I,2026-10-22,16500.0
Pasar Jamblang,Buncis,2026-10-09,15000.0
Pasar Jamblang,Buncis,2026-10-10,15000.0
Pasar Jamblang,Buncis,2026-10-11,15000.0
Pasar Jamblang,Buncis,2026-10-12,15000.0
Pasar Jamblang,Buncis,2026-10-13,15000.0
Pasar Jamblang,Buncis,2026-10-14,15000.0
Pasar Jamblang,Buncis,2026-10-15,15000.0
Pasar Jamblang,Buncis,2026-10-16,15000.0
Pasar Jamblang,Buncis,2026-10-17,15000.0
Pasar Jamblang,Buncis,2026-10-18,15000.0
Pasar Jamblang,Buncis,2026-10-19,15000.0
Pasar Jamblang,Buncis,2026-10-20,15000.0
Pasar Jamblang,Buncis,2026-10-21,15000.0
Pasar Jamblang,Buncis,2026-10-22,15000.0
Pasar Jamblang,Cabe Hijau,2026-10-09,17000.0
Pasar Jamblang,Cabe Hijau,2026-10-10,17000.0
Pasar Jamblang,Cabe Hijau,2026-10-11,17000.0
Pasar Jamblang,Cabe Hijau,2026-10-12,17000.0
Pasar Jamblang,Cabe Hijau,2026-10-13,17000.0
Pasar Jamblang,Cabe Hijau,2026-10-14,17000.0
Pasar Jamblang,Cabe Hijau,2026-10-15,17000.0
Pasar Jamblang,Cabe Hijau,2026-10-16,17000.0
Pasar Jamblang,Cabe Hijau,2026-10-17,17000.0
Pasar Jamblang,Cabe Hijau,2026-10-18,17000.0
Pasar Jamblang,Cabe Hijau,2026-10-19,17000.0
Pasar Jamblang,Cabe Hijau,2026-10-20,17000.0
Pasar Jamblang,Cabe Hijau,2026-10-21,17000.0
Pasar Jamblang,Cabe Hijau,2026-10-22,17500.0
Pasar Jamblang,Cabe Merah Biasa,2026-10-09,51000.0
Pasar Jamblang,Cabe Merah Biasa,2026-10-10,52000.0
Pasar Jamblang,Cabe Merah Biasa,2026-10-11,51000.0
Pasar Jamblang,Cabe Merah Biasa,2026-10-12,51500.0
Pasar Jamblang,Cabe Merah Biasa,2026-10-13,51000.0
Pasar Jamblang,Cabe Merah Biasa,2026-10-14,50500.0
Pasar Jamblang,Cabe Merah Biasa,2026-10-15,51000.0
Pasar Jamblang,Cabe Merah Biasa,2026-10-16,53500.0
Pasar Jamblang,Cabe Merah Biasa,2026-10-17,52000.0
Pasar Jamblang,Cabe Merah Biasa,2026-10-18,50000.0
Pasar Jamblang,Cabe Merah Biasa,2026-10-19,53000.0
Pasar Jamblang,Cabe Merah Biasa,2026-10-20,55500.0
Pasar Jamblang,Cabe Merah Biasa,2026-10-21,52000.0
Pasar Jamblang,Cabe Merah Biasa,2026-10-22,51500.0
Pasar Jamblang,Cabe Merah Keriting,2026-10-09,58500.0
Pasar Jamblang,Cabe Merah Keriting,2026-10-10,58000.0
Pasar Jamblang,Cabe Merah Keriting,2026-10-11,57500.0
Pasar Jamblang,Cabe Merah Keriting,2026-10-12,57500.0
Pasar Jamblang,Cabe Merah Keriting,2026-10-13,57000.0
Pasar Jamblang,Cabe Merah Keriting,2026-10-14,57500.0
Pasar Jamblang,Cabe Merah Keriting,2026-10-15,58000.0
Pasar Jamblang,Cabe Merah Keriting,2026-10-16,58000.0
Pasar Jamblang,Cabe Merah Keriting,2026-10-17,57500.0
Pasar Jamblang,Cabe Merah Keriting,2026-10-18,55000.0
Pasar Jamblang,Cabe Merah Keriting,2026-10-19,55500.0
Pasar Jamblang,Cabe Merah Keriting,2026-10-20,59500.0
Pasar Jamblang,Cabe Merah Keriting,2026-10-21,58500.0
Pasar Jamblang,Cabe Merah Keriting,2026-10-22,59500.0
Pasar Jamblang,Cabe Rawit Hijau,2026-10-09,48000.0
Pasar Jamblang,Cabe Rawit Hijau,2026-10-10,49000.0
Pasar Jamblang,Cabe Rawit Hijau,2026-10-11,50000.0
Pasar Jamblang,Cabe Rawit Hijau,2026-10-12,49000.0
Pasar Jamblang,Cabe Rawit Hijau,2026-10-13,50000.0
Pasar Jamblang,Cabe Rawit Hijau,2026-10-14,50000.0
Pasar Jamblang,Cabe Rawit Hijau,2026-10-15,48000.0
Pasar Jamblang,Cabe Rawit Hijau,2026-10-16,47500.0
Pasar Jamblang,Cabe Rawit Hijau,2026-10-17,49000.0
Pasar Jamblang,Cabe Rawit Hijau,2026-10-18,50500.0
Pasar Jamblang,Cabe Rawit Hijau,2026-10-19,54000.0
Pasar Jamblang,Cabe Rawit Hijau,2026-10-20,59500.0
Pasar Jamblang,Cabe Rawit Hijau,2026-10-21,59000.0
Pasar Jamblang,Cabe Rawit Hijau,2026-10-22,56000.0
Pasar Jamblang,Cabe Rawit Merah,2026-10-09,87000.0
Pasar Jamblang,Cabe Rawit Merah,2026-10-10,86000.0
Pasar Jamblang,Cabe Rawit Merah,2026-10-11,84000.0
Pasar Jamblang,Cabe Rawit Merah,2026-10-12,83500.0
Pasar Jamblang,Cabe Rawit Merah,2026-10-13,83000.0
Pasar Jamblang,Cabe Rawit Merah,2026-10-14,84000.0
Pasar Jamblang,Cabe Rawit Merah,2026-10-15,81500.0
Pasar Jamblang,Cabe Rawit Merah,2026-10-16,82500.0
Pasar Jamblang,Cabe Rawit Merah,2026-10-17,82000.0
Pasar Jamblang,Cabe Rawit Merah,2026-10-18,79500.0
Pasar Jamblang,Cabe Rawit Merah,2026-10-19,81000.0
Pasar Jamblang,Cabe Rawit Merah,2026-10-20,82500.0
Pasar Jamblang,Cabe Rawit Merah,2026-10-21,82000.0
Pasar Jamblang,Cabe Rawit Merah,2026-10-22,79500.0
Pasar Jamblang,Daging Ayam Broiler,2026-10-09,35500.0
Pasar Jamblang,Daging Ayam Broiler,2026-10-10,35500.0
Pasar Jamblang,Daging Ayam Broiler,2026-10-11,34500.0
Pasar Jamblang,Daging Ayam Broiler,2026-10-12,34500.0
Pasar Jamblang,Daging Ayam Broiler,2026-10-13,35000.0
Pasar Jamblang,Daging Ayam Broiler,2026-10-14,35000.0
Pasar Jamblang,Daging Ayam Broiler,2026-10-15,35500.0
Pasar Jamblang,Daging Ayam Broiler,2026-10-16,36000.0
Pasar Jamblang,Daging Ayam Broiler,2026-10-17,35500.0
Pasar Jamblang,Daging Ayam Broiler,2026-10-18,33500.0
Pasar Jamblang,Daging Ayam Broiler,2026-10-19,35000.0
Pasar Jamblang,Daging Ayam Broiler,2026-10-20,35500.0
Pasar Jamblang,Daging Ayam Broiler,2026-10-21,35500.0
Pasar Jamblang,Daging Ayam Broiler,2026-10-22,36000.0
Pasar Jamblang,Cumi Asin,2026-10-09,139500.0
Pasar Jamblang,Cumi Asin,2026-10-10,139500.0
Pasar Jamblang,Cumi Asin,2026-10-11,139500.0
Pasar Jamblang,Cumi Asin,2026-10-12,139500.0
Pasar Jamblang,Cumi Asin,2026-10-13,139500.0
Pasar Jamblang,Cumi Asin,2026-10-14,139500.0
Pasar Jamblang,Cumi Asin,2026-10-15,139500.0
Pasar Jamblang,Cumi Asin,2026-10-16,139500.0
Pasar Jamblang,Cumi Asin,2026-10-17,139500.0
Pasar Jamblang,Cumi Asin,2026-10-18,139500.0
Pasar Jamblang,Cumi Asin,2026-10-19,139500.0
Pasar Jamblang,Cumi Asin,2026-10-20,139500.0
Pasar Jamblang,Cumi Asin,2026-10-21,139500.0
Pasar Jamblang,Cumi Asin,2026-10-22,139500.0
Pasar Jamblang,Daging Sapi Kw 2,2026-10-09,118500.0
Pasar Jamblang,Daging Sapi Kw 2,2026-10-10,118500.0
Pasar Jamblang,Daging Sapi Kw 2,2026-10-11,118500.0
Pasar Jamblang,Daging Sapi Kw 2,2026-10-12,118500.0
Pasar Jamblang,Daging Sapi Kw 2,2026-10-13,118500.0
Pasar Jamblang,Daging Sapi Kw 2,2026-10-14,118500.0
Pasar Jamblang,Daging Sapi Kw 2,2026-10-15,118500.0
Pasar Jamblang,Daging Sapi Kw 2,2026-10-16,118500.0
Pasar Jamblang,Daging Sapi Kw 2,2026-10-17,118500.0
Pasar Jamblang,Daging Sapi Kw 2,2026-10-18,118500.0
Pasar Jamblang,Daging Sapi Kw 2,2026-10-19,118000.0
Pasar Jamblang,Daging Sapi Kw 2,2026-10-20,118000.0
Pasar Jamblang,Daging Sapi Kw 2,2026-10-21,117500.0
Pasar Jamblang,Daging Sapi Kw 2,2026-10-22,117000.0
Pasar Jamblang,Daging Sapi Murni,2026-10-09,139000.0
Pasar Jamblang,Daging Sapi Murni,2026-10-10,139500.0
Pasar Jamblang,Daging Sapi Murni,2026-10-11,139500.0
Pasar Jamblang,Daging Sapi Murni,2026-10-12,139500.0
Pasar Jamblang,Daging Sapi Murni,2026-10-13,139500.0
Pasar Jamblang,Daging Sapi Murni,2026-10-14,139000.0
Pasar Jamblang,Daging Sapi Murni,2026-10-15,139500.0
Pasar Jamblang,Daging Sapi Murni,2026-10-16,139000.0
Pasar Jamblang,Daging Sapi Murni,2026-10-17,139500.0
Pasar Jamblang,Daging Sapi Murni,2026-10-18,139000.0
Pasar Jamblang,Daging Sapi Murni,2026-10-19,138500.0
Pasar Jamblang,Daging Sapi Murni,2026-10-20,139000.0
Pasar Jamblang,Daging Sapi Murni,2026-10-21,139500.0
Pasar Jamblang,Daging Sapi Murni,2026-10-22,141000.0
Pasar Jamblang,Garam Beryodium,2026-10-09,2500.0
Pasar Jamblang,Garam Beryodium,2026-10-10,2500.0
Pasar Jamblang,Garam Beryodium,2026-10-11,2500.0
Pasar Jamblang,Garam Beryodium,2026-10-12,2500.0
Pasar Jamblang,Garam Beryodium,2026-10-13,2500.0
Pasar Jamblang,Garam Beryodium,2026-10-14,2500.0
Pasar Jamblang,Garam Beryodium,2026-10-15,2500.0
Pasar Jamblang,Garam Beryodium,2026-10-16,2500.0
Pasar Jamblang,Garam Beryodium,2026-10-17,2500.0
Pasar Jamblang,Garam Beryodium,2026-10-18,2500.0
Pasar Jamblang,Garam Beryodium,2026-10-19,2500.0
Pasar Jamblang,Garam Beryodium,2026-10-20,2500.0
Pasar Jamblang,Garam Beryodium,2026-10-21,2500.0
Pasar Jamblang,Garam Beryodium,2026-10-22,2500.0
Pasar Jamblang,Ikan Asin Tiga Wajan,2026-10-09,40000.0
Pasar Jamblang,Ikan Asin Tiga Wajan,2026-10-10,40000.0
Pasar Jamblang,Ikan Asin Tiga Wajan,2026-10-11,40000.0
Pasar Jamblang,Ikan Asin Tiga Wajan,2026-10-12,40000.0
Pasar Jamblang,Ikan Asin Tiga Wajan,2026-10-13,40000.0
Pasar Jamblang,Ikan Asin Tiga Wajan,2026-10-14,40000.0
Pasar Jamblang,Ikan Asin Tiga Wajan,2026-10-15,40000.0
Pasar Jamblang,Ikan Asin Tiga Wajan,2026-10-16,40000.0
Pasar Jamblang,Ikan Asin Tiga Wajan,2026-10-17,40000.0
Pasar Jamblang,Ikan Asin Tiga Wajan,2026-10-18,40000.0
Pasar Jamblang,Ikan Asin Tiga Wajan,2026-10-19,40000.0
Pasar Jamblang,Ikan Asin Tiga Wajan,2026-10-20,40000.0
Pasar Jamblang,Ikan Asin Tiga Wajan,2026-10-21,40000.0
Pasar Jamblang,Ikan Asin Tiga Wajan,2026-10-22,40000.0
Pasar Jamblang,Gas Elpiji,2026-10-09,20000.0
Pasar Jamblang,Gas Elpiji,2026-10-10,20000.0
Pasar Jamblang,Gas Elpiji,2026-10-11,20000.0
Pasar Jamblang,Gas Elpiji,2026-10-12,20000.0
Pasar Jamblang,Gas Elpiji,2026-10-13,20000.0
Pasar Jamblang,Gas Elpiji,2026-10-14,20000.0
Pasar Jamblang,Gas Elpiji,2026-10-15,20000.0
Pasar Jamblang,Gas Elpiji,2026-10-16,20000.0
Pasar Jamblang,Gas Elpiji,2026-10-17,20000.0
Pasar Jamblang,Gas Elpiji,2026-10-18,20000.0
Pasar Jamblang,Gas Elpiji,2026-10-19,20000.0
Pasar Jamblang,Gas Elpiji,2026-10-20,20000.0
Pasar Jamblang,Gas Elpiji,2026-10-21,20000.0
Pasar Jamblang,Gas Elpiji,2026-10-22,20000.0
Pasar Jamblang,Gula Impor,2026-10-09,17000.0
Pasar Jamblang,Gula Impor,2026-10-10,17000.0
Pasar Jamblang,Gula Impor,2026-10-11,17000.0
Pasar Jamblang,Gula Impor,2026-10-12,17000.0
Pasar Jamblang,Gula Impor,2026-10-13,17000.0
Pasar Jamblang,Gula Impor,2026-10-14,17000.0
Pasar Jamblang,Gula Impor,2026-10-15,17000.0
Pasar Jamblang,Gula Impor,2026-10-16,17000.0
Pasar Jamblang,Gula Impor,2026-10-17,17000.0
Pasar Jamblang,Gula Impor,2026-10-18,17000.0
Pasar Jamblang,Gula Impor,2026-10-19,17000.0
Pasar Jamblang,Gula Impor,2026-10-20,17000.0
Pasar Jamblang,Gula Impor,2026-10-21,17000.0
Pasar Jamblang,Gula Impor,2026-10-22,17000.0
Pasar Jamblang,Gula Batu,2026-10-09,20000.0
Pasar Jamblang,Gula Batu,2026-10-10,20000.0
Pasar Jamblang,Gula Batu,2026-10-11,20000.0
Pasar Jamblang,Gula Batu,2026-10-12,20000.0
Pasar Jamblang,Gula Batu,2026-10-13,20000.0
Pasar Jamblang,Gula Batu,2026-10-14,20000.0
Pasar Jamblang,Gula Batu,2026-10-15,20000.0
Pasar Jamblang,Gula Batu,2026-10-16,20000.0
Pasar Jamblang,Gula Batu,2026-10-17,20000.0
Pasar Jamblang,Gula Batu,2026-10-18,20000.0
Pasar Jamblang,Gula Batu,2026-10-19,20000.0
Pasar Jamblang,Gula Batu,2026-10-20,20000.0
Pasar Jamblang,Gula Batu,2026-10-21,20000.0
Pasar Jamblang,Gula Batu,2026-10-22,20000.0
Pasar Jamblang,Gula Merah,2026-10-09,17000.0
Pasar Jamblang,Gula Merah,2026-10-10,17000.0
Pasar Jamblang,Gula Merah,2026-10-11,17000.0
Pasar Jamblang,Gula Merah,2026-10-12,17000.0
Pasar Jamblang,Gula Merah,2026-10-13,17000.0
Pasar Jamblang,Gula Merah,2026-10-14,16500.0
Pasar Jamblang,Gula Merah,2026-10-15,17000.0
Pasar Jamblang,Gula Merah,2026-10-16,16500.0
Pasar Jamblang,Gula Merah,2026-10-17,16500.0
Pasar Jamblang,Gula Merah,2026-10-18,16500.0
Pasar Jamblang,Gula Merah,2026-10-19,16500.0
Pasar Jamblang,Gula Merah,2026-10-20,17000.0
Pasar Jamblang,Gula Merah,2026-10-21,16500.0
Pasar Jamblang,Gula Merah,2026-10-22,17000.0
Pasar Jamblang,Gula Pasir lokal,2026-10-09,18500.0
Pasar Jamblang,Gula Pasir lokal,2026-10-10,18500.0
Pasar Jamblang,Gula Pasir lokal,2026-10-11,18500.0
Pasar Jamblang,Gula Pasir lokal,2026-10-12,18500.0
Pasar Jamblang,Gula Pasir lokal,2026-10-13,18500.0
Pasar Jamblang,Gula Pasir lokal,2026-10-14,18500.0
Pasar Jamblang,Gula Pasir lokal,2026-10-15,18500.0
Pasar Jamblang,Gula Pasir lokal,2026-10-16,18500.0
Pasar Jamblang,Gula Pasir lokal,2026-10-17,18500.0
Pasar Jamblang,Gula Pasir lokal,2026-10-18,18500.0
Pasar Jamblang,Gula Pasir lokal,2026-10-19,18000.0
Pasar Jamblang,Gula Pasir lokal,2026-10-20,18500.0
Pasar Jamblang,Gula Pasir lokal,2026-10-21,18500.0
Pasar Jamblang,Gula Pasir lokal,2026-10-22,19000.0
Pasar Jamblang,Ikan Asin Kembung,2026-10-09,18000.0
Pasar Jamblang,Ikan Asin Kembung,2026-10-10,18000.0
Pasar Jamblang,Ikan Asin Kembung,2026-10-11,18000.0
Pasar Jamblang,Ikan Asin Kembung,2026-10-12,18000.0
Pasar Jamblang,Ikan Asin Kembung,2026-10-13,18000.0
Pasar Jamblang,Ikan Asin Kembung,2026-10-14,18000.0
Pasar Jamblang,Ikan Asin Kembung,2026-10-15,18000.0
Pasar Jamblang,Ikan Asin Kembung,2026-10-16,18000.0
Pasar Jamblang,Ikan Asin Kembung,2026-10-17,18000.0
Pasar Jamblang,Ikan Asin Kembung,2026-10-18,18000.0
Pasar Jamblang,Ikan Asin Kembung,2026-10-19,18000.0
Pasar Jamblang,Ikan Asin Kembung,2026-10-20,18000.0
Pasar Jamblang,Ikan Asin Kembung,2026-10-21,18000.0
Pasar Jamblang,Ikan Asin Kembung,2026-10-22,18000.0
Pasar Jamblang,Ikan Bandeng,2026-10-09,39500.0
Pasar Jamblang,Ikan Bandeng,2026-10-10,39500.0
Pasar Jamblang,Ikan Bandeng,2026-10-11,39500.0
Pasar Jamblang,Ikan Bandeng,2026-10-12,39500.0
Pasar Jamblang,Ikan Bandeng,2026-10-13,39500.0
Pasar Jamblang,Ikan Bandeng,2026-10-14,39500.0
Pasar Jamblang,Ikan Bandeng,2026-10-15,39500.0
Pasar Jamblang,Ikan Bandeng,2026-10-16,39500.0
Pasar Jamblang,Ikan Bandeng,2026-10-17,39500.0
Pasar Jamblang,Ikan Bandeng,2026-10-18,39500.0
Pasar Jamblang,Ikan Bandeng,2026-10-19,39500.0
Pasar Jamblang,Ikan Bandeng,2026-10-20,39500.0
Pasar Jamblang,Ikan Bandeng,2026-10-21,39500.0
Pasar Jamblang,Ikan Bandeng,2026-10-22,39000.0
Pasar Jamblang,Ikan Mas,2026-10-09,39500.0
Pasar Jamblang,Ikan Mas,2026-10-10,39500.0
Pasar Jamblang,Ikan Mas,2026-10-11,39500.0
Pasar Jamblang,Ikan Mas,2026-10-12,39500.0
Pasar Jamblang,Ikan Mas,2026-10-13,39500.0
Pasar Jamblang,Ikan Mas,2026-10-14,39500.0
Pasar Jamblang,Ikan Mas,2026-10-15,39500.0
Pasar Jamblang,Ikan Mas,2026-10-16,39500.0
Pasar Jamblang,Ikan Mas,2026-10-17,39500.0
Pasar Jamblang,Ikan Mas,2026-10-18,39500.0
Pasar Jamblang,Ikan Mas,2026-10-19,39500.0
Pasar Jamblang,Ikan Mas,2026-10-20,39500.0
Pasar Jamblang,Ikan Mas,2026-10-21,39500.0
Pasar Jamblang,Ikan Mas,2026-10-22,39500.0
Pasar Jamblang,Ikan Kembung,2026-10-09,39500.0
Pasar Jamblang,Ikan Kembung,2026-10-10,39500.0
Pasar Jamblang,Ikan Kembung,2026-10-11,39500.0
Pasar Jamblang,Ikan Kembung,2026-10-12,39500.0
Pasar Jamblang,Ikan Kembung,2026-10-13,39500.0
Pasar Jamblang,Ikan Kembung,2026-10-14,39500.0
Pasar Jamblang,Ikan Kembung,2026-10-15,39500.0
Pasar Jamblang,Ikan Kembung,2026-10-16,39500.0
Pasar Jamblang,Ikan Kembung,2026-10-17,39500.0
Pasar Jamblang,Ikan Kembung,2026-10-18,39500.0
Pasar Jamblang,Ikan Kembung,2026-10-19,39500.0
Pasar Jamblang,Ikan Kembung,2026-10-20,39500.0
Pasar Jamblang,Ikan Kembung,2026-10-21,39500.0
Pasar Jamblang,Ikan Kembung,2026-10-22,39500.0
Pasar Jamblang,Indomie Kari Ayam,2026-10-09,44000.0
Pasar Jamblang,Indomie Kari Ayam,2026-10-10,44000.0
Pasar Jamblang,Indomie Kari Ayam,2026-10-11,44500.0
Pasar Jamblang,Indomie Kari Ayam,2026-10-12,44500.0
Pasar Jamblang,Indomie Kari Ayam,2026-10-13,44500.0
Pasar Jamblang,Indomie Kari Ayam,2026-10-14,44500.0
Pasar Jamblang,Indomie Kari Ayam,2026-10-15,44500.0
Pasar Jamblang,Indomie Kari Ayam,2026-10-16,44500.0
Pasar Jamblang,Indomie Kari Ayam,2026-10-17,44500.0
Pasar Jamblang,Indomie Kari Ayam,2026-10-18,44500.0
Pasar Jamblang,Indomie Kari Ayam,2026-10-19,44500.0
Pasar Jamblang,Indomie Kari Ayam,2026-10-20,44500.0
Pasar Jamblang,Indomie Kari Ayam,2026-10-21,44500.0
Pasar Jamblang,Indomie Kari Ayam,2026-10-22,44500.0
Pasar Jamblang,Ikan Tongkol,2026-10-09,30000.0
Pasar Jamblang,Ikan Tongkol,2026-10-10,30000.0
Pasar Jamblang,Ikan Tongkol,2026-10-11,30000.0
Pasar Jamblang,Ikan Tongkol,2026-10-12,29000.0
Pasar Jamblang,Ikan Tongkol,2026-10-13,28500.0
Pasar Jamblang,Ikan Tongkol,2026-10-14,29000.0
Pasar Jamblang,Ikan Tongkol,2026-10-15,29500.0
Pasar Jamblang,Ikan Tongkol,2026-10-16,28000.0
Pasar Jamblang,Ikan Tongkol,2026-10-17,28000.0
Pasar Jamblang,Ikan Tongkol,2026-10-18,28500.0
Pasar Jamblang,Ikan Tongkol,2026-10-19,29500.0
Pasar Jamblang,Ikan Tongkol,2026-10-20,30000.0
Pasar Jamblang,Ikan Tongkol,2026-10-21,28000.0
Pasar Jamblang,Ikan Tongkol,2026-10-22,29500.0
Pasar Jamblang,Jagung Pipilan,2026-10-09,10000.0
Pasar Jamblang,Jagung Pipilan,2026-10-10,10000.0
Pasar Jamblang,Jagung Pipilan,2026-10-11,10000.0
Pasar Jamblang,Jagung Pipilan,2026-10-12,10000.0
Pasar Jamblang,Jagung Pipilan,2026-10-13,10000.0
Pasar Jamblang,Jagung Pipilan,2026-10-14,10000.0
Pasar Jamblang,Jagung Pipilan,2026-10-15,10000.0
Pasar Jamblang,Jagung Pipilan,2026-10-16,10000.0
Pasar Jamblang,Jagung Pipilan,2026-10-17,10000.0
Pasar Jamblang,Jagung Pipilan,2026-10-18,10000.0
Pasar Jamblang,Jagung Pipilan,2026-10-19,10000.0
Pasar Jamblang,Jagung Pipilan,2026-10-20,10000.0
Pasar Jamblang,Jagung Pipilan,2026-10-21,10000.0
Pasar Jamblang,Jagung Pipilan,2026-10-22,10000.0
Pasar Jamblang,Kacang Hijau,2026-10-09,26000.0
Pasar Jamblang,Kacang Hijau,2026-10-10,26000.0
Pasar Jamblang,Kacang Hijau,2026-10-11,26000.0
Pasar Jamblang,Kacang Hijau,2026-10-12,26000.0
Pasar Jamblang,Kacang Hijau,2026-10-13,26000.0
Pasar Jamblang,Kacang Hijau,2026-10-14,25500.0
Pasar Jamblang,Kacang Hijau,2026-10-15,25500.0
Pasar Jamblang,Kacang Hijau,2026-10-16,25500.0
Pasar Jamblang,Kacang Hijau,2026-10-17,26000.0
Pasar Jamblang,Kacang Hijau,2026-10-18,26000.0
Pasar Jamblang,Kacang Hijau,2026-10-19,26000.0
Pasar Jamblang,Kacang Hijau,2026-10-20,26000.0
Pasar Jamblang,Kacang Hijau,2026-10-21,26000.0
Pasar Jamblang,Kacang Hijau,2026-10-22,26000.0
Pasar Jamblang,Kacang Kedelai Impor,2026-10-09,14000.0
Pasar Jamblang,Kacang Kedelai Impor,2026-10-10,14500.0
Pasar Jamblang,Kacang Kedelai Impor,2026-10-11,14500.0
Pasar Jamblang,Kacang Kedelai Impor,2026-10-12,14000.0
Pasar Jamblang,Kacang Kedelai Impor,2026-10-13,14500.0
Pasar Jamblang,Kacang Kedelai Impor,2026-10-14,14500.0
Pasar Jamblang,Kacang Kedelai Impor,2026-10-15,14500.0
Pasar Jamblang,Kacang Kedelai Impor,2026-10-16,14500.0
Pasar Jamblang,Kacang Kedelai Impor,2026-10-17,14500.0
Pasar Jamblang,Kacang Kedelai Impor,2026-10-18,14500.0
Pasar Jamblang,Kacang Kedelai Impor,2026-10-19,14500.0
Pasar Jamblang,Kacang Kedelai Impor,2026-10-20,14500.0
Pasar Jamblang,Kacang Kedelai Impor,2026-10-21,14500.0
Pasar Jamblang,Kacang Kedelai Impor,2026-10-22,15000.0
Pasar Jamblang,Kacang Panjang,2026-10-09,21000.0
Pasar Jamblang,Kacang Panjang,2026-10-10,21000.0
Pasar Jamblang,Kacang Panjang,2026-10-11,21000.0
Pasar Jamblang,Kacang Panjang,2026-10-12,21000.0
Pasar Jamblang,Kacang Panjang,2026-10-13,21000.0
Pasar Jamblang,Kacang Panjang,2026-10-14,21000.0
Pasar Jamblang,Kacang Panjang,2026-10-15,21000.0
Pasar Jamblang,Kacang Panjang,2026-10-16,21000.0
Pasar Jamblang,Kacang Panjang,2026-10-17,21000.0
Pasar Jamblang,Kacang Panjang,2026-10-18,21000.0
Pasar Jamblang,Kacang Panjang,2026-10-19,21000.0
Pasar Jamblang,Kacang Panjang,2026-10-20,21000.0
Pasar Jamblang,Kacang Panjang,2026-10-21,21000.0
Pasar Jamblang,Kacang Panjang,2026-10-22,21000.0
Pasar Jamblang,Kacang Kedelai Lokal,2026-10-09,15000.0
Pasar Jamblang,Kacang Kedelai Lokal,2026-10-10,15000.0
Pasar Jamblang,Kacang Kedelai Lokal,2026-10-11,15000.0
Pasar Jamblang,Kacang Kedelai Lokal,2026-10-12,15000.0
Pasar Jamblang,Kacang Kedelai Lokal,2026-10-13,15000.0
Pasar Jamblang,Kacang Kedelai Lokal,2026-10-14,15000.0
Pasar Jamblang,Kacang Kedelai Lokal,2026-10-15,15000.0
Pasar Jamblang,Kacang Kedelai Lokal,2026-10-16,15000.0
Pasar Jamblang,Kacang Kedelai Lokal,2026-10-17,15000.0
Pasar Jamblang,Kacang Kedelai Lokal,2026-10-18,15000.0
Pasar Jamblang,Kacang Kedelai Lokal,2026-10-19,15000.0
Pasar Jamblang,Kacang Kedelai Lokal,2026-10-20,15000.0
Pasar Jamblang,Kacang Kedelai Lokal,2026-10-21,15000.0
Pasar Jamblang,Kacang Kedelai Lokal,2026-10-22,15000.0
Pasar Jamblang,Kacang Tanah kupas,2026-10-09,34000.0
Pasar Jamblang,Kacang Tanah kupas,2026-10-10,34000.0
Pasar Jamblang,Kacang Tanah kupas,2026-10-11,34000.0
Pasar Jamblang,Kacang Tanah kupas,2026-10-12,34000.0
Pasar Jamblang,Kacang Tanah kupas,2026-10-13,34000.0
Pasar Jamblang,Kacang Tanah kupas,2026-10-14,34000.0
Pasar Jamblang,Kacang Tanah kupas,2026-10-15,34000.0
Pasar Jamblang,Kacang Tanah kupas,2026-10-16,34000.0
Pasar Jamblang,Kacang Tanah kupas,2026-10-17,34000.0
Pasar Jamblang,Kacang Tanah kupas,2026-10-18,34000.0
Pasar Jamblang,Kacang Tanah kupas,2026-10-19,34500.0
Pasar Jamblang,Kacang Tanah kupas,2026-10-20,34000.0
Pasar Jamblang,Kacang Tanah kupas,2026-10-21,34000.0
Pasar Jamblang,Kacang Tanah kupas,2026-10-22,34000.0
Pasar Jamblang,Kacang Tanah/Suuk,2026-10-09,39500.0
Pasar Jamblang,Kacang Tanah/Suuk,2026-10-10,39500.0
Pasar Jamblang,Kacang Tanah/Suuk,2026-10-11,39500.0
Pasar Jamblang,Kacang Tanah/Suuk,2026-10-12,39500.0
Pasar Jamblang,Kacang Tanah/Suuk,2026-10-13,39500.0
Pasar Jamblang,Kacang Tanah/Suuk,2026-10-14,39500.0
Pasar Jamblang,Kacang Tanah/Suuk,2026-10-15,39500.0
Pasar Jamblang,Kacang Tanah/Suuk,2026-10-16,39500.0
Pasar Jamblang,Kacang Tanah/Suuk,2026-10-17,39500.0
Pasar Jamblang,Kacang Tanah/Suuk,2026-10-18,39500.0
Pasar Jamblang,Kacang Tanah/Suuk,2026-10-19,39500.0
Pasar Jamblang,Kacang Tanah/Suuk,2026-10-20,39500.0
Pasar Jamblang,Kacang Tanah/Suuk,2026-10-21,39500.0
Pasar Jamblang,Kacang Tanah/Suuk,2026-10-22,39500.0
Pasar Jamblang,Minyak Goreng Filma,2026-10-09,
Pasar Jamblang,Minyak Goreng Filma,2026-10-10,
Pasar Jamblang,Minyak Goreng Filma,2026-10-11,
Pasar Jamblang,Minyak Goreng Filma,2026-10-12,
Pasar Jamblang,Minyak Goreng Filma,2026-10-13,
Pasar Jamblang,Minyak Goreng Filma,2026-10-14,
Pasar Jamblang,Minyak Goreng Filma,2026-10-15,
Pasar Jamblang,Minyak Goreng Filma,2026-10-16,
Pasar Jamblang,Minyak Goreng Filma,2026-10-17,
Pasar Jamblang,Minyak Goreng Filma,2026-10-18,
Pasar Jamblang,Minyak Goreng Filma,2026-10-19,
Pasar Jamblang,Minyak Goreng Filma,2026-10-20,
Pasar Jamblang,Minyak Goreng Filma,2026-10-21,
Pasar Jamblang,Minyak Goreng Filma,2026-10-22,
Pasar Jamblang,Kentang,2026-10-09,18000.0
Pasar Jamblang,Kentang,2026-10-10,17500.0
Pasar Jamblang,Kentang,2026-10-11,18000.0
Pasar Jamblang,Kentang,2026-10-12,17500.0
Pasar Jamblang,Kentang,2026-10-13,17500.0
Pasar Jamblang,Kentang,2026-10-14,17500.0
Pasar Jamblang,Kentang,2026-10-15,17500.0
Pasar Jamblang,Kentang,2026-10-16,17500.0
Pasar Jamblang,Kentang,2026-10-17,17500.0
Pasar Jamblang,Kentang,2026-10-18,17500.0
Pasar Jamblang,Kentang,2026-10-19,17500.0
Pasar Jamblang,Kentang,2026-10-20,17500.0
Pasar Jamblang,Kentang,2026-10-21,17500.0
Pasar Jamblang,Kentang,2026-10-22,17500.0
Pasar Jamblang,Kol,2026-10-09,7000.0
Pasar Jamblang,Kol,2026-10-10,7000.0
Pasar Jamblang,Kol,2026-10-11,7000.0
Pasar Jamblang,Kol,2026-10-12,7000.0
Pasar Jamblang,Kol,2026-10-13,7000.0
Pasar Jamblang,Kol,2026-10-14,7000.0
Pasar Jamblang,Kol,2026-10-15,7000.0
Pasar Jamblang,Kol,2026-10-16,7000.0
Pasar Jamblang,Kol,2026-10-17,7000.0
Pasar Jamblang,Kol,2026-10-18,7000.0
Pasar Jamblang,Kol,2026-10-19,7000.0
Pasar Jamblang,Kol,2026-10-20,7000.0
Pasar Jamblang,Kol,2026-10-21,7000.0
Pasar Jamblang,Kol,2026-10-22,7000.0
Pasar Jamblang,Margarine Blue Band,2026-10-09,12000.0
Pasar Jamblang,Margarine Blue Band,2026-10-10,12000.0
Pasar Jamblang,Margarine Blue Band,2026-10-11,12000.0
Pasar Jamblang,Margarine Blue Band,2026-10-12,12000.0
Pasar Jamblang,Margarine Blue Band,2026-10-13,12000.0
Pasar Jamblang,Margarine Blue Band,2026-10-14,12000.0
Pasar Jamblang,Margarine Blue Band,2026-10-15,12000.0
Pasar Jamblang,Margarine Blue Band,2026-10-16,12000.0
Pasar Jamblang,Margarine Blue Band,2026-10-17,12000.0
Pasar Jamblang,Margarine Blue Band,2026-10-18,12000.0
Pasar Jamblang,Margarine Blue Band,2026-10-19,12000.0
Pasar Jamblang,Margarine Blue Band,2026-10-20,12000.0
Pasar Jamblang,Margarine Blue Band,2026-10-21,12000.0
Pasar Jamblang,Margarine Blue Band,2026-10-22,12000.0
Pasar Jamblang,Margarine Simas,2026-10-09,7000.0
Pasar Jamblang,Margarine Simas,2026-10-10,7000.0
Pasar Jamblang,Margarine Simas,2026-10-11,7000.0
Pasar Jamblang,Margarine Simas,2026-10-12,7000.0
Pasar Jamblang,Margarine Simas,2026-10-13,7000.0
Pasar Jamblang,Margarine Simas,2026-10-14,7000.0
Pasar Jamblang,Margarine Simas,2026-10-15,7000.0
Pasar Jamblang,Margarine Simas,2026-10-16,7000.0
Pasar Jamblang,Margarine Simas,2026-10-17,7000.0
Pasar Jamblang,Margarine Simas,2026-10-18,7000.0
Pasar Jamblang,Margarine Simas,2026-10-19,7000.0
Pasar Jamblang,Margarine Simas,2026-10-20,7000.0
Pasar Jamblang,Margarine Simas,2026-10-21,7000.0
Pasar Jamblang,Margarine Simas,2026-10-22,7000.0
Pasar Jamblang,Mie Instan Sedaap Soto,2026-10-09,30000.0
Pasar Jamblang,Mie Instan Sedaap Soto,2026-10-10,30000.0
Pasar Jamblang,Mie Instan Sedaap Soto,2026-10-11,30000.0
Pasar Jamblang,Mie Instan Sedaap Soto,2026-10-12,30000.0
Pasar Jamblang,Mie Instan Sedaap Soto,2026-10-13,30000.0
Pasar Jamblang,Mie Instan Sedaap Soto,2026-10-14,30000.0
Pasar Jamblang,Mie Instan Sedaap Soto,2026-10-15,30000.0
Pasar Jamblang,Mie Instan Sedaap Soto,2026-10-16,30000.0
Pasar Jamblang,Mie Instan Sedaap Soto,2026-10-17,30000.0
Pasar Jamblang,Mie Instan Sedaap Soto,2026-10-18,30000.0
Pasar Jamblang,Mie Instan Sedaap Soto,2026-10-19,30000.0
Pasar Jamblang,Mie Instan Sedaap Soto,2026-10-20,30000.0
Pasar Jamblang,Mie Instan Sedaap Soto,2026-10-21,30000.0
Pasar Jamblang,Mie Instan Sedaap Soto,2026-10-22,30000.0
Pasar Jamblang,Minyak Goreng Bimoli,2026-10-09,20000.0
Pasar Jamblang,Minyak Goreng Bimoli,2026-10-10,20000.0
Pasar Jamblang,Minyak Goreng Bimoli,2026-10-11,20000.0
Pasar Jamblang,Minyak Goreng Bimoli,2026-10-12,20000.0
Pasar Jamblang,Minyak Goreng Bimoli,2026-10-13,20000.0
Pasar Jamblang,Minyak Goreng Bimoli,2026-10-14,20000.0
Pasar Jamblang,Minyak Goreng Bimoli,2026-10-15,20000.0
Pasar Jamblang,Minyak Goreng Bimoli,2026-10-16,20000.0
Pasar Jamblang,Minyak Goreng Bimoli,2026-10-17,20000.0
Pasar Jamblang,Minyak Goreng Bimoli,2026-10-18,20000.0
Pasar Jamblang,Minyak Goreng Bimoli,2026-10-19,20000.0
Pasar Jamblang,Minyak Goreng Bimoli,2026-10-20,20000.0
Pasar Jamblang,Minyak Goreng Bimoli,2026-10-21,20000.0
Pasar Jamblang,Minyak Goreng Bimoli,2026-10-22,20000.0
Pasar Jamblang,Minyak Goreng Curah,2026-10-09,21000.0
Pasar Jamblang,Minyak Goreng Curah,2026-10-10,21000.0
Pasar Jamblang,Minyak Goreng Curah,2026-10-11,20500.0
Pasar Jamblang,Minyak Goreng Curah,2026-10-12,21000.0
Pasar Jamblang,Minyak Goreng Curah,2026-10-13,21000.0
Pasar Jamblang,Minyak Goreng Curah,2026-10-14,21000.0
Pasar Jamblang,Minyak Goreng Curah,2026-10-15,21000.0
Pasar Jamblang,Minyak Goreng Curah,2026-10-16,21000.0
Pasar Jamblang,Minyak Goreng Curah,2026-10-17,21000.0
Pasar Jamblang,Minyak Goreng Curah,2026-10-18,20500.0
Pasar Jamblang,Minyak Goreng Curah,2026-10-19,21000.0
Pasar Jamblang,Minyak Goreng Curah,2026-10-20,21000.0
Pasar Jamblang,Minyak Goreng Curah,2026-10-21,21000.0
Pasar Jamblang,Minyak Goreng Curah,2026-10-22,21000.0
Pasar Jamblang,Minyak Goreng Kemasan Sederhana,2026-10-09,19000.0
Pasar Jamblang,Minyak Goreng Kemasan Sederhana,2026-10-10,19000.0
Pasar Jamblang,Minyak Goreng Kemasan Sederhana,2026-10-11,19000.0
Pasar Jamblang,Minyak Goreng Kemasan Sederhana,2026-10-12,19000.0
Pasar Jamblang,Minyak Goreng Kemasan Sederhana,2026-10-13,19000.0
Pasar Jamblang,Minyak Goreng Kemasan Sederhana,2026-10-14,19000.0
Pasar Jamblang,Minyak Goreng Kemasan Sederhana,2026-10-15,19000.0
Pasar Jamblang,Minyak Goreng Kemasan Sederhana,2026-10-16,19000.0
Pasar Jamblang,Minyak Goreng Kemasan Sederhana,2026-10-17,19000.0
Pasar Jamblang,Minyak Goreng Kemasan Sederhana,2026-10-18,19000.0
Pasar Jamblang,Minyak Goreng Kemasan Sederhana,2026-10-19,19000.0
Pasar Jamblang,Minyak Goreng Kemasan Sederhana,2026-10-20,19000.0
Pasar Jamblang,Minyak Goreng Kemasan Sederhana,2026-10-21,19000.0
Pasar Jamblang,Minyak Goreng Kemasan Sederhana,2026-10-22,19000.0
Pasar Jamblang,Minyak Goreng Tropical,2026-10-09,22000.0
Pasar Jamblang,Minyak Goreng Tropical,2026-10-10,22000.0
Pasar Jamblang,Minyak Goreng Tropical,2026-10-11,22000.0
Pasar Jamblang,Minyak Goreng Tropical,2026-10-12,21000.0
Pasar Jamblang,Minyak Goreng Tropical,2026-10-13,22000.0
Pasar Jamblang,Minyak Goreng Tropical,2026-10-14,22000.0
Pasar Jamblang,Minyak Goreng Tropical,2026-10-15,22000.0
Pasar Jamblang,Minyak Goreng Tropical,2026-10-16,22000.0
Pasar Jamblang,Minyak Goreng Tropical,2026-10-17,22000.0
Pasar Jamblang,Minyak Goreng Tropical,2026-10-18,21000.0
Pasar Jamblang,Minyak Goreng Tropical,2026-10-19,21000.0
Pasar Jamblang,Minyak Goreng Tropical,2026-10-20,21500.0
Pasar Jamblang,Minyak Goreng Tropical,2026-10-21,21500.0
Pasar Jamblang,Minyak Goreng Tropical,2026-10-22,22000.0
Pasar Jamblang,Sawi Hijau,2026-10-09,11500.0
Pasar Jamblang,Sawi Hijau,2026-10-10,11500.0
Pasar Jamblang,Sawi Hijau,2026-10-11,11500.0
Pasar Jamblang,Sawi Hijau,2026-10-12,11000.0
Pasar Jamblang,Sawi Hijau,2026-10-13,11500.0
Pasar Jamblang,Sawi Hijau,2026-10-14,11000.0
Pasar Jamblang,Sawi Hijau,2026-10-15,10500.0
Pasar Jamblang,Sawi Hijau,2026-10-16,10500.0
Pasar Jamblang,Sawi Hijau,2026-10-17,10000.0
Pasar Jamblang,Sawi Hijau,2026-10-18,10000.0
Pasar Jamblang,Sawi Hijau,2026-10-19,11000.0
Pasar Jamblang,Sawi Hijau,2026-10-20,11000.0
Pasar Jamblang,Sawi Hijau,2026-10-21,11000.0
Pasar Jamblang,Sawi Hijau,2026-10-22,12000.0
Pasar Jamblang,Sawi Petsay,2026-10-09,15500.0
Pasar Jamblang,Sawi Petsay,2026-10-10,15500.0
Pasar Jamblang,Sawi Petsay,2026-10-11,15500.0
Pasar Jamblang,Sawi Petsay,2026-10-12,15500.0
Pasar Jamblang,Sawi Petsay,2026-10-13,15500.0
Pasar Jamblang,Sawi Petsay,2026-10-14,15500.0
Pasar Jamblang,Sawi Petsay,2026-10-15,15500.0
Pasar Jamblang,Sawi Petsay,2026-10-16,15500.0
Pasar Jamblang,Sawi Petsay,2026-10-17,15500.0
Pasar Jamblang,Sawi Petsay,2026-10-18,15500.0
Pasar Jamblang,Sawi Petsay,2026-10-19,15500.0
Pasar Jamblang,Sawi Petsay,2026-10-20,15500.0
Pasar Jamblang,Sawi Petsay,2026-10-21,15500.0
Pasar Jamblang,Sawi Petsay,2026-10-22,15500.0
Pasar Jamblang,Segitiga Biru,2026-10-09,12000.0
Pasar Jamblang,Segitiga Biru,2026-10-10,12000.0
Pasar Jamblang,Segitiga Biru,2026-10-11,12000.0
Pasar Jamblang,Segitiga Biru,2026-10-12,12000.0
Pasar Jamblang,Segitiga Biru,2026-10-13,12000.0
Pasar Jamblang,Segitiga Biru,2026-10-14,12000.0
Pasar Jamblang,Segitiga Biru,2026-10-15,12000.0
Pasar Jamblang,Segitiga Biru,2026-10-16,12000.0
Pasar Jamblang,Segitiga Biru,2026-10-17,12000.0
Pasar Jamblang,Segitiga Biru,2026-10-18,12000.0
Pasar Jamblang,Segitiga Biru,2026-10-19,12000.0
Pasar Jamblang,Segitiga Biru,2026-10-20,12000.0
Pasar Jamblang,Segitiga Biru,2026-10-21,12000.0
Pasar Jamblang,Segitiga Biru,2026-10-22,12000.0
Pasar Jamblang,Singkong,2026-10-09,7000.0
Pasar Jamblang,Singkong,2026-10-10,7000.0
Pasar Jamblang,Singkong,2026-10-11,7000.0
Pasar Jamblang,Singkong,2026-10-12,7000.0
Pasar Jamblang,Singkong,2026-10-13,7000.0
Pasar Jamblang,Singkong,2026-10-14,7000.0
Pasar Jamblang,Singkong,2026-10-15,7000.0
Pasar Jamblang,Singkong,2026-10-16,7000.0
Pasar Jamblang,Singkong,2026-10-17,7000.0
Pasar Jamblang,Singkong,2026-10-18,7000.0
Pasar Jamblang,Singkong,2026-10-19,7000.0
Pasar Jamblang,Singkong,2026-10-20,7000.0
Pasar Jamblang,Singkong,2026-10-21,7000.0
Pasar Jamblang,Singkong,2026-10-22,7000.0
Pasar Jamblang,Telur Bebek Mentah,2026-10-09,30000.0
Pasar Jamblang,Telur Bebek Mentah,2026-10-10,30000.0
Pasar Jamblang,Telur Bebek Mentah,2026-10-11,30000.0
Pasar Jamblang,Telur Bebek Mentah,2026-10-12,30000.0
Pasar Jamblang,Telur Bebek Mentah,2026-10-13,30000.0
Pasar Jamblang,Telur Bebek Mentah,2026-10-14,30000.0
Pasar Jamblang,Telur Bebek Mentah,2026-10-15,30000.0
Pasar Jamblang,Telur Bebek Mentah,2026-10-16,30000.0
Pasar Jamblang,Telur Bebek Mentah,2026-10-17,30000.0
Pasar Jamblang,Telur Bebek Mentah,2026-10-18,30000.0
Pasar Jamblang,Telur Bebek Mentah,2026-10-19,30000.0
Pasar Jamblang,Telur Bebek Mentah,2026-10-20,30000.0
Pasar Jamblang,Telur Bebek Mentah,2026-10-21,30000.0
Pasar Jamblang,Telur Bebek Mentah,2026-10-22,30000.0
Pasar Jamblang,Susu Kental Manis Bendera Cokelat,2026-10-09,8000.0
Pasar Jamblang,Susu Kental Manis Bendera Cokelat,2026-10-10,8000.0
Pasar Jamblang,Susu Kental Manis Bendera Cokelat,2026-10-11,8000.0
Pasar Jamblang,Susu Kental Manis Bendera Cokelat,2026-10-12,8000.0
Pasar Jamblang,Susu Kental Manis Bendera Cokelat,2026-10-13,8000.0
Pasar Jamblang,Susu Kental Manis Bendera Cokelat,2026-10-14,8000.0
Pasar Jamblang,Susu Kental Manis Bendera Cokelat,2026-10-15,8000.0
Pasar Jamblang,Susu Kental Manis Bendera Cokelat,2026-10-16,8000.0
Pasar Jamblang,Susu Kental Manis Bendera Cokelat,2026-10-17,8000.0
Pasar Jamblang,Susu Kental Manis Bendera Cokelat,2026-10-18,8000.0
Pasar Jamblang,Susu Kental Manis Bendera Cokelat,2026-10-19,8000.0
Pasar Jamblang,Susu Kental Manis Bendera Cokelat,2026-10-20,8000.0
Pasar Jamblang,Susu Kental Manis Bendera Cokelat,2026-10-21,8000.0
Pasar Jamblang,Susu Kental Manis Bendera Cokelat,2026-10-22,8000.0
Pasar Jamblang,Tepung Terigu Kunci Biru,2026-10-09,12000.0
Pasar Jamblang,Tepung Terigu Kunci Biru,2026-10-10,12000.0
Pasar Jamblang,Tepung Terigu Kunci Biru,2026-10-11,12000.0
Pasar Jamblang,Tepung Terigu Kunci Biru,2026-10-12,12000.0
Pasar Jamblang,Tepung Terigu Kunci Biru,2026-10-13,12000.0
Pasar Jamblang,Tepung Terigu Kunci Biru,2026-10-14,12000.0
Pasar Jamblang,Tepung Terigu Kunci Biru,2026-10-15,12000.0
Pasar Jamblang,Tepung Terigu Kunci Biru,2026-10-16,12000.0
Pasar Jamblang,Tepung Terigu Kunci Biru,2026-10-17,12000.0
Pasar Jamblang,Tepung Terigu Kunci Biru,2026-10-18,12000.0
Pasar Jamblang,Tepung Terigu Kunci Biru,2026-10-19,12000.0
Pasar Jamblang,Tepung Terigu Kunci Biru,2026-10-20,12000.0
Pasar Jamblang,Tepung Terigu Kunci Biru,2026-10-21,12000.0
Pasar Jamblang,Tepung Terigu Kunci Biru,2026-10-22,12000.0
Pasar Jamblang,Telur Ayam Kampung,2026-10-09,26000.0
Pasar Jamblang,Telur Ayam Kampung,2026-10-10,26000.0
Pasar Jamblang,Telur Ayam Kampung,2026-10-11,26000.0
Pasar Jamblang,Telur Ayam Kampung,2026-10-12,26000.0
Pasar Jamblang,Telur Ayam Kampung,2026-10-13,26000.0
Pasar Jamblang,Telur Ayam Kampung,2026-10-14,26000.0
Pasar Jamblang,Telur Ayam Kampung,2026-10-15,26000.0
Pasar Jamblang,Telur Ayam Kampung,2026-10-16,26000.0
Pasar Jamblang,Telur Ayam Kampung,2026-10-17,26000.0
Pasar Jamblang,Telur Ayam Kampung,2026-10-18,26000.0
Pasar Jamblang,Telur Ayam Kampung,2026-10-19,26000.0
Pasar Jamblang,Telur Ayam Kampung,2026-10-20,26000.0
Pasar Jamblang,Telur Ayam Kampung,2026-10-21,26000.0
Pasar Jamblang,Telur Ayam Kampung,2026-10-22,26000.0
Pasar Jamblang,Telur Ayam Broiler,2026-10-09,24500.0
Pasar Jamblang,Telur Ayam Broiler,2026-10-10,24500.0
Pasar Jamblang,Telur Ayam Broiler,2026-10-11,24500.0
Pasar Jamblang,Telur Ayam Broiler,2026-10-12,24500.0
Pasar Jamblang,Telur Ayam Broiler,2026-10-13,24500.0
Pasar Jamblang,Telur Ayam Broiler,2026-10-14,24500.0
Pasar Jamblang,Telur Ayam Broiler,2026-10-15,24500.0
Pasar Jamblang,Telur Ayam Broiler,2026-10-16,24500.0
Pasar Jamblang,Telur Ayam Broiler,2026-10-17,25000.0
Pasar Jamblang,Telur Ayam Broiler,2026-10-18,25000.0
Pasar Jamblang,Telur Ayam Broiler,2026-10-19,25000.0
Pasar Jamblang,Telur Ayam Broiler,2026-10-20,25000.0
Pasar Jamblang,Telur Ayam Broiler,2026-10-21,25500.0
Pasar Jamblang,Telur Ayam Broiler,2026-10-22,25500.0
Pasar Jamblang,Susu Kental Manis Bendera Putih,2026-10-09,8000.0
Pasar Jamblang,Susu Kental Manis Bendera Putih,2026-10-10,8000.0
Pasar Jamblang,Susu Kental Manis Bendera Putih,2026-10-11,8000.0
Pasar Jamblang,Susu Kental Manis Bendera Putih,2026-10-12,8000.0
Pasar Jamblang,Susu Kental Manis Bendera Putih,2026-10-13,8000.0
Pasar Jamblang,Susu Kental Manis Bendera Putih,2026-10-14,8000.0
Pasar Jamblang,Susu Kental Manis Bendera Putih,2026-10-15,8000.0
Pasar Jamblang,Susu Kental Manis Bendera Putih,2026-10-16,8000.0
Pasar Jamblang,Susu Kental Manis Bendera Putih,2026-10-17,8000.0
Pasar Jamblang,Susu Kental Manis Bendera Putih,2026-10-18,8000.0
Pasar Jamblang,Susu Kental Manis Bendera Putih,2026-10-19,8000.0
Pasar Jamblang,Susu Kental Manis Bendera Putih,2026-10-20,8000.0
Pasar Jamblang,Susu Kental Manis Bendera Putih,2026-10-21,8000.0
Pasar Jamblang,Susu Kental Manis Bendera Putih,2026-10-22,8000.0
Pasar Jamblang,Teri Medan Basah,2026-10-09,100000.0
Pasar Jamblang,Teri Medan Basah,2026-10-10,100000.0
Pasar Jamblang,Teri Medan Basah,2026-10-11,100000.0
Pasar Jamblang,Teri Medan Basah,2026-10-12,100000.0
Pasar Jamblang,Teri Medan Basah,2026-10-13,100000.0
Pasar Jamblang,Teri Medan Basah,2026-10-14,100000.0
Pasar Jamblang,Teri Medan Basah,2026-10-15,100000.0
Pasar Jamblang,Teri Medan Basah,2026-10-16,100000.0
Pasar Jamblang,Teri Medan Basah,2026-10-17,100000.0
Pasar Jamblang,Teri Medan Basah,2026-10-18,100000.0
Pasar Jamblang,Teri Medan Basah,2026-10-19,100000.0
Pasar Jamblang,Teri Medan Basah,2026-10-20,100000.0
Pasar Jamblang,Teri Medan Basah,2026-10-21,100000.0
Pasar Jamblang,Teri Medan Basah,2026-10-22,100000.0
Pasar Jamblang,Telur Bebek Asin,2026-10-09,39500.0
Pasar Jamblang,Telur Bebek Asin,2026-10-10,39500.0
Pasar Jamblang,Telur Bebek Asin,2026-10-11,39500.0
Pasar Jamblang,Telur Bebek Asin,2026-10-12,39500.0
Pasar Jamblang,Telur Bebek Asin,2026-10-13,39500.0
Pasar Jamblang,Telur Bebek Asin,2026-10-14,39500.0
Pasar Jamblang,Telur Bebek Asin,2026-10-15,39500.0
Pasar Jamblang,Telur Bebek Asin,2026-10-16,39500.0
Pasar Jamblang,Telur Bebek Asin,2026-10-17,39500.0
Pasar Jamblang,Telur Bebek Asin,2026-10-18,39500.0
Pasar Jamblang,Telur Bebek Asin,2026-10-19,39500.0
Pasar Jamblang,Telur Bebek Asin,2026-10-20,39500.0
Pasar Jamblang,Telur Bebek Asin,2026-10-21,39500.0
Pasar Jamblang,Telur Bebek Asin,2026-10-22,39500.0
Pasar Jamblang,Tepung Terigu Segi Tiga Biru,2026-10-09,12000.0
Pasar Jamblang,Tepung Terigu Segi Tiga Biru,2026-10-10,12000.0
Pasar Jamblang,Tepung Terigu Segi Tiga Biru,2026-10-11,12000.0
Pasar Jamblang,Tepung Terigu Segi Tiga Biru,2026-10-12,12000.0
Pasar Jamblang,Tepung Terigu Segi Tiga Biru,2026-10-13,12000.0
Pasar Jamblang,Tepung Terigu Segi Tiga Biru,2026-10-14,12000.0
Pasar Jamblang,Tepung Terigu Segi Tiga Biru,2026-10-15,12000.0
Pasar Jamblang,Tepung Terigu Segi Tiga Biru,2026-10-16,12000.0
Pasar Jamblang,Tepung Terigu Segi Tiga Biru,2026-10-17,12000.0
Pasar Jamblang,Tepung Terigu Segi Tiga Biru,2026-10-18,12000.0
Pasar Jamblang,Tepung Terigu Segi Tiga Biru,2026-10-19,12000.0
Pasar Jamblang,Tepung Terigu Segi Tiga Biru,2026-10-20,12000.0
Pasar Jamblang,Tepung Terigu Segi Tiga Biru,2026-10-21,12000.0
Pasar Jamblang,Tepung Terigu Segi Tiga Biru,2026-10-22,12000.0
Pasar Jamblang,Teri Medan Kering,2026-10-09,52000.0
Pasar Jamblang,Teri Medan Kering,2026-10-10,52000.0
Pasar Jamblang,Teri Medan Kering,2026-10-11,52000.0
Pasar Jamblang,Teri Medan Kering,2026-10-12,52000.0
Pasar Jamblang,Teri Medan Kering,2026-10-13,52000.0
Pasar Jamblang,Teri Medan Kering,2026-10-14,52000.0
Pasar Jamblang,Teri Medan Kering,2026-10-15,52000.0
Pasar Jamblang,Teri Medan Kering,2026-10-16,52000.0
Pasar Jamblang,Teri Medan Kering,2026-10-17,52000.0
Pasar Jamblang,Teri Medan Kering,2026-10-18,52000.0
Pasar Jamblang,Teri Medan Kering,2026-10-19,52000.0
Pasar Jamblang,Teri Medan Kering,2026-10-20,52000.0
Pasar Jamblang,Teri Medan Kering,2026-10-21,52000.0
Pasar Jamblang,Teri Medan Kering,2026-10-22,52000.0
Pasar Jamblang,Tomat Buah,2026-10-09,15000.0
Pasar Jamblang,Tomat Buah,2026-10-10,15000.0
Pasar Jamblang,Tomat Buah,2026-10-11,15000.0
Pasar Jamblang,Tomat Buah,2026-10-12,15000.0
Pasar Jamblang,Tomat Buah,2026-10-13,15000.0
Pasar Jamblang,Tomat Buah,2026-10-14,15000.0
Pasar Jamblang,Tomat Buah,2026-10-15,15000.0
Pasar Jamblang,Tomat Buah,2026-10-16,15000.0
Pasar Jamblang,Tomat Buah,2026-10-17,15000.0
Pasar Jamblang,Tomat Buah,2026-10-18,15000.0
Pasar Jamblang,Tomat Buah,2026-10-19,15000.0
Pasar Jamblang,Tomat Buah,2026-10-20,15000.0
Pasar Jamblang,Tomat Buah,2026-10-21,15000.0
Pasar Jamblang,Tomat Buah,2026-10-22,15000.0
Pasar Jamblang,Udang,2026-10-09,59500.0
Pasar Jamblang,Udang,2026-10-10,59500.0
Pasar Jamblang,Udang,2026-10-11,59500.0
Pasar Jamblang,Udang,2026-10-12,59500.0
Pasar Jamblang,Udang,2026-10-13,59500.0
Pasar Jamblang,Udang,2026-10-14,59500.0
Pasar Jamblang,Udang,2026-10-15,59500.0
Pasar Jamblang,Udang,2026-10-16,59500.0
Pasar Jamblang,Udang,2026-10-17,59500.0
Pasar Jamblang,Udang,2026-10-18,59500.0
Pasar Jamblang,Udang,2026-10-19,59500.0
Pasar Jamblang,Udang,2026-10-20,59500.0
Pasar Jamblang,Udang,2026-10-21,60000.0
Pasar Jamblang,Udang,2026-10-22,60000.0
Pasar Jamblang,Tomat Sayur,2026-10-09,10000.0
Pasar Jamblang,Tomat Sayur,2026-10-10,10000.0
Pasar Jamblang,Tomat Sayur,2026-10-11,10000.0
Pasar Jamblang,Tomat Sayur,2026-10-12,10000.0
Pasar Jamblang,Tomat Sayur,2026-10-13,10500.0
Pasar Jamblang,Tomat Sayur,2026-10-14,10500.0
Pasar Jamblang,Tomat Sayur,2026-10-15,10500.0
Pasar Jamblang,Tomat Sayur,2026-10-16,10500.0
Pasar Jamblang,Tomat Sayur,2026-10-17,10500.0
Pasar Jamblang,Tomat Sayur,2026-10-18,10500.0
Pasar Jamblang,Tomat Sayur,2026-10-19,10500.0
Pasar Jamblang,Tomat Sayur,2026-10-20,11000.0
Pasar Jamblang,Tomat Sayur,2026-10-21,11000.0
Pasar Jamblang,Tomat Sayur,2026-10-22,11000.0
Pasar Jamblang,Ubi Jalar,2026-10-09,6000.0
Pasar Jamblang,Ubi Jalar,2026-10-10,6000.0
Pasar Jamblang,Ubi Jalar,2026-10-11,6000.0
Pasar Jamblang,Ubi Jalar,2026-10-12,6000.0
Pasar Jamblang,Ubi Jalar,2026-10-13,6000.0
Pasar Jamblang,Ubi Jalar,2026-10-14,6000.0
Pasar Jamblang,Ubi Jalar,2026-10-15,6000.0
Pasar Jamblang,Ubi Jalar,2026-10-16,6000.0
Pasar Jamblang,Ubi Jalar,2026-10-17,6000.0
Pasar Jamblang,Ubi Jalar,2026-10-18,6000.0
Pasar Jamblang,Ubi Jalar,2026-10-19,6000.0
Pasar Jamblang,Ubi Jalar,2026-10-20,6000.0
Pasar Jamblang,Ubi Jalar,2026-10-21,6000.0
Pasar Jamblang,Ubi Jalar,2026-10-22,6000.0
Pasar Palimanan,Bawang Bombay,2026-10-09,35500.0
Pasar Palimanan,Bawang Bombay,2026-10-10,35000.0
Pasar Palimanan,Bawang Bombay,2026-10-11,35500.0
Pasar Palimanan,Bawang Bombay,2026-10-12,36000.0
Pasar Palimanan,Bawang Bombay,2026-10-13,36000.0
Pasar Palimanan,Bawang Bombay,2026-10-14,36500.0
Pasar Palimanan,Bawang Bombay,2026-10-15,36000.0
Pasar Palimanan,Bawang Bombay,2026-10-16,35500.0
Pasar Palimanan,Bawang Bombay,2026-10-17,36000.0
Pasar Palimanan,Bawang Bombay,2026-10-18,35500.0
Pasar Palimanan,Bawang Bombay,2026-10-19,36000.0
Pasar Palimanan,Bawang Bombay,2026-10-20,36000.0
Pasar Palimanan,Bawang Bombay,2026-10-21,36500.0
Pasar Palimanan,Bawang Bombay,2026-10-22,36500.0
Pasar Jamblang,Wortel,2026-10-09,12000.0
Pasar Jamblang,Wortel,2026-10-10,12000.0
Pasar Jamblang,Wortel,2026-10-11,12000.0
Pasar Jamblang,Wortel,2026-10-12,12000.0
Pasar Jamblang,Wortel,2026-10-13,12000.0
Pasar Jamblang,Wortel,2026-10-14,12000.0
Pasar Jamblang,Wortel,2026-10-15,12000.0
Pasar Jamblang,Wortel,2026-10-16,12000.0
Pasar Jamblang,Wortel,2026-10-17,12000.0
Pasar Jamblang,Wortel,2026-10-18,12000.0
Pasar Jamblang,Wortel,2026-10-19,12000.0
Pasar Jamblang,Wortel,2026-10-20,12000.0
Pasar Jamblang,Wortel,2026-10-21,12000.0
Pasar Jamblang,Wortel,2026-10-22,12000.0
Pasar Palimanan,Bawang Merah,2026-10-09,30000.0
Pasar Palimanan,Bawang Merah,2026-10-10,30000.0
Pasar Palimanan,Bawang Merah,2026-10-11,30000.0
Pasar Palimanan,Bawang Merah,2026-10-12,30000.0
Pasar Palimanan,Bawang Merah,2026-10-13,30000.0
Pasar Palimanan,Bawang Merah,2026-10-14,29500.0
Pasar Palimanan,Bawang Merah,2026-10-15,29500.0
Pasar Palimanan,Bawang Merah,2026-10-16,29500.0
Pasar Palimanan,Bawang Merah,2026-10-17,29000.0
Pasar Palimanan,Bawang Merah,2026-10-18,29000.0
Pasar Palimanan,Bawang Merah,2026-10-19,29000.0
Pasar Palimanan,Bawang Merah,2026-10-20,29000.0
Pasar Palimanan,Bawang Merah,2026-10-21,29500.0
Pasar Palimanan,Bawang Merah,2026-10-22,29000.0
Pasar Palimanan,Bawang Putih,2026-10-09,33500.0
Pasar Palimanan,Bawang Putih,2026-10-10,33500.0
Pasar Palimanan,Bawang Putih,2026-10-11,34000.0
Pasar Palimanan,Bawang Putih,2026-10-12,33500.0
Pasar Palimanan,Bawang Putih,2026-10-13,32500.0
Pasar Palimanan,Bawang Putih,2026-10-14,33000.0
Pasar Palimanan,Bawang Putih,2026-10-15,34500.0
Pasar Palimanan,Bawang Putih,2026-10-16,34500.0
Pasar Palimanan,Bawang Putih,2026-10-17,35000.0
Pasar Palimanan,Bawang Putih,2026-10-18,34500.0
Pasar Palimanan,Bawang Putih,2026-10-19,34000.0
Pasar Palimanan,Bawang Putih,2026-10-20,34000.0
Pasar Palimanan,Bawang Putih,2026-10-21,34000.0
Pasar Palimanan,Bawang Putih,2026-10-22,34000.0
Pasar Palimanan,Bawang putih Katingan,2026-10-09,35000.0
Pasar Palimanan,Bawang putih Katingan,2026-10-10,35000.0
Pasar Palimanan,Bawang putih Katingan,2026-10-11,34500.0
Pasar Palimanan,Bawang putih Katingan,2026-10-12,34500.0
Pasar Palimanan,Bawang putih Katingan,2026-10-13,33500.0
Pasar Palimanan,Bawang putih Katingan,2026-10-14,33500.0
Pasar Palimanan,Bawang putih Katingan,2026-10-15,33500.0
Pasar Palimanan,Bawang putih Katingan,2026-10-16,32000.0
Pasar Palimanan,Bawang putih Katingan,2026-10-17,32500.0
Pasar Palimanan,Bawang putih Katingan,2026-10-18,32500.0
Pasar Palimanan,Bawang putih Katingan,2026-10-19,32500.0
Pasar Palimanan,Bawang putih Katingan,2026-10-20,33000.0
Pasar Palimanan,Bawang putih Katingan,2026-10-21,33000.0
Pasar Palimanan,Bawang putih Katingan,2026-10-22,33000.0
Pasar Palimanan,Beras Bulog,2026-10-09,11500.0
Pasar Palimanan,Beras Bulog,2026-10-10,11500.0
Pasar Palimanan,Beras Bulog,2026-10-11,12000.0
Pasar Palimanan,Beras Bulog,2026-10-12,11500.0
Pasar Palimanan,Beras Bulog,2026-10-13,11500.0
Pasar Palimanan,Beras Bulog,2026-10-14,11500.0
Pasar Palimanan,Beras Bulog,2026-10-15,11500.0
Pasar Palimanan,Beras Bulog,2026-10-16,11500.0
Pasar Palimanan,Beras Bulog,2026-10-17,11500.0
Pasar Palimanan,Beras Bulog,2026-10-18,11500.0
Pasar Palimanan,Beras Bulog,2026-10-19,11500.0
Pasar Palimanan,Beras Bulog,2026-10-20,11500.0
Pasar Palimanan,Beras Bulog,2026-10-21,11500.0
Pasar Palimanan,Beras Bulog,2026-10-22,11500.0
Pasar Palimanan,Beras Medium,2026-10-09,14000.0
Pasar Palimanan,Beras Medium,2026-10-10,14000.0
Pasar Palimanan,Beras Medium,2026-10-11,14000.0
Pasar Palimanan,Beras Medium,2026-10-12,13500.0
Pasar Palimanan,Beras Medium,2026-10-13,13500.0
Pasar Palimanan,Beras Medium,2026-10-14,13500.0
Pasar Palimanan,Beras Medium,2026-10-15,13500.0
Pasar Palimanan,Beras Medium,2026-10-16,14000.0
Pasar Palimanan,Beras Medium,2026-10-17,14000.0
Pasar Palimanan,Beras Medium,2026-10-18,13500.0
Pasar Palimanan,Beras Medium,2026-10-19,14000.0
Pasar Palimanan,Beras Medium,2026-10-20,14000.0
Pasar Palimanan,Beras Medium,2026-10-21,14000.0
Pasar Palimanan,Beras Medium,2026-10-22,14000.0
Pasar Palimanan,Besi Beton 10 mm,2026-10-09,20000.0
Pasar Palimanan,Besi Beton 10 mm,2026-10-10,20000.0
Pasar Palimanan,Besi Beton 10 mm,2026-10-11,20000.0
Pasar Palimanan,Besi Beton 10 mm,2026-10-12,20000.0
Pasar Palimanan,Besi Beton 10 mm,2026-10-13,20000.0
Pasar Palimanan,Besi Beton 10 mm,2026-10-14,20000.0
Pasar Palimanan,Besi Beton 10 mm,2026-10-15,20000.0
Pasar Palimanan,Besi Beton 10 mm,2026-10-16,20000.0
Pasar Palimanan,Besi Beton 10 mm,2026-10-17,20000.0
Pasar Palimanan,Besi Beton 10 mm,2026-10-18,20000.0
Pasar Palimanan,Besi Beton 10 mm,2026-10-19,20000.0
Pasar Palimanan,Besi Beton 10 mm,2026-10-20,20000.0
Pasar Palimanan,Besi Beton 10 mm,2026-10-21,20000.0
Pasar Palimanan,Besi Beton 10 mm,2026-10-22,20000.0
Pasar Palimanan,Beras Premium I,2026-10-09,15500.0
Pasar Palimanan,Beras Premium I,2026-10-10,15500.0
Pasar Palimanan,Beras Premium I,2026-10-11,15500.0
Pasar Palimanan,Beras Premium I,2026-10-12,15500.0
Pasar Palimanan,Beras Premium I,2026-10-13,15500.0
Pasar Palimanan,Beras Premium I,2026-10-14,15000.0
Pasar Palimanan,Beras Premium I,2026-10-15,15500.0
Pasar Palimanan,Beras Premium I,2026-10-16,15000.0
Pasar Palimanan,Beras Premium I,2026-10-17,15000.0
Pasar Palimanan,Beras Premium I,2026-10-18,15500.0
Pasar Palimanan,Beras Premium I,2026-10-19,15500.0
Pasar Palimanan,Beras Premium I,2026-10-20,15500.0
Pasar Palimanan,Beras Premium I,2026-10-21,15500.0
Pasar Palimanan,Beras Premium I,2026-10-22,15500.0
Pasar Palimanan,Beras Premium II,2026-10-09,16000.0
Pasar Palimanan,Beras Premium II,2026-10-10,16000.0
Pasar Palimanan,Beras Premium II,2026-10-11,16000.0
Pasar Palimanan,Beras Premium II,2026-10-12,16000.0
Pasar Palimanan,Beras Premium II,2026-10-13,16000.0
Pasar Palimanan,Beras Premium II,2026-10-14,16000.0
Pasar Palimanan,Beras Premium II,2026-10-15,16000.0
Pasar Palimanan,Beras Premium II,2026-10-16,16000.0
Pasar Palimanan,Beras Premium II,2026-10-17,16000.0
Pasar Palimanan,Beras Premium II,2026-10-18,16000.0
Pasar Palimanan,Beras Premium II,2026-10-19,16000.0
Pasar Palimanan,Beras Premium II,2026-10-20,16000.0
Pasar Palimanan,Beras Premium II,2026-10-21,16000.0
Pasar Palimanan,Beras Premium II,2026-10-22,16000.0
Pasar Palimanan,Beras Premium Super,2026-10-09,16000.0
Pasar Palimanan,Beras Premium Super,2026-10-10,16000.0
Pasar Palimanan,Beras Premium Super,2026-10-11,16000.0
Pasar Palimanan,Beras Premium Super,2026-10-12,16000.0
Pasar Palimanan,Beras Premium Super,2026-10-13,16000.0
Pasar Palimanan,Beras Premium Super,2026-10-14,16000.0
Pasar Palimanan,Beras Premium Super,2026-10-15,16000.0
Pasar Palimanan,Beras Premium Super,2026-10-16,16000.0
Pasar Palimanan,Beras Premium Super,2026-10-17,16000.0
Pasar Palimanan,Beras Premium Super,2026-10-18,16000.0
Pasar Palimanan,Beras Premium Super,2026-10-19,16000.0
Pasar Palimanan,Beras Premium Super,2026-10-20,16000.0
Pasar Palimanan,Beras Premium Super,2026-10-21,16000.0
Pasar Palimanan,Beras Premium Super,2026-10-22,16000.0
Pasar Palimanan,Cakra Kembar,2026-10-09,10000.0
Pasar Palimanan,Cakra Kembar,2026-10-10,10000.0
Pasar Palimanan,Cakra Kembar,2026-10-11,10000.0
Pasar Palimanan,Cakra Kembar,2026-10-12,10000.0
Pasar Palimanan,Cakra Kembar,2026-10-13,10000.0
Pasar Palimanan,Cakra Kembar,2026-10-14,10000.0
Pasar Palimanan,Cakra Kembar,2026-10-15,10000.0
Pasar Palimanan,Cakra Kembar,2026-10-16,10000.0
Pasar Palimanan,Cakra Kembar,2026-10-17,10000.0
Pasar Palimanan,Cakra Kembar,2026-10-18,10000.0
Pasar Palimanan,Cakra Kembar,2026-10-19,10000.0
Pasar Palimanan,Cakra Kembar,2026-10-20,10000.0
Pasar Palimanan,Cakra Kembar,2026-10-21,10000.0
Pasar Palimanan,Cakra Kembar,2026-10-22,10000.0
Pasar Palimanan,Cabe Hijau,2026-10-09,18500.0
Pasar Palimanan,Cabe Hijau,2026-10-10,19000.0
Pasar Palimanan,Cabe Hijau,2026-10-11,19000.0
Pasar Palimanan,Cabe Hijau,2026-10-12,19000.0
Pasar Palimanan,Cabe Hijau,2026-10-13,18500.0
Pasar Palimanan,Cabe Hijau,2026-10-14,19000.0
Pasar Palimanan,Cabe Hijau,2026-10-15,18500.0
Pasar Palimanan,Cabe Hijau,2026-10-16,18500.0
Pasar Palimanan,Cabe Hijau,2026-10-17,19000.0
Pasar Palimanan,Cabe Hijau,2026-10-18,22000.0
Pasar Palimanan,Cabe Hijau,2026-10-19,23000.0
Pasar Palimanan,Cabe Hijau,2026-10-20,21500.0
Pasar Palimanan,Cabe Hijau,2026-10-21,21000.0
Pasar Palimanan,Cabe Hijau,2026-10-22,23500.0
Pasar Palimanan,Cabe Merah Biasa,2026-10-09,39500.0
Pasar Palimanan,Cabe Merah Biasa,2026-10-10,39000.0
Pasar Palimanan,Cabe Merah Biasa,2026-10-11,39000.0
Pasar Palimanan,Cabe Merah Biasa,2026-10-12,38500.0
Pasar Palimanan,Cabe Merah Biasa,2026-10-13,39000.0
Pasar Palimanan,Cabe Merah Biasa,2026-10-14,39000.0
Pasar Palimanan,Cabe Merah Biasa,2026-10-15,39000.0
Pasar Palimanan,Cabe Merah Biasa,2026-10-16,39000.0
Pasar Palimanan,Cabe Merah Biasa,2026-10-17,39000.0
Pasar Palimanan,Cabe Merah Biasa,2026-10-18,39500.0
Pasar Palimanan,Cabe Merah Biasa,2026-10-19,41500.0
Pasar Palimanan,Cabe Merah Biasa,2026-10-20,41000.0
Pasar Palimanan,Cabe Merah Biasa,2026-10-21,42500.0
Pasar Palimanan,Cabe Merah Biasa,2026-10-22,43000.0
Pasar Palimanan,Buncis,2026-10-09,18500.0
Pasar Palimanan,Buncis,2026-10-10,18000.0
Pasar Palimanan,Buncis,2026-10-11,19000.0
Pasar Palimanan,Buncis,2026-10-12,18000.0
Pasar Palimanan,Buncis,2026-10-13,17500.0
Pasar Palimanan,Buncis,2026-10-14,20500.0
Pasar Palimanan,Buncis,2026-10-15,20500.0
Pasar Palimanan,Buncis,2026-10-16,22000.0
Pasar Palimanan,Buncis,2026-10-17,22000.0
Pasar Palimanan,Buncis,2026-10-18,20500.0
Pasar Palimanan,Buncis,2026-10-19,21000.0
Pasar Palimanan,Buncis,2026-10-20,18500.0
Pasar Palimanan,Buncis,2026-10-21,18500.0
Pasar Palimanan,Buncis,2026-10-22,20000.0
Pasar Palimanan,Cabe Merah Keriting,2026-10-09,58500.0
Pasar Palimanan,Cabe Merah Keriting,2026-10-10,59000.0
Pasar Palimanan,Cabe Merah Keriting,2026-10-11,58000.0
Pasar Palimanan,Cabe Merah Keriting,2026-10-12,57500.0
Pasar Palimanan,Cabe Merah Keriting,2026-10-13,58000.0
Pasar Palimanan,Cabe Merah Keriting,2026-10-14,58500.0
Pasar Palimanan,Cabe Merah Keriting,2026-10-15,59500.0
Pasar Palimanan,Cabe Merah Keriting,2026-10-16,60000.0
Pasar Palimanan,Cabe Merah Keriting,2026-10-17,60500.0
Pasar Palimanan,Cabe Merah Keriting,2026-10-18,60500.0
Pasar Palimanan,Cabe Merah Keriting,2026-10-19,59500.0
Pasar Palimanan,Cabe Merah Keriting,2026-10-20,59500.0
Pasar Palimanan,Cabe Merah Keriting,2026-10-21,58500.0
Pasar Palimanan,Cabe Merah Keriting,2026-10-22,58500.0
Pasar Palimanan,Cabe Rawit Hijau,2026-10-09,41000.0
Pasar Palimanan,Cabe Rawit Hijau,2026-10-10,40500.0
Pasar Palimanan,Cabe Rawit Hijau,2026-10-11,40500.0
Pasar Palimanan,Cabe Rawit Hijau,2026-10-12,40000.0
Pasar Palimanan,Cabe Rawit Hijau,2026-10-13,41500.0
Pasar Palimanan,Cabe Rawit Hijau,2026-10-14,41500.0
Pasar Palimanan,Cabe Rawit Hijau,2026-10-15,41000.0
Pasar Palimanan,Cabe Rawit Hijau,2026-10-16,41000.0
Pasar Palimanan,Cabe Rawit Hijau,2026-10-17,44000.0
Pasar Palimanan,Cabe Rawit Hijau,2026-10-18,46500.0
Pasar Palimanan,Cabe Rawit Hijau,2026-10-19,48000.0
Pasar Palimanan,Cabe Rawit Hijau,2026-10-20,50000.0
Pasar Palimanan,Cabe Rawit Hijau,2026-10-21,49000.0
Pasar Palimanan,Cabe Rawit Hijau,2026-10-22,51500.0
Pasar Palimanan,Cabe Rawit Merah,2026-10-09,85500.0
Pasar Palimanan,Cabe Rawit Merah,2026-10-10,84500.0
Pasar Palimanan,Cabe Rawit Merah,2026-10-11,83000.0
Pasar Palimanan,Cabe Rawit Merah,2026-10-12,82000.0
Pasar Palimanan,Cabe Rawit Merah,2026-10-13,81000.0
Pasar Palimanan,Cabe Rawit Merah,2026-10-14,80000.0
Pasar Palimanan,Cabe Rawit Merah,2026-10-15,78500.0
Pasar Palimanan,Cabe Rawit Merah,2026-10-16,78000.0
Pasar Palimanan,Cabe Rawit Merah,2026-10-17,77500.0
Pasar Palimanan,Cabe Rawit Merah,2026-10-18,78000.0
Pasar Palimanan,Cabe Rawit Merah,2026-10-19,77500.0
Pasar Palimanan,Cabe Rawit Merah,2026-10-20,77000.0
Pasar Palimanan,Cabe Rawit Merah,2026-10-21,76500.0
Pasar Palimanan,Cabe Rawit Merah,2026-10-22,77000.0
Pasar Palimanan,Cumi Asin,2026-10-09,80500.0
Pasar Palimanan,Cumi Asin,2026-10-10,81000.0
Pasar Palimanan,Cumi Asin,2026-10-11,81000.0
Pasar Palimanan,Cumi Asin,2026-10-12,81000.0
Pasar Palimanan,Cumi Asin,2026-10-13,81000.0
Pasar Palimanan,Cumi Asin,2026-10-14,81000.0
Pasar Palimanan,Cumi Asin,2026-10-15,81000.0
Pasar Palimanan,Cumi Asin,2026-10-16,81000.0
Pasar Palimanan,Cumi Asin,2026-10-17,81000.0
Pasar Palimanan,Cumi Asin,2026-10-18,81000.0
Pasar Palimanan,Cumi Asin,2026-10-19,81000.0
Pasar Palimanan,Cumi Asin,2026-10-20,81000.0
Pasar Palimanan,Cumi Asin,2026-10-21,81000.0
Pasar Palimanan,Cumi Asin,2026-10-22,81000.0
Pasar Palimanan,Daging Ayam Broiler,2026-10-09,37500.0
Pasar Palimanan,Daging Ayam Broiler,2026-10-10,38000.0
Pasar Palimanan,Daging Ayam Broiler,2026-10-11,37500.0
Pasar Palimanan,Daging Ayam Broiler,2026-10-12,38000.0
Pasar Palimanan,Daging Ayam Broiler,2026-10-13,38000.0
Pasar Palimanan,Daging Ayam Broiler,2026-10-14,37500.0
Pasar Palimanan,Daging Ayam Broiler,2026-10-15,37500.0
Pasar Palimanan,Daging Ayam Broiler,2026-10-16,37500.0
Pasar Palimanan,Daging Ayam Broiler,2026-10-17,38000.0
Pasar Palimanan,Daging Ayam Broiler,2026-10-18,36500.0
Pasar Palimanan,Daging Ayam Broiler,2026-10-19,38000.0
Pasar Palimanan,Daging Ayam Broiler,2026-10-20,36500.0
Pasar Palimanan,Daging Ayam Broiler,2026-10-21,37500.0
Pasar Palimanan,Daging Ayam Broiler,2026-10-22,37500.0
Pasar Palimanan,Daging Ayam Kampung,2026-10-09,59500.0
Pasar Palimanan,Daging Ayam Kampung,2026-10-10,59500.0
Pasar Palimanan,Daging Ayam Kampung,2026-10-11,59500.0
Pasar Palimanan,Daging Ayam Kampung,2026-10-12,59500.0
Pasar Palimanan,Daging Ayam Kampung,2026-10-13,59500.0
Pasar Palimanan,Daging Ayam Kampung,2026-10-14,59500.0
Pasar Palimanan,Daging Ayam Kampung,2026-10-15,59500.0
Pasar Palimanan,Daging Ayam Kampung,2026-10-16,59500.0
Pasar Palimanan,Daging Ayam Kampung,2026-10-17,59500.0
Pasar Palimanan,Daging Ayam Kampung,2026-10-18,59500.0
Pasar Palimanan,Daging Ayam Kampung,2026-10-19,59500.0
Pasar Palimanan,Daging Ayam Kampung,2026-10-20,59500.0
Pasar Palimanan,Daging Ayam Kampung,2026-10-21,59500.0
Pasar Palimanan,Daging Ayam Kampung,2026-10-22,59500.0
Pasar Palimanan,Daging Kambing,2026-10-09,71500.0
Pasar Palimanan,Daging Kambing,2026-10-10,71500.0
Pasar Palimanan,Daging Kambing,2026-10-11,71500.0
Pasar Palimanan,Daging Kambing,2026-10-12,71500.0
Pasar Palimanan,Daging Kambing,2026-10-13,71500.0
Pasar Palimanan,Daging Kambing,2026-10-14,71500.0
Pasar Palimanan,Daging Kambing,2026-10-15,71500.0
Pasar Palimanan,Daging Kambing,2026-10-16,71500.0
Pasar Palimanan,Daging Kambing,2026-10-17,71500.0
Pasar Palimanan,Daging Kambing,2026-10-18,71500.0
Pasar Palimanan,Daging Kambing,2026-10-19,71500.0
Pasar Palimanan,Daging Kambing,2026-10-20,71500.0
Pasar Palimanan,Daging Kambing,2026-10-21,71500.0
Pasar Palimanan,Daging Kambing,2026-10-22,71500.0
Pasar Palimanan,Daging Sapi Kw 2,2026-10-09,118000.0
Pasar Palimanan,Daging Sapi Kw 2,2026-10-10,117500.0
Pasar Palimanan,Daging Sapi Kw 2,2026-10-11,118000.0
Pasar Palimanan,Daging Sapi Kw 2,2026-10-12,118000.0
Pasar Palimanan,Daging Sapi Kw 2,2026-10-13,118000.0
Pasar Palimanan,Daging Sapi Kw 2,2026-10-14,118000.0
Pasar Palimanan,Daging Sapi Kw 2,2026-10-15,118000.0
Pasar Palimanan,Daging Sapi Kw 2,2026-10-16,118000.0
Pasar Palimanan,Daging Sapi Kw 2,2026-10-17,118000.0
Pasar Palimanan,Daging Sapi Kw 2,2026-10-18,116500.0
Pasar Palimanan,Daging Sapi Kw 2,2026-10-19,117000.0
Pasar Palimanan,Daging Sapi Kw 2,2026-10-20,117500.0
Pasar Palimanan,Daging Sapi Kw 2,2026-10-21,119500.0
Pasar Palimanan,Daging Sapi Kw 2,2026-10-22,118500.0
Pasar Palimanan,Daging Sapi Murni,2026-10-09,149000.0
Pasar Palimanan,Daging Sapi Murni,2026-10-10,149000.0
Pasar Palimanan,Daging Sapi Murni,2026-10-11,149000.0
Pasar Palimanan,Daging Sapi Murni,2026-10-12,149000.0
Pasar Palimanan,Daging Sapi Murni,2026-10-13,149000.0
Pasar Palimanan,Daging Sapi Murni,2026-10-14,149000.0
Pasar Palimanan,Daging Sapi Murni,2026-10-15,149000.0
Pasar Palimanan,Daging Sapi Murni,2026-10-16,149000.0
Pasar Palimanan,Daging Sapi Murni,2026-10-17,149000.0
Pasar Palimanan,Daging Sapi Murni,2026-10-18,149000.0
Pasar Palimanan,Daging Sapi Murni,2026-10-19,149000.0
Pasar Palimanan,Daging Sapi Murni,2026-10-20,149000.0
Pasar Palimanan,Daging Sapi Murni,2026-10-21,149500.0
Pasar Palimanan,Daging Sapi Murni,2026-10-22,149500.0
Pasar Palimanan,Garam Beryodium,2026-10-09,2500.0
Pasar Palimanan,Garam Beryodium,2026-10-10,2500.0
Pasar Palimanan,Garam Beryodium,2026-10-11,2500.0
Pasar Palimanan,Garam Beryodium,2026-10-12,2500.0
Pasar Palimanan,Garam Beryodium,2026-10-13,2500.0
Pasar Palimanan,Garam Beryodium,2026-10-14,2500.0
Pasar Palimanan,Garam Beryodium,2026-10-15,2500.0
Pasar Palimanan,Garam Beryodium,2026-10-16,2500.0
Pasar Palimanan,Garam Beryodium,2026-10-17,2500.0
Pasar Palimanan,Garam Beryodium,2026-10-18,2500.0
Pasar Palimanan,Garam Beryodium,2026-10-19,2500.0
Pasar Palimanan,Garam Beryodium,2026-10-20,2500.0
Pasar Palimanan,Garam Beryodium,2026-10-21,2500.0
Pasar Palimanan,Garam Beryodium,2026-10-22,2500.0
Pasar Palimanan,Gas Elpiji,2026-10-09,20000.0
Pasar Palimanan,Gas Elpiji,2026-10-10,20000.0
Pasar Palimanan,Gas Elpiji,2026-10-11,20000.0
Pasar Palimanan,Gas Elpiji,2026-10-12,20000.0
Pasar Palimanan,Gas Elpiji,2026-10-13,20000.0
Pasar Palimanan,Gas Elpiji,2026-10-14,20000.0
Pasar Palimanan,Gas Elpiji,2026-10-15,20000.0
Pasar Palimanan,Gas Elpiji,2026-10-16,20000.0
Pasar Palimanan,Gas Elpiji,2026-10-17,20000.0
Pasar Palimanan,Gas Elpiji,2026-10-18,20000.0
Pasar Palimanan,Gas Elpiji,2026-10-19,20000.0
Pasar Palimanan,Gas Elpiji,2026-10-20,20000.0
Pasar Palimanan,Gas Elpiji,2026-10-21,20000.0
Pasar Palimanan,Gas Elpiji,2026-10-22,20000.0
Pasar Palimanan,Ikan Asin Kembung,2026-10-09,17000.0
Pasar Palimanan,Ikan Asin Kembung,2026-10-10,17000.0
Pasar Palimanan,Ikan Asin Kembung,2026-10-11,17000.0
Pasar Palimanan,Ikan Asin Kembung,2026-10-12,17000.0
Pasar Palimanan,Ikan Asin Kembung,2026-10-13,17000.0
Pasar Palimanan,Ikan Asin Kembung,2026-10-14,17000.0
Pasar Palimanan,Ikan Asin Kembung,2026-10-15,17000.0
Pasar Palimanan,Ikan Asin Kembung,2026-10-16,17000.0
Pasar Palimanan,Ikan Asin Kembung,2026-10-17,17000.0
Pasar Palimanan,Ikan Asin Kembung,2026-10-18,17000.0
Pasar Palimanan,Ikan Asin Kembung,2026-10-19,17000.0
Pasar Palimanan,Ikan Asin Kembung,2026-10-20,17000.0
Pasar Palimanan,Ikan Asin Kembung,2026-10-21,17000.0
Pasar Palimanan,Ikan Asin Kembung,2026-10-22,17000.0
Pasar Palimanan,Gula Batu,2026-10-09,19500.0
Pasar Palimanan,Gula Batu,2026-10-10,19500.0
Pasar Palimanan,Gula Batu,2026-10-11,19500.0
Pasar Palimanan,Gula Batu,2026-10-12,19000.0
Pasar Palimanan,Gula Batu,2026-10-13,19500.0
Pasar Palimanan,Gula Batu,2026-10-14,19000.0
Pasar Palimanan,Gula Batu,2026-10-15,19000.0
Pasar Palimanan,Gula Batu,2026-10-16,17500.0
Pasar Palimanan,Gula Batu,2026-10-17,17000.0
Pasar Palimanan,Gula Batu,2026-10-18,16500.0
Pasar Palimanan,Gula Batu,2026-10-19,17500.0
Pasar Palimanan,Gula Batu,2026-10-20,17500.0
Pasar Palimanan,Gula Batu,2026-10-21,17000.0
Pasar Palimanan,Gula Batu,2026-10-22,16500.0
Pasar Palimanan,Ikan Asin Teri,2026-10-09,24000.0
Pasar Palimanan,Ikan Asin Teri,2026-10-10,24000.0
Pasar Palimanan,Ikan Asin Teri,2026-10-11,24000.0
Pasar Palimanan,Ikan Asin Teri,2026-10-12,24000.0
Pasar Palimanan,Ikan Asin Teri,2026-10-13,24000.0
Pasar Palimanan,Ikan Asin Teri,2026-10-14,24000.0
Pasar Palimanan,Ikan Asin Teri,2026-10-15,24000.0
Pasar Palimanan,Ikan Asin Teri,2026-10-16,24000.0
Pasar Palimanan,Ikan Asin Teri,2026-10-17,24000.0
Pasar Palimanan,Ikan Asin Teri,2026-10-18,24000.0
Pasar Palimanan,Ikan Asin Teri,2026-10-19,24000.0
Pasar Palimanan,Ikan Asin Teri,2026-10-20,24000.0
Pasar Palimanan,Ikan Asin Teri,2026-10-21,24000.0
Pasar Palimanan,Ikan Asin Teri,2026-10-22,24000.0
Pasar Palimanan,Gula Impor,2026-10-09,18000.0
Pasar Palimanan,Gula Impor,2026-10-10,18000.0
Pasar Palimanan,Gula Impor,2026-10-11,18000.0
Pasar Palimanan,Gula Impor,2026-10-12,18000.0
Pasar Palimanan,Gula Impor,2026-10-13,18000.0
Pasar Palimanan,Gula Impor,2026-10-14,18000.0
Pasar Palimanan,Gula Impor,2026-10-15,18000.0
Pasar Palimanan,Gula Impor,2026-10-16,18000.0
Pasar Palimanan,Gula Impor,2026-10-17,18000.0
Pasar Palimanan,Gula Impor,2026-10-18,18000.0
Pasar Palimanan,Gula Impor,2026-10-19,18000.0
Pasar Palimanan,Gula Impor,2026-10-20,18000.0
Pasar Palimanan,Gula Impor,2026-10-21,18000.0
Pasar Palimanan,Gula Impor,2026-10-22,18000.0
Pasar Palimanan,Ikan Asin Peda,2026-10-09,16000.0
Pasar Palimanan,Ikan Asin Peda,2026-10-10,16000.0
Pasar Palimanan,Ikan Asin Peda,2026-10-11,16000.0
Pasar Palimanan,Ikan Asin Peda,2026-10-12,16000.0
Pasar Palimanan,Ikan Asin Peda,2026-10-13,16000.0
Pasar Palimanan,Ikan Asin Peda,2026-10-14,16000.0
Pasar Palimanan,Ikan Asin Peda,2026-10-15,16000.0
Pasar Palimanan,Ikan Asin Peda,2026-10-16,16000.0
Pasar Palimanan,Ikan Asin Peda,2026-10-17,16000.0
Pasar Palimanan,Ikan Asin Peda,2026-10-18,16000.0
Pasar Palimanan,Ikan Asin Peda,2026-10-19,16000.0
Pasar Palimanan,Ikan Asin Peda,2026-10-20,16000.0
Pasar Palimanan,Ikan Asin Peda,2026-10-21,16000.0
Pasar Palimanan,Ikan Asin Peda,2026-10-22,16000.0
Pasar Palimanan,Gula Merah,2026-10-09,19000.0
Pasar Palimanan,Gula Merah,2026-10-10,19500.0
Pasar Palimanan,Gula Merah,2026-10-11,19500.0
Pasar Palimanan,Gula Merah,2026-10-12,19500.0
Pasar Palimanan,Gula Merah,2026-10-13,19500.0
Pasar Palimanan,Gula Merah,2026-10-14,19500.0
Pasar Palimanan,Gula Merah,2026-10-15,19500.0
Pasar Palimanan,Gula Merah,2026-10-16,19000.0
Pasar Palimanan,Gula Merah,2026-10-17,19000.0
Pasar Palimanan,Gula Merah,2026-10-18,19500.0
Pasar Palimanan,Gula Merah,2026-10-19,19500.0
Pasar Palimanan,Gula Merah,2026-10-20,19000.0
Pasar Palimanan,Gula Merah,2026-10-21,19500.0
Pasar Palimanan,Gula Merah,2026-10-22,19500.0
Pasar Palimanan,Gula Pasir lokal,2026-10-09,18000.0
Pasar Palimanan,Gula Pasir lokal,2026-10-10,18000.0
Pasar Palimanan,Gula Pasir lokal,2026-10-11,18000.0
Pasar Palimanan,Gula Pasir lokal,2026-10-12,18000.0
Pasar Palimanan,Gula Pasir lokal,2026-10-13,18000.0
Pasar Palimanan,Gula Pasir lokal,2026-10-14,18000.0
Pasar Palimanan,Gula Pasir lokal,2026-10-15,18500.0
Pasar Palimanan,Gula Pasir lokal,2026-10-16,18000.0
Pasar Palimanan,Gula Pasir lokal,2026-10-17,18000.0
Pasar Palimanan,Gula Pasir lokal,2026-10-18,18000.0
Pasar Palimanan,Gula Pasir lokal,2026-10-19,18000.0
Pasar Palimanan,Gula Pasir lokal,2026-10-20,18000.0
Pasar Palimanan,Gula Pasir lokal,2026-10-21,18000.0
Pasar Palimanan,Gula Pasir lokal,2026-10-22,18500.0
Pasar Palimanan,Ikan Kembung Layang,2026-10-09,120000.0
Pasar Palimanan,Ikan Kembung Layang,2026-10-10,120000.0
Pasar Palimanan,Ikan Kembung Layang,2026-10-11,120000.0
Pasar Palimanan,Ikan Kembung Layang,2026-10-12,120000.0
Pasar Palimanan,Ikan Kembung Layang,2026-10-13,120000.0
Pasar Palimanan,Ikan Kembung Layang,2026-10-14,120000.0
Pasar Palimanan,Ikan Kembung Layang,2026-10-15,120000.0
Pasar Palimanan,Ikan Kembung Layang,2026-10-16,120000.0
Pasar Palimanan,Ikan Kembung Layang,2026-10-17,120000.0
Pasar Palimanan,Ikan Kembung Layang,2026-10-18,120000.0
Pasar Palimanan,Ikan Kembung Layang,2026-10-19,120000.0
Pasar Palimanan,Ikan Kembung Layang,2026-10-20,120000.0
Pasar Palimanan,Ikan Kembung Layang,2026-10-21,120000.0
Pasar Palimanan,Ikan Kembung Layang,2026-10-22,120000.0
Pasar Palimanan,Ikan Asin Tiga Wajan,2026-10-09,11500.0
Pasar Palimanan,Ikan Asin Tiga Wajan,2026-10-10,11500.0
Pasar Palimanan,Ikan Asin Tiga Wajan,2026-10-11,11500.0
Pasar Palimanan,Ikan Asin Tiga Wajan,2026-10-12,11500.0
Pasar Palimanan,Ikan Asin Tiga Wajan,2026-10-13,11500.0
Pasar Palimanan,Ikan Asin Tiga Wajan,2026-10-14,11500.0
Pasar Palimanan,Ikan Asin Tiga Wajan,2026-10-15,11500.0
Pasar Palimanan,Ikan Asin Tiga Wajan,2026-10-16,11500.0
Pasar Palimanan,Ikan Asin Tiga Wajan,2026-10-17,11500.0
Pasar Palimanan,Ikan Asin Tiga Wajan,2026-10-18,11500.0
Pasar Palimanan,Ikan Asin Tiga Wajan,2026-10-19,11500.0
Pasar Palimanan,Ikan Asin Tiga Wajan,2026-10-20,11500.0
Pasar Palimanan,Ikan Asin Tiga Wajan,2026-10-21,11500.0
Pasar Palimanan,Ikan Asin Tiga Wajan,2026-10-22,11500.0
Pasar Palimanan,Ikan Bandeng,2026-10-09,35000.0
Pasar Palimanan,Ikan Bandeng,2026-10-10,34500.0
Pasar Palimanan,Ikan Bandeng,2026-10-11,34500.0
Pasar Palimanan,Ikan Bandeng,2026-10-12,34500.0
Pasar Palimanan,Ikan Bandeng,2026-10-13,34500.0
Pasar Palimanan,Ikan Bandeng,2026-10-14,34500.0
Pasar Palimanan,Ikan Bandeng,2026-10-15,34500.0
Pasar Palimanan,Ikan Bandeng,2026-10-16,34500.0
Pasar Palimanan,Ikan Bandeng,2026-10-17,34500.0
Pasar Palimanan,Ikan Bandeng,2026-10-18,34500.0
Pasar Palimanan,Ikan Bandeng,2026-10-19,34500.0
Pasar Palimanan,Ikan Bandeng,2026-10-20,34500.0
Pasar Palimanan,Ikan Bandeng,2026-10-21,34500.0
Pasar Palimanan,Ikan Bandeng,2026-10-22,34500.0
Pasar Palimanan,Ikan Kembung,2026-10-09,49000.0
Pasar Palimanan,Ikan Kembung,2026-10-10,49000.0
Pasar Palimanan,Ikan Kembung,2026-10-11,49000.0
Pasar Palimanan,Ikan Kembung,2026-10-12,49000.0
Pasar Palimanan,Ikan Kembung,2026-10-13,48500.0
Pasar Palimanan,Ikan Kembung,2026-10-14,48500.0
Pasar Palimanan,Ikan Kembung,2026-10-15,46000.0
Pasar Palimanan,Ikan Kembung,2026-10-16,46000.0
Pasar Palimanan,Ikan Kembung,2026-10-17,47500.0
Pasar Palimanan,Ikan Kembung,2026-10-18,49000.0
Pasar Palimanan,Ikan Kembung,2026-10-19,48000.0
Pasar Palimanan,Ikan Kembung,2026-10-20,48000.0
Pasar Palimanan,Ikan Kembung,2026-10-21,45000.0
Pasar Palimanan,Ikan Kembung,2026-10-22,48000.0
Pasar Palimanan,Jagung Pipilan Kering,2026-10-09,3000.0
Pasar Palimanan,Jagung Pipilan Kering,2026-10-10,3000.0
Pasar Palimanan,Jagung Pipilan Kering,2026-10-11,3000.0
Pasar Palimanan,Jagung Pipilan Kering,2026-10-12,3000.0
Pasar Palimanan,Jagung Pipilan Kering,2026-10-13,3000.0
Pasar Palimanan,Jagung Pipilan Kering,2026-10-14,3000.0
Pasar Palimanan,Jagung Pipilan Kering,2026-10-15,3000.0
Pasar Palimanan,Jagung Pipilan Kering,2026-10-16,3000.0
Pasar Palimanan,Jagung Pipilan Kering,2026-10-17,3000.0
Pasar Palimanan,Jagung Pipilan Kering,2026-10-18,3000.0
Pasar Palimanan,Jagung Pipilan Kering,2026-10-19,3000.0
Pasar Palimanan,Jagung Pipilan Kering,2026-10-20,3000.0
Pasar Palimanan,Jagung Pipilan Kering,2026-10-21,3000.0
Pasar Palimanan,Jagung Pipilan Kering,2026-10-22,3000.0
Pasar Palimanan,Indomie Kari Ayam,2026-10-09,4500.0
Pasar Palimanan,Indomie Kari Ayam,2026-10-10,4500.0
Pasar Palimanan,Indomie Kari Ayam,2026-10-11,4500.0
Pasar Palimanan,Indomie Kari Ayam,2026-10-12,4500.0
Pasar Palimanan,Indomie Kari Ayam,2026-10-13,4500.0
Pasar Palimanan,Indomie Kari Ayam,2026-10-14,4500.0
Pasar Palimanan,Indomie Kari Ayam,2026-10-15,4500.0
Pasar Palimanan,Indomie Kari Ayam,2026-10-16,4500.0
Pasar Palimanan,Indomie Kari Ayam,2026-10-17,5000.0
Pasar Palimanan,Indomie Kari Ayam,2026-10-18,5000.0
Pasar Palimanan,Indomie Kari Ayam,2026-10-19,4500.0
Pasar Palimanan,Indomie Kari Ayam,2026-10-20,5000.0
Pasar Palimanan,Indomie Kari Ayam,2026-10-21,5000.0
Pasar Palimanan,Indomie Kari Ayam,2026-10-22,5000.0
Pasar Palimanan,Ikan Mas,2026-10-09,30000.0
Pasar Palimanan,Ikan Mas,2026-10-10,30000.0
Pasar Palimanan,Ikan Mas,2026-10-11,30000.0
Pasar Palimanan,Ikan Mas,2026-10-12,30000.0
Pasar Palimanan,Ikan Mas,2026-10-13,30000.0
Pasar Palimanan,Ikan Mas,2026-10-14,30000.0
Pasar Palimanan,Ikan Mas,2026-10-15,30000.0
Pasar Palimanan,Ikan Mas,2026-10-16,30000.0
Pasar Palimanan,Ikan Mas,2026-10-17,30000.0
Pasar Palimanan,Ikan Mas,2026-10-18,30000.0
Pasar Palimanan,Ikan Mas,2026-10-19,30000.0
Pasar Palimanan,Ikan Mas,2026-10-20,30000.0
Pasar Palimanan,Ikan Mas,2026-10-21,30000.0
Pasar Palimanan,Ikan Mas,2026-10-22,30000.0
Pasar Palimanan,Jagung Manis,2026-10-09,9500.0
Pasar Palimanan,Jagung Manis,2026-10-10,9500.0
Pasar Palimanan,Jagung Manis,2026-10-11,9500.0
Pasar Palimanan,Jagung Manis,2026-10-12,9500.0
Pasar Palimanan,Jagung Manis,2026-10-13,9500.0
Pasar Palimanan,Jagung Manis,2026-10-14,9500.0
Pasar Palimanan,Jagung Manis,2026-10-15,9500.0
Pasar Palimanan,Jagung Manis,2026-10-16,9500.0
Pasar Palimanan,Jagung Manis,2026-10-17,9500.0
Pasar Palimanan,Jagung Manis,2026-10-18,9500.0
Pasar Palimanan,Jagung Manis,2026-10-19,9500.0
Pasar Palimanan,Jagung Manis,2026-10-20,9500.0
Pasar Palimanan,Jagung Manis,2026-10-21,9500.0
Pasar Palimanan,Jagung Manis,2026-10-22,9500.0
Pasar Palimanan,Ikan Tongkol,2026-10-09,30000.0
Pasar Palimanan,Ikan Tongkol,2026-10-10,30000.0
Pasar Palimanan,Ikan Tongkol,2026-10-11,30000.0
Pasar Palimanan,Ikan Tongkol,2026-10-12,30000.0
Pasar Palimanan,Ikan Tongkol,2026-10-13,30000.0
Pasar Palimanan,Ikan Tongkol,2026-10-14,30000.0
Pasar Palimanan,Ikan Tongkol,2026-10-15,30000.0
Pasar Palimanan,Ikan Tongkol,2026-10-16,29500.0
Pasar Palimanan,Ikan Tongkol,2026-10-17,29500.0
Pasar Palimanan,Ikan Tongkol,2026-10-18,29500.0
Pasar Palimanan,Ikan Tongkol,2026-10-19,29000.0
Pasar Palimanan,Ikan Tongkol,2026-10-20,29000.0
Pasar Palimanan,Ikan Tongkol,2026-10-21,29500.0
Pasar Palimanan,Ikan Tongkol,2026-10-22,29500.0
Pasar Palimanan,Jagung Pipilan,2026-10-09,12500.0
Pasar Palimanan,Jagung Pipilan,2026-10-10,12000.0
Pasar Palimanan,Jagung Pipilan,2026-10-11,12000.0
Pasar Palimanan,Jagung Pipilan,2026-10-12,12000.0
Pasar Palimanan,Jagung Pipilan,2026-10-13,12500.0
Pasar Palimanan,Jagung Pipilan,2026-10-14,12000.0
Pasar Palimanan,Jagung Pipilan,2026-10-15,12500.0
Pasar Palimanan,Jagung Pipilan,2026-10-16,12500.0
Pasar Palimanan,Jagung Pipilan,2026-10-17,12500.0
Pasar Palimanan,Jagung Pipilan,2026-10-18,12500.0
Pasar Palimanan,Jagung Pipilan,2026-10-19,12500.0
Pasar Palimanan,Jagung Pipilan,2026-10-20,12500.0
Pasar Palimanan,Jagung Pipilan,2026-10-21,12500.0
Pasar Palimanan,Jagung Pipilan,2026-10-22,12500.0
Pasar Palimanan,Kayu Meranti,2026-10-09,35000.0
Pasar Palimanan,Kayu Meranti,2026-10-10,35000.0
Pasar Palimanan,Kayu Meranti,2026-10-11,35000.0
Pasar Palimanan,Kayu Meranti,2026-10-12,35000.0
Pasar Palimanan,Kayu Meranti,2026-10-13,35000.0
Pasar Palimanan,Kayu Meranti,2026-10-14,35000.0
Pasar Palimanan,Kayu Meranti,2026-10-15,35000.0
Pasar Palimanan,Kayu Meranti,2026-10-16,35000.0
Pasar Palimanan,Kayu Meranti,2026-10-17,35000.0
Pasar Palimanan,Kayu Meranti,2026-10-18,35000.0
Pasar Palimanan,Kayu Meranti,2026-10-19,35000.0
Pasar Palimanan,Kayu Meranti,2026-10-20,35000.0
Pasar Palimanan,Kayu Meranti,2026-10-21,35000.0
Pasar Palimanan,Kayu Meranti,2026-10-22,35000.0
Pasar Palimanan,Kacang Kedelai Impor,2026-10-09,15500.0
Pasar Palimanan,Kacang Kedelai Impor,2026-10-10,14500.0
Pasar Palimanan,Kacang Kedelai Impor,2026-10-11,16000.0
Pasar Palimanan,Kacang Kedelai Impor,2026-10-12,15500.0
Pasar Palimanan,Kacang Kedelai Impor,2026-10-13,15500.0
Pasar Palimanan,Kacang Kedelai Impor,2026-10-14,15500.0
Pasar Palimanan,Kacang Kedelai Impor,2026-10-15,13500.0
Pasar Palimanan,Kacang Kedelai Impor,2026-10-16,14000.0
Pasar Palimanan,Kacang Kedelai Impor,2026-10-17,13500.0
Pasar Palimanan,Kacang Kedelai Impor,2026-10-18,13500.0
Pasar Palimanan,Kacang Kedelai Impor,2026-10-19,13500.0
Pasar Palimanan,Kacang Kedelai Impor,2026-10-20,14000.0
Pasar Palimanan,Kacang Kedelai Impor,2026-10-21,13500.0
Pasar Palimanan,Kacang Kedelai Impor,2026-10-22,13000.0
Pasar Palimanan,Kacang Hijau,2026-10-09,28000.0
Pasar Palimanan,Kacang Hijau,2026-10-10,28000.0
Pasar Palimanan,Kacang Hijau,2026-10-11,28000.0
Pasar Palimanan,Kacang Hijau,2026-10-12,28000.0
Pasar Palimanan,Kacang Hijau,2026-10-13,28000.0
Pasar Palimanan,Kacang Hijau,2026-10-14,28000.0
Pasar Palimanan,Kacang Hijau,2026-10-15,28000.0
Pasar Palimanan,Kacang Hijau,2026-10-16,28000.0
Pasar Palimanan,Kacang Hijau,2026-10-17,27500.0
Pasar Palimanan,Kacang Hijau,2026-10-18,28000.0
Pasar Palimanan,Kacang Hijau,2026-10-19,28000.0
Pasar Palimanan,Kacang Hijau,2026-10-20,28000.0
Pasar Palimanan,Kacang Hijau,2026-10-21,28000.0
Pasar Palimanan,Kacang Hijau,2026-10-22,28000.0
Pasar Palimanan,Kacang Panjang,2026-10-09,23000.0
Pasar Palimanan,Kacang Panjang,2026-10-10,23000.0
Pasar Palimanan,Kacang Panjang,2026-10-11,23000.0
Pasar Palimanan,Kacang Panjang,2026-10-12,23000.0
Pasar Palimanan,Kacang Panjang,2026-10-13,23000.0
Pasar Palimanan,Kacang Panjang,2026-10-14,23000.0
Pasar Palimanan,Kacang Panjang,2026-10-15,23000.0
Pasar Palimanan,Kacang Panjang,2026-10-16,23000.0
Pasar Palimanan,Kacang Panjang,2026-10-17,23000.0
Pasar Palimanan,Kacang Panjang,2026-10-18,23000.0
Pasar Palimanan,Kacang Panjang,2026-10-19,23000.0
Pasar Palimanan,Kacang Panjang,2026-10-20,23000.0
Pasar Palimanan,Kacang Panjang,2026-10-21,23000.0
Pasar Palimanan,Kacang Panjang,2026-10-22,23000.0
Pasar Palimanan,Kacang Kedelai Lokal,2026-10-09,13500.0
Pasar Palimanan,Kacang Kedelai Lokal,2026-10-10,13500.0
Pasar Palimanan,Kacang Kedelai Lokal,2026-10-11,13500.0
Pasar Palimanan,Kacang Kedelai Lokal,2026-10-12,13500.0
Pasar Palimanan,Kacang Kedelai Lokal,2026-10-13,14000.0
Pasar Palimanan,Kacang Kedelai Lokal,2026-10-14,14000.0
Pasar Palimanan,Kacang Kedelai Lokal,2026-10-15,14000.0
Pasar Palimanan,Kacang Kedelai Lokal,2026-10-16,14000.0
Pasar Palimanan,Kacang Kedelai Lokal,2026-10-17,14000.0
Pasar Palimanan,Kacang Kedelai Lokal,2026-10-18,14000.0
Pasar Palimanan,Kacang Kedelai Lokal,2026-10-19,14000.0
Pasar Palimanan,Kacang Kedelai Lokal,2026-10-20,13500.0
Pasar Palimanan,Kacang Kedelai Lokal,2026-10-21,13500.0
Pasar Palimanan,Kacang Kedelai Lokal,2026-10-22,13500.0
Pasar Palimanan,Kacang Tanah kupas,2026-10-09,34500.0
Pasar Palimanan,Kacang Tanah kupas,2026-10-10,34500.0
Pasar Palimanan,Kacang Tanah kupas,2026-10-11,34000.0
Pasar Palimanan,Kacang Tanah kupas,2026-10-12,34000.0
Pasar Palimanan,Kacang Tanah kupas,2026-10-13,34000.0
Pasar Palimanan,Kacang Tanah kupas,2026-10-14,34000.0
Pasar Palimanan,Kacang Tanah kupas,2026-10-15,34000.0
Pasar Palimanan,Kacang Tanah kupas,2026-10-16,34500.0
Pasar Palimanan,Kacang Tanah kupas,2026-10-17,34500.0
Pasar Palimanan,Kacang Tanah kupas,2026-10-18,34000.0
Pasar Palimanan,Kacang Tanah kupas,2026-10-19,34000.0
Pasar Palimanan,Kacang Tanah kupas,2026-10-20,34000.0
Pasar Palimanan,Kacang Tanah kupas,2026-10-21,34000.0
Pasar Palimanan,Kacang Tanah kupas,2026-10-22,34500.0
Pasar Palimanan,Kacang Tanah/Suuk,2026-10-09,39500.0
Pasar Palimanan,Kacang Tanah/Suuk,2026-10-10,39500.0
Pasar Palimanan,Kacang Tanah/Suuk,2026-10-11,39000.0
Pasar Palimanan,Kacang Tanah/Suuk,2026-10-12,39500.0
Pasar Palimanan,Kacang Tanah/Suuk,2026-10-13,39500.0
Pasar Palimanan,Kacang Tanah/Suuk,2026-10-14,39500.0
Pasar Palimanan,Kacang Tanah/Suuk,2026-10-15,39000.0
Pasar Palimanan,Kacang Tanah/Suuk,2026-10-16,39000.0
Pasar Palimanan,Kacang Tanah/Suuk,2026-10-17,39000.0
Pasar Palimanan,Kacang Tanah/Suuk,2026-10-18,37000.0
Pasar Palimanan,Kacang Tanah/Suuk,2026-10-19,37500.0
Pasar Palimanan,Kacang Tanah/Suuk,2026-10-20,41000.0
Pasar Palimanan,Kacang Tanah/Suuk,2026-10-21,42500.0
Pasar Palimanan,Kacang Tanah/Suuk,2026-10-22,47500.0
Pasar Palimanan,Kunci Biru,2026-10-09,12000.0
Pasar Palimanan,Kunci Biru,2026-10-10,12000.0
Pasar Palimanan,Kunci Biru,2026-10-11,12000.0
Pasar Palimanan,Kunci Biru,2026-10-12,12000.0
Pasar Palimanan,Kunci Biru,2026-10-13,12000.0
Pasar Palimanan,Kunci Biru,2026-10-14,12000.0
Pasar Palimanan,Kunci Biru,2026-10-15,12000.0
Pasar Palimanan,Kunci Biru,2026-10-16,12000.0
Pasar Palimanan,Kunci Biru,2026-10-17,12000.0
Pasar Palimanan,Kunci Biru,2026-10-18,12000.0
Pasar Palimanan,Kunci Biru,2026-10-19,12000.0
Pasar Palimanan,Kunci Biru,2026-10-20,12000.0
Pasar Palimanan,Kunci Biru,2026-10-21,12000.0
Pasar Palimanan,Kunci Biru,2026-10-22,12000.0
Pasar Palimanan,Kentang,2026-10-09,18000.0
Pasar Palimanan,Kentang,2026-10-10,18000.0
Pasar Palimanan,Kentang,2026-10-11,17000.0
Pasar Palimanan,Kentang,2026-10-12,17000.0
Pasar Palimanan,Kentang,2026-10-13,17500.0
Pasar Palimanan,Kentang,2026-10-14,17500.0
Pasar Palimanan,Kentang,2026-10-15,17500.0
Pasar Palimanan,Kentang,2026-10-16,18000.0
Pasar Palimanan,Kentang,2026-10-17,18500.0
Pasar Palimanan,Kentang,2026-10-18,18500.0
Pasar Palimanan,Kentang,2026-10-19,18000.0
Pasar Palimanan,Kentang,2026-10-20,18000.0
Pasar Palimanan,Kentang,2026-10-21,18000.0
Pasar Palimanan,Kentang,2026-10-22,18500.0
Pasar Palimanan,Kol,2026-10-09,9500.0
Pasar Palimanan,Kol,2026-10-10,9000.0
Pasar Palimanan,Kol,2026-10-11,9000.0
Pasar Palimanan,Kol,2026-10-12,9000.0
Pasar Palimanan,Kol,2026-10-13,9000.0
Pasar Palimanan,Kol,2026-10-14,9500.0
Pasar Palimanan,Kol,2026-10-15,9500.0
Pasar Palimanan,Kol,2026-10-16,9000.0
Pasar Palimanan,Kol,2026-10-17,9500.0
Pasar Palimanan,Kol,2026-10-18,10000.0
Pasar Palimanan,Kol,2026-10-19,9500.0
Pasar Palimanan,Kol,2026-10-20,11000.0
Pasar Palimanan,Kol,2026-10-21,11500.0
Pasar Palimanan,Kol,2026-10-22,12000.0
Pasar Palimanan,Minyak Goreng Sania,2026-10-09,
Pasar Palimanan,Minyak Goreng Sania,2026-10-10,
Pasar Palimanan,Minyak Goreng Sania,2026-10-11,
Pasar Palimanan,Minyak Goreng Sania,2026-10-12,
Pasar Palimanan,Minyak Goreng Sania,2026-10-13,
Pasar Palimanan,Minyak Goreng Sania,2026-10-14,
Pasar Palimanan,Minyak Goreng Sania,2026-10-15,
Pasar Palimanan,Minyak Goreng Sania,2026-10-16,
Pasar Palimanan,Minyak Goreng Sania,2026-10-17,
Pasar Palimanan,Minyak Goreng Sania,2026-10-18,
Pasar Palimanan,Minyak Goreng Sania,2026-10-19,
Pasar Palimanan,Minyak Goreng Sania,2026-10-20,
Pasar Palimanan,Minyak Goreng Sania,2026-10-21,
Pasar Palimanan,Minyak Goreng Sania,2026-10-22,
Pasar Palimanan,Margarine Blue Band,2026-10-09,8000.0
Pasar Palimanan,Margarine Blue Band,2026-10-10,7500.0
Pasar Palimanan,Margarine Blue Band,2026-10-11,7500.0
Pasar Palimanan,Margarine Blue Band,2026-10-12,7500.0
Pasar Palimanan,Margarine Blue Band,2026-10-13,8000.0
Pasar Palimanan,Margarine Blue Band,2026-10-14,8500.0
Pasar Palimanan,Margarine Blue Band,2026-10-15,7000.0
Pasar Palimanan,Margarine Blue Band,2026-10-16,7500.0
Pasar Palimanan,Margarine Blue Band,2026-10-17,8000.0
Pasar Palimanan,Margarine Blue Band,2026-10-18,8000.0
Pasar Palimanan,Margarine Blue Band,2026-10-19,7500.0
Pasar Palimanan,Margarine Blue Band,2026-10-20,8000.0
Pasar Palimanan,Margarine Blue Band,2026-10-21,8000.0
Pasar Palimanan,Margarine Blue Band,2026-10-22,8000.0
Pasar Palimanan,Mie Instan Sedaap Soto,2026-10-09,31500.0
Pasar Palimanan,Mie Instan Sedaap Soto,2026-10-10,31500.0
Pasar Palimanan,Mie Instan Sedaap Soto,2026-10-11,31500.0
Pasar Palimanan,Mie Instan Sedaap Soto,2026-10-12,31500.0
Pasar Palimanan,Mie Instan Sedaap Soto,2026-10-13,31500.0
Pasar Palimanan,Mie Instan Sedaap Soto,2026-10-14,31500.0
Pasar Palimanan,Mie Instan Sedaap Soto,2026-10-15,31500.0
Pasar Palimanan,Mie Instan Sedaap Soto,2026-10-16,31500.0
Pasar Palimanan,Mie Instan Sedaap Soto,2026-10-17,31500.0
Pasar Palimanan,Mie Instan Sedaap Soto,2026-10-18,31500.0
Pasar Palimanan,Mie Instan Sedaap Soto,2026-10-19,31500.0
Pasar Palimanan,Mie Instan Sedaap Soto,2026-10-20,31500.0
Pasar Palimanan,Mie Instan Sedaap Soto,2026-10-21,31500.0
Pasar Palimanan,Mie Instan Sedaap Soto,2026-10-22,31500.0
Pasar Palimanan,Margarine Simas,2026-10-09,6500.0
Pasar Palimanan,Margarine Simas,2026-10-10,6500.0
Pasar Palimanan,Margarine Simas,2026-10-11,6500.0
Pasar Palimanan,Margarine Simas,2026-10-12,6500.0
Pasar Palimanan,Margarine Simas,2026-10-13,6500.0
Pasar Palimanan,Margarine Simas,2026-10-14,6500.0
Pasar Palimanan,Margarine Simas,2026-10-15,6500.0
Pasar Palimanan,Margarine Simas,2026-10-16,6500.0
Pasar Palimanan,Margarine Simas,2026-10-17,6500.0
Pasar Palimanan,Margarine Simas,2026-10-18,6500.0
Pasar Palimanan,Margarine Simas,2026-10-19,6500.0
Pasar Palimanan,Margarine Simas,2026-10-20,6500.0
Pasar Palimanan,Margarine Simas,2026-10-21,6500.0
Pasar Palimanan,Margarine Simas,2026-10-22,6500.0
Pasar Palimanan,Minyak Goreng Bimoli,2026-10-09,20000.0
Pasar Palimanan,Minyak Goreng Bimoli,2026-10-10,20000.0
Pasar Palimanan,Minyak Goreng Bimoli,2026-10-11,20000.0
Pasar Palimanan,Minyak Goreng Bimoli,2026-10-12,20000.0
Pasar Palimanan,Minyak Goreng Bimoli,2026-10-13,20000.0
Pasar Palimanan,Minyak Goreng Bimoli,2026-10-14,19500.0
Pasar Palimanan,Minyak Goreng Bimoli,2026-10-15,19500.0
Pasar Palimanan,Minyak Goreng Bimoli,2026-10-16,19500.0
Pasar Palimanan,Minyak Goreng Bimoli,2026-10-17,19500.0
Pasar Palimanan,Minyak Goreng Bimoli,2026-10-18,19500.0
Pasar Palimanan,Minyak Goreng Bimoli,2026-10-19,20000.0
Pasar Palimanan,Minyak Goreng Bimoli,2026-10-20,20000.0
Pasar Palimanan,Minyak Goreng Bimoli,2026-10-21,19500.0
Pasar Palimanan,Minyak Goreng Bimoli,2026-10-22,20000.0
Pasar Palimanan,Minyak Goreng Curah,2026-10-09,20000.0
Pasar Palimanan,Minyak Goreng Curah,2026-10-10,20000.0
Pasar Palimanan,Minyak Goreng Curah,2026-10-11,20000.0
Pasar Palimanan,Minyak Goreng Curah,2026-10-12,20000.0
Pasar Palimanan,Minyak Goreng Curah,2026-10-13,20000.0
Pasar Palimanan,Minyak Goreng Curah,2026-10-14,20500.0
Pasar Palimanan,Minyak Goreng Curah,2026-10-15,20500.0
Pasar Palimanan,Minyak Goreng Curah,2026-10-16,20500.0
Pasar Palimanan,Minyak Goreng Curah,2026-10-17,20500.0
Pasar Palimanan,Minyak Goreng Curah,2026-10-18,20000.0
Pasar Palimanan,Minyak Goreng Curah,2026-10-19,20000.0
Pasar Palimanan,Minyak Goreng Curah,2026-10-20,20000.0
Pasar Palimanan,Minyak Goreng Curah,2026-10-21,20500.0
Pasar Palimanan,Minyak Goreng Curah,2026-10-22,20000.0
Pasar Palimanan,Minyak Goreng Filma,2026-10-09,17000.0
Pasar Palimanan,Minyak Goreng Filma,2026-10-10,17000.0
Pasar Palimanan,Minyak Goreng Filma,2026-10-11,17000.0
Pasar Palimanan,Minyak Goreng Filma,2026-10-12,17000.0
Pasar Palimanan,Minyak Goreng Filma,2026-10-13,17000.0
Pasar Palimanan,Minyak Goreng Filma,2026-10-14,17000.0
Pasar Palimanan,Minyak Goreng Filma,2026-10-15,17000.0
Pasar Palimanan,Minyak Goreng Filma,2026-10-16,17000.0
Pasar Palimanan,Minyak Goreng Filma,2026-10-17,17000.0
Pasar Palimanan,Minyak Goreng Filma,2026-10-18,17000.0
Pasar Palimanan,Minyak Goreng Filma,2026-10-19,17000.0
Pasar Palimanan,Minyak Goreng Filma,2026-10-20,17000.0
Pasar Palimanan,Minyak Goreng Filma,2026-10-21,17000.0
Pasar Palimanan,Minyak Goreng Filma,2026-10-22,17000.0
Pasar Palimanan,Minyak Goreng Kemasan Sederhana,2026-10-09,15500.0
Pasar Palimanan,Minyak Goreng Kemasan Sederhana,2026-10-10,15500.0
Pasar Palimanan,Minyak Goreng Kemasan Sederhana,2026-10-11,15500.0
Pasar Palimanan,Minyak Goreng Kemasan Sederhana,2026-10-12,15500.0
Pasar Palimanan,Minyak Goreng Kemasan Sederhana,2026-10-13,15500.0
Pasar Palimanan,Minyak Goreng Kemasan Sederhana,2026-10-14,15500.0
Pasar Palimanan,Minyak Goreng Kemasan Sederhana,2026-10-15,15500.0
Pasar Palimanan,Minyak Goreng Kemasan Sederhana,2026-10-16,15500.0
Pasar Palimanan,Minyak Goreng Kemasan Sederhana,2026-10-17,15500.0
Pasar Palimanan,Minyak Goreng Kemasan Sederhana,2026-10-18,15500.0
Pasar Palimanan,Minyak Goreng Kemasan Sederhana,2026-10-19,15500.0
Pasar Palimanan,Minyak Goreng Kemasan Sederhana,2026-10-20,15500.0
Pasar Palimanan,Minyak Goreng Kemasan Sederhana,2026-10-21,15500.0
Pasar Palimanan,Minyak Goreng Kemasan Sederhana,2026-10-22,15500.0
Pasar Palimanan,Segitiga Biru,2026-10-09,10000.0
Pasar Palimanan,Segitiga Biru,2026-10-10,10000.0
Pasar Palimanan,Segitiga Biru,2026-10-11,10000.0
Pasar Palimanan,Segitiga Biru,2026-10-12,10000.0
Pasar Palimanan,Segitiga Biru,2026-10-13,10000.0
Pasar Palimanan,Segitiga Biru,2026-10-14,10000.0
Pasar Palimanan,Segitiga Biru,2026-10-15,10000.0
Pasar Palimanan,Segitiga Biru,2026-10-16,10000.0
Pasar Palimanan,Segitiga Biru,2026-10-17,10000.0
Pasar Palimanan,Segitiga Biru,2026-10-18,10000.0
Pasar Palimanan,Segitiga Biru,2026-10-19,10000.0
Pasar Palimanan,Segitiga Biru,2026-10-20,10000.0
Pasar Palimanan,Segitiga Biru,2026-10-21,10000.0
Pasar Palimanan,Segitiga Biru,2026-10-22,10000.0
Pasar Palimanan,Minyak Goreng Tropical,2026-10-09,22000.0
Pasar Palimanan,Minyak Goreng Tropical,2026-10-10,22000.0
Pasar Palimanan,Minyak Goreng Tropical,2026-10-11,22000.0
Pasar Palimanan,Minyak Goreng Tropical,2026-10-12,22000.0
Pasar Palimanan,Minyak Goreng Tropical,2026-10-13,21500.0
Pasar Palimanan,Minyak Goreng Tropical,2026-10-14,21500.0
Pasar Palimanan,Minyak Goreng Tropical,2026-10-15,21500.0
Pasar Palimanan,Minyak Goreng Tropical,2026-10-16,21500.0
Pasar Palimanan,Minyak Goreng Tropical,2026-10-17,21500.0
Pasar Palimanan,Minyak Goreng Tropical,2026-10-18,21500.0
Pasar Palimanan,Minyak Goreng Tropical,2026-10-19,21500.0
Pasar Palimanan,Minyak Goreng Tropical,2026-10-20,21500.0
Pasar Palimanan,Minyak Goreng Tropical,2026-10-21,21500.0
Pasar Palimanan,Minyak Goreng Tropical,2026-10-22,21500.0
Pasar Palimanan,Sawi Hijau,2026-10-09,8000.0
Pasar Palimanan,Sawi Hijau,2026-10-10,8500.0
Pasar Palimanan,Sawi Hijau,2026-10-11,7500.0
Pasar Palimanan,Sawi Hijau,2026-10-12,9000.0
Pasar Palimanan,Sawi Hijau,2026-10-13,9500.0
Pasar Palimanan,Sawi Hijau,2026-10-14,9500.0
Pasar Palimanan,Sawi Hijau,2026-10-15,10000.0
Pasar Palimanan,Sawi Hijau,2026-10-16,9500.0
Pasar Palimanan,Sawi Hijau,2026-10-17,9500.0
Pasar Palimanan,Sawi Hijau,2026-10-18,8000.0
Pasar Palimanan,Sawi Hijau,2026-10-19,9500.0
Pasar Palimanan,Sawi Hijau,2026-10-20,9000.0
Pasar Palimanan,Sawi Hijau,2026-10-21,9500.0
Pasar Palimanan,Sawi Hijau,2026-10-22,10500.0
Pasar Palimanan,Sawi Petsay,2026-10-09,16500.0
Pasar Palimanan,Sawi Petsay,2026-10-10,17000.0
Pasar Palimanan,Sawi Petsay,2026-10-11,15500.0
Pasar Palimanan,Sawi Petsay,2026-10-12,15500.0
Pasar Palimanan,Sawi Petsay,2026-10-13,17000.0
Pasar Palimanan,Sawi Petsay,2026-10-14,18000.0
Pasar Palimanan,Sawi Petsay,2026-10-15,19500.0
Pasar Palimanan,Sawi Petsay,2026-10-16,17500.0
Pasar Palimanan,Sawi Petsay,2026-10-17,17000.0
Pasar Palimanan,Sawi Petsay,2026-10-18,18500.0
Pasar Palimanan,Sawi Petsay,2026-10-19,19000.0
Pasar Palimanan,Sawi Petsay,2026-10-20,18500.0
Pasar Palimanan,Sawi Petsay,2026-10-21,19500.0
Pasar Palimanan,Sawi Petsay,2026-10-22,19000.0
Pasar Palimanan,Singkong,2026-10-09,7000.0
Pasar Palimanan,Singkong,2026-10-10,7000.0
Pasar Palimanan,Singkong,2026-10-11,7000.0
Pasar Palimanan,Singkong,2026-10-12,7000.0
Pasar Palimanan,Singkong,2026-10-13,7000.0
Pasar Palimanan,Singkong,2026-10-14,7000.0
Pasar Palimanan,Singkong,2026-10-15,7000.0
Pasar Palimanan,Singkong,2026-10-16,7000.0
Pasar Palimanan,Singkong,2026-10-17,7000.0
Pasar Palimanan,Singkong,2026-10-18,7000.0
Pasar Palimanan,Singkong,2026-10-19,7000.0
Pasar Palimanan,Singkong,2026-10-20,7000.0
Pasar Palimanan,Singkong,2026-10-21,7000.0
Pasar Palimanan,Singkong,2026-10-22,7000.0
Pasar Palimanan,Susu Bubuk Dancow Putih,2026-10-09,12000.0
Pasar Palimanan,Susu Bubuk Dancow Putih,2026-10-10,12000.0
Pasar Palimanan,Susu Bubuk Dancow Putih,2026-10-11,12000.0
Pasar Palimanan,Susu Bubuk Dancow Putih,2026-10-12,12000.0
Pasar Palimanan,Susu Bubuk Dancow Putih,2026-10-13,12000.0
Pasar Palimanan,Susu Bubuk Dancow Putih,2026-10-14,12000.0
Pasar Palimanan,Susu Bubuk Dancow Putih,2026-10-15,12000.0
Pasar Palimanan,Susu Bubuk Dancow Putih,2026-10-16,12000.0
Pasar Palimanan,Susu Bubuk Dancow Putih,2026-10-17,12000.0
Pasar Palimanan,Susu Bubuk Dancow Putih,2026-10-18,12000.0
Pasar Palimanan,Susu Bubuk Dancow Putih,2026-10-19,12000.0
Pasar Palimanan,Susu Bubuk Dancow Putih,2026-10-20,12000.0
Pasar Palimanan,Susu Bubuk Dancow Putih,2026-10-21,12000.0
Pasar Palimanan,Susu Bubuk Dancow Putih,2026-10-22,12000.0
Pasar Palimanan,Susu Bubuk Putih Indomilk,2026-10-09,10500.0
Pasar Palimanan,Susu Bubuk Putih Indomilk,2026-10-10,10500.0
Pasar Palimanan,Susu Bubuk Putih Indomilk,2026-10-11,10500.0
Pasar Palimanan,Susu Bubuk Putih Indomilk,2026-10-12,10500.0
Pasar Palimanan,Susu Bubuk Putih Indomilk,2026-10-13,10500.0
Pasar Palimanan,Susu Bubuk Putih Indomilk,2026-10-14,10500.0
Pasar Palimanan,Susu Bubuk Putih Indomilk,2026-10-15,10500.0
Pasar Palimanan,Susu Bubuk Putih Indomilk,2026-10-16,10500.0
Pasar Palimanan,Susu Bubuk Putih Indomilk,2026-10-17,10500.0
Pasar Palimanan,Susu Bubuk Putih Indomilk,2026-10-18,10500.0
Pasar Palimanan,Susu Bubuk Putih Indomilk,2026-10-19,10500.0
Pasar Palimanan,Susu Bubuk Putih Indomilk,2026-10-20,10500.0
Pasar Palimanan,Susu Bubuk Putih Indomilk,2026-10-21,10500.0
Pasar Palimanan,Susu Bubuk Putih Indomilk,2026-10-22,10500.0
Pasar Palimanan,Telur Bebek Mentah,2026-10-09,
Pasar Palimanan,Telur Bebek Mentah,2026-10-10,
Pasar Palimanan,Telur Bebek Mentah,2026-10-11,
Pasar Palimanan,Telur Bebek Mentah,2026-10-12,
Pasar Palimanan,Telur Bebek Mentah,2026-10-13,
Pasar Palimanan,Telur Bebek Mentah,2026-10-14,
Pasar Palimanan,Telur Bebek Mentah,2026-10-15,
Pasar Palimanan,Telur Bebek Mentah,2026-10-16,
Pasar Palimanan,Telur Bebek Mentah,2026-10-17,
Pasar Palimanan,Telur Bebek Mentah,2026-10-18,
Pasar Palimanan,Telur Bebek Mentah,2026-10-19,
Pasar Palimanan,Telur Bebek Mentah,2026-10-20,
Pasar Palimanan,Telur Bebek Mentah,2026-10-21,
Pasar Palimanan,Telur Bebek Mentah,2026-10-22,
Pasar Palimanan,Susu Kental Manis Bendera Cokelat,2026-10-09,12500.0
Pasar Palimanan,Susu Kental Manis Bendera Cokelat,2026-10-10,12500.0
Pasar Palimanan,Susu Kental Manis Bendera Cokelat,2026-10-11,12500.0
Pasar Palimanan,Susu Kental Manis Bendera Cokelat,2026-10-12,12500.0
Pasar Palimanan,Susu Kental Manis Bendera Cokelat,2026-10-13,12500.0
Pasar Palimanan,Susu Kental Manis Bendera Cokelat,2026-10-14,12500.0
Pasar Palimanan,Susu Kental Manis Bendera Cokelat,2026-10-15,12500.0
Pasar Palimanan,Susu Kental Manis Bendera Cokelat,2026-10-16,12500.0
Pasar Palimanan,Susu Kental Manis Bendera Cokelat,2026-10-17,12500.0
Pasar Palimanan,Susu Kental Manis Bendera Cokelat,2026-10-18,12500.0
Pasar Palimanan,Susu Kental Manis Bendera Cokelat,2026-10-19,12500.0
Pasar Palimanan,Susu Kental Manis Bendera Cokelat,2026-10-20,12500.0
Pasar Palimanan,Susu Kental Manis Bendera Cokelat,2026-10-21,12500.0
Pasar Palimanan,Susu Kental Manis Bendera Cokelat,2026-10-22,12500.0
Pasar Palimanan,Susu Kental Manis Bendera Putih,2026-10-09,12500.0
Pasar Palimanan,Susu Kental Manis Bendera Putih,2026-10-10,12500.0
Pasar Palimanan,Susu Kental Manis Bendera Putih,2026-10-11,12500.0
Pasar Palimanan,Susu Kental Manis Bendera Putih,2026-10-12,12500.0
Pasar Palimanan,Susu Kental Manis Bendera Putih,2026-10-13,12500.0
Pasar Palimanan,Susu Kental Manis Bendera Putih,2026-10-14,12500.0
Pasar Palimanan,Susu Kental Manis Bendera Putih,2026-10-15,12500.0
Pasar Palimanan,Susu Kental Manis Bendera Putih,2026-10-16,12500.0
Pasar Palimanan,Susu Kental Manis Bendera Putih,2026-10-17,12500.0
Pasar Palimanan,Susu Kental Manis Bendera Putih,2026-10-18,12500.0
Pasar Palimanan,Susu Kental Manis Bendera Putih,2026-10-19,12500.0
Pasar Palimanan,Susu Kental Manis Bendera Putih,2026-10-20,12500.0
Pasar Palimanan,Susu Kental Manis Bendera Putih,2026-10-21,12500.0
Pasar Palimanan,Susu Kental Manis Bendera Putih,2026-10-22,12500.0
Pasar Palimanan,Susu Kental Manis Indomilk,2026-10-09,11500.0
Pasar Palimanan,Susu Kental Manis Indomilk,2026-10-10,11500.0
Pasar Palimanan,Susu Kental Manis Indomilk,2026-10-11,11500.0
Pasar Palimanan,Susu Kental Manis Indomilk,2026-10-12,11500.0
Pasar Palimanan,Susu Kental Manis Indomilk,2026-10-13,11500.0
Pasar Palimanan,Susu Kental Manis Indomilk,2026-10-14,11500.0
Pasar Palimanan,Susu Kental Manis Indomilk,2026-10-15,11500.0
Pasar Palimanan,Susu Kental Manis Indomilk,2026-10-16,11500.0
Pasar Palimanan,Susu Kental Manis Indomilk,2026-10-17,11500.0
Pasar Palimanan,Susu Kental Manis Indomilk,2026-10-18,11500.0
Pasar Palimanan,Susu Kental Manis Indomilk,2026-10-19,11500.0
Pasar Palimanan,Susu Kental Manis Indomilk,2026-10-20,11500.0
Pasar Palimanan,Susu Kental Manis Indomilk,2026-10-21,11500.0
Pasar Palimanan,Susu Kental Manis Indomilk,2026-10-22,11500.0
Pasar Palimanan,Telur Bebek Asin,2026-10-09,35000.0
Pasar Palimanan,Telur Bebek Asin,2026-10-10,35000.0
Pasar Palimanan,Telur Bebek Asin,2026-10-11,35000.0
Pasar Palimanan,Telur Bebek Asin,2026-10-12,35000.0
Pasar Palimanan,Telur Bebek Asin,2026-10-13,35000.0
Pasar Palimanan,Telur Bebek Asin,2026-10-14,35000.0
Pasar Palimanan,Telur Bebek Asin,2026-10-15,35000.0
Pasar Palimanan,Telur Bebek Asin,2026-10-16,35000.0
Pasar Palimanan,Telur Bebek Asin,2026-10-17,35000.0
Pasar Palimanan,Telur Bebek Asin,2026-10-18,35000.0
Pasar Palimanan,Telur Bebek Asin,2026-10-19,35000.0
Pasar Palimanan,Telur Bebek Asin,2026-10-20,35000.0
Pasar Palimanan,Telur Bebek Asin,2026-10-21,35000.0
Pasar Palimanan,Telur Bebek Asin,2026-10-22,35000.0
Pasar Palimanan,Telur Ayam Broiler,2026-10-09,25000.0
Pasar Palimanan,Telur Ayam Broiler,2026-10-10,25000.0
Pasar Palimanan,Telur Ayam Broiler,2026-10-11,25000.0
Pasar Palimanan,Telur Ayam Broiler,2026-10-12,25000.0
Pasar Palimanan,Telur Ayam Broiler,2026-10-13,25000.0
Pasar Palimanan,Telur Ayam Broiler,2026-10-14,25000.0
Pasar Palimanan,Telur Ayam Broiler,2026-10-15,25000.0
Pasar Palimanan,Telur Ayam Broiler,2026-10-16,25000.0
Pasar Palimanan,Telur Ayam Broiler,2026-10-17,25000.0
Pasar Palimanan,Telur Ayam Broiler,2026-10-18,25000.0
Pasar Palimanan,Telur Ayam Broiler,2026-10-19,25000.0
Pasar Palimanan,Telur Ayam Broiler,2026-10-20,25000.0
Pasar Palimanan,Telur Ayam Broiler,2026-10-21,25500.0
Pasar Palimanan,Telur Ayam Broiler,2026-10-22,25500.0
Pasar Palimanan,Susu Kental Manis Indomilk Cokelat,2026-10-09,11500.0
Pasar Palimanan,Susu Kental Manis Indomilk Cokelat,2026-10-10,11500.0
Pasar Palimanan,Susu Kental Manis Indomilk Cokelat,2026-10-11,11500.0
Pasar Palimanan,Susu Kental Manis Indomilk Cokelat,2026-10-12,11500.0
Pasar Palimanan,Susu Kental Manis Indomilk Cokelat,2026-10-13,11500.0
Pasar Palimanan,Susu Kental Manis Indomilk Cokelat,2026-10-14,11500.0
Pasar Palimanan,Susu Kental Manis Indomilk Cokelat,2026-10-15,11500.0
Pasar Palimanan,Susu Kental Manis Indomilk Cokelat,2026-10-16,11500.0
Pasar Palimanan,Susu Kental Manis Indomilk Cokelat,2026-10-17,11500.0
Pasar Palimanan,Susu Kental Manis Indomilk Cokelat,2026-10-18,11500.0
Pasar Palimanan,Susu Kental Manis Indomilk Cokelat,2026-10-19,11500.0
Pasar Palimanan,Susu Kental Manis Indomilk Cokelat,2026-10-20,11500.0
Pasar Palimanan,Susu Kental Manis Indomilk Cokelat,2026-10-21,11500.0
Pasar Palimanan,Susu Kental Manis Indomilk Cokelat,2026-10-22,11500.0
Pasar Palimanan,Telur Ayam Kampung,2026-10-09,32000.0
Pasar Palimanan,Telur Ayam Kampung,2026-10-10,32000.0
Pasar Palimanan,Telur Ayam Kampung,2026-10-11,32000.0
Pasar Palimanan,Telur Ayam Kampung,2026-10-12,32000.0
Pasar Palimanan,Telur Ayam Kampung,2026-10-13,32000.0
Pasar Palimanan,Telur Ayam Kampung,2026-10-14,32000.0
Pasar Palimanan,Telur Ayam Kampung,2026-10-15,32000.0
Pasar Palimanan,Telur Ayam Kampung,2026-10-16,32000.0
Pasar Palimanan,Telur Ayam Kampung,2026-10-17,32000.0
Pasar Palimanan,Telur Ayam Kampung,2026-10-18,32000.0
Pasar Palimanan,Telur Ayam Kampung,2026-10-19,32000.0
Pasar Palimanan,Telur Ayam Kampung,2026-10-20,32000.0
Pasar Palimanan,Telur Ayam Kampung,2026-10-21,32000.0
Pasar Palimanan,Telur Ayam Kampung,2026-10-22,32000.0
Pasar Palimanan,Teri Medan Basah,2026-10-09,80000.0
Pasar Palimanan,Teri Medan Basah,2026-10-10,80000.0
Pasar Palimanan,Teri Medan Basah,2026-10-11,80000.0
Pasar Palimanan,Teri Medan Basah,2026-10-12,80000.0
Pasar Palimanan,Teri Medan Basah,2026-10-13,80000.0
Pasar Palimanan,Teri Medan Basah,2026-10-14,80000.0
Pasar Palimanan,Teri Medan Basah,2026-10-15,80000.0
Pasar Palimanan,Teri Medan Basah,2026-10-16,80000.0
Pasar Palimanan,Teri Medan Basah,2026-10-17,80000.0
Pasar Palimanan,Teri Medan Basah,2026-10-18,80000.0
Pasar Palimanan,Teri Medan Basah,2026-10-19,80000.0
Pasar Palimanan,Teri Medan Basah,2026-10-20,80000.0
Pasar Palimanan,Teri Medan Basah,2026-10-21,80000.0
Pasar Palimanan,Teri Medan Basah,2026-10-22,80000.0
Pasar Palimanan,Tepung Terigu Cakra Kembar,2026-10-09,12000.0
Pasar Palimanan,Tepung Terigu Cakra Kembar,2026-10-10,12000.0
Pasar Palimanan,Tepung Terigu Cakra Kembar,2026-10-11,12000.0
Pasar Palimanan,Tepung Terigu Cakra Kembar,2026-10-12,12000.0
Pasar Palimanan,Tepung Terigu Cakra Kembar,2026-10-13,12000.0
Pasar Palimanan,Tepung Terigu Cakra Kembar,2026-10-14,12000.0
Pasar Palimanan,Tepung Terigu Cakra Kembar,2026-10-15,12000.0
Pasar Palimanan,Tepung Terigu Cakra Kembar,2026-10-16,12000.0
Pasar Palimanan,Tepung Terigu Cakra Kembar,2026-10-17,12000.0
Pasar Palimanan,Tepung Terigu Cakra Kembar,2026-10-18,12000.0
Pasar Palimanan,Tepung Terigu Cakra Kembar,2026-10-19,12000.0
Pasar Palimanan,Tepung Terigu Cakra Kembar,2026-10-20,12000.0
Pasar Palimanan,Tepung Terigu Cakra Kembar,2026-10-21,12000.0
Pasar Palimanan,Tepung Terigu Cakra Kembar,2026-10-22,12000.0
Pasar Palimanan,Tepung Terigu Kunci Biru,2026-10-09,10000.0
Pasar Palimanan,Tepung Terigu Kunci Biru,2026-10-10,10000.0
Pasar Palimanan,Tepung Terigu Kunci Biru,2026-10-11,10000.0
Pasar Palimanan,Tepung Terigu Kunci Biru,2026-10-12,10000.0
Pasar Palimanan,Tepung Terigu Kunci Biru,2026-10-13,10000.0
Pasar Palimanan,Tepung Terigu Kunci Biru,2026-10-14,10000.0
Pasar Palimanan,Tepung Terigu Kunci Biru,2026-10-15,10000.0
Pasar Palimanan,Tepung Terigu Kunci Biru,2026-10-16,10000.0
Pasar Palimanan,Tepung Terigu Kunci Biru,2026-10-17,10000.0
Pasar Palimanan,Tepung Terigu Kunci Biru,2026-10-18,10000.0
Pasar Palimanan,Tepung Terigu Kunci Biru,2026-10-19,10000.0
Pasar Palimanan,Tepung Terigu Kunci Biru,2026-10-20,10000.0
Pasar Palimanan,Tepung Terigu Kunci Biru,2026-10-21,10000.0
Pasar Palimanan,Tepung Terigu Kunci Biru,2026-10-22,10000.0
Pasar Palimanan,Tepung Terigu Segi Tiga Biru,2026-10-09,12000.0
Pasar Palimanan,Tepung Terigu Segi Tiga Biru,2026-10-10,12000.0
Pasar Palimanan,Tepung Terigu Segi Tiga Biru,2026-10-11,12000.0
Pasar Palimanan,Tepung Terigu Segi Tiga Biru,2026-10-12,12000.0
Pasar Palimanan,Tepung Terigu Segi Tiga Biru,2026-10-13,12000.0
Pasar Palimanan,Tepung Terigu Segi Tiga Biru,2026-10-14,12000.0
Pasar Palimanan,Tepung Terigu Segi Tiga Biru,2026-10-15,12000.0
Pasar Palimanan,Tepung Terigu Segi Tiga Biru,2026-10-16,12000.0
Pasar Palimanan,Tepung Terigu Segi Tiga Biru,2026-10-17,12000.0
Pasar Palimanan,Tepung Terigu Segi Tiga Biru,2026-10-18,12000.0
Pasar Palimanan,Tepung Terigu Segi Tiga Biru,2026-10-19,12000.0
Pasar Palimanan,Tepung Terigu Segi Tiga Biru,2026-10-20,12000.0
Pasar Palimanan,Tepung Terigu Segi Tiga Biru,2026-10-21,12000.0
Pasar Palimanan,Tepung Terigu Segi Tiga Biru,2026-10-22,12000.0
Pasar Palimanan,Tepung Terigu Segitiga Biru,2026-10-09,110500.0
Pasar Palimanan,Tepung Terigu Segitiga Biru,2026-10-10,110500.0
Pasar Palimanan,Tepung Terigu Segitiga Biru,2026-10-11,110500.0
Pasar Palimanan,Tepung Terigu Segitiga Biru,2026-10-12,110500.0
Pasar Palimanan,Tepung Terigu Segitiga Biru,2026-10-13,110500.0
Pasar Palimanan,Tepung Terigu Segitiga Biru,2026-10-14,110500.0
Pasar Palimanan,Tepung Terigu Segitiga Biru,2026-10-15,110500.0
Pasar Palimanan,Tepung Terigu Segitiga Biru,2026-10-16,110500.0
Pasar Palimanan,Tepung Terigu Segitiga Biru,2026-10-17,110500.0
Pasar Palimanan,Tepung Terigu Segitiga Biru,2026-10-18,110500.0
Pasar Palimanan,Tepung Terigu Segitiga Biru,2026-10-19,110500.0
Pasar Palimanan,Tepung Terigu Segitiga Biru,2026-10-20,110500.0
Pasar Palimanan,Tepung Terigu Segitiga Biru,2026-10-21,110500.0
Pasar Palimanan,Tepung Terigu Segitiga Biru,2026-10-22,110500.0
Pasar Palimanan,Teri Medan Kering,2026-10-09,80000.0
Pasar Palimanan,Teri Medan Kering,2026-10-10,80000.0
Pasar Palimanan,Teri Medan Kering,2026-10-11,80000.0
Pasar Palimanan,Teri Medan Kering,2026-10-12,80000.0
Pasar Palimanan,Teri Medan Kering,2026-10-13,80000.0
Pasar Palimanan,Teri Medan Kering,2026-10-14,80000.0
Pasar Palimanan,Teri Medan Kering,2026-10-15,80000.0
Pasar Palimanan,Teri Medan Kering,2026-10-16,80000.0
Pasar Palimanan,Teri Medan Kering,2026-10-17,80000.0
Pasar Palimanan,Teri Medan Kering,2026-10-18,80000.0
Pasar Palimanan,Teri Medan Kering,2026-10-19,80000.0
Pasar Palimanan,Teri Medan Kering,2026-10-20,79500.0
Pasar Palimanan,Teri Medan Kering,2026-10-21,80000.0
Pasar Palimanan,Teri Medan Kering,2026-10-22,80000.0
Pasar Palimanan,Tomat Buah,2026-10-09,22500.0
Pasar Palimanan,Tomat Buah,2026-10-10,21500.0
Pasar Palimanan,Tomat Buah,2026-10-11,21500.0
Pasar Palimanan,Tomat Buah,2026-10-12,22500.0
Pasar Palimanan,Tomat Buah,2026-10-13,23500.0
Pasar Palimanan,Tomat Buah,2026-10-14,23500.0
Pasar Palimanan,Tomat Buah,2026-10-15,23500.0
Pasar Palimanan,Tomat Buah,2026-10-16,23000.0
Pasar Palimanan,Tomat Buah,2026-10-17,23500.0
Pasar Palimanan,Tomat Buah,2026-10-18,24000.0
Pasar Palimanan,Tomat Buah,2026-10-19,24000.0
Pasar Palimanan,Tomat Buah,2026-10-20,23500.0
Pasar Palimanan,Tomat Buah,2026-10-21,23500.0
Pasar Palimanan,Tomat Buah,2026-10-22,23500.0
Pasar Palimanan,Tomat Sayur,2026-10-09,14000.0
Pasar Palimanan,Tomat Sayur,2026-10-10,13500.0
Pasar Palimanan,Tomat Sayur,2026-10-11,13500.0
Pasar Palimanan,Tomat Sayur,2026-10-12,13500.0
Pasar Palimanan,Tomat Sayur,2026-10-13,13500.0
Pasar Palimanan,Tomat Sayur,2026-10-14,13500.0
Pasar Palimanan,Tomat Sayur,2026-10-15,13500.0
Pasar Palimanan,Tomat Sayur,2026-10-16,13500.0
Pasar Palimanan,Tomat Sayur,2026-10-17,13000.0
Pasar Palimanan,Tomat Sayur,2026-10-18,13000.0
Pasar Palimanan,Tomat Sayur,2026-10-19,15500.0
Pasar Palimanan,Tomat Sayur,2026-10-20,13500.0
Pasar Palimanan,Tomat Sayur,2026-10-21,12500.0
Pasar Palimanan,Tomat Sayur,2026-10-22,12500.0
Pasar Palimanan,Ubi Jalar,2026-10-09,7000.0
Pasar Palimanan,Ubi Jalar,2026-10-10,6500.0
Pasar Palimanan,Ubi Jalar,2026-10-11,6500.0
Pasar Palimanan,Ubi Jalar,2026-10-12,7000.0
Pasar Palimanan,Ubi Jalar,2026-10-13,7000.0
Pasar Palimanan,Ubi Jalar,2026-10-14,7000.0
Pasar Palimanan,Ubi Jalar,2026-10-15,7000.0
Pasar Palimanan,Ubi Jalar,2026-10-16,7000.0
Pasar Palimanan,Ubi Jalar,2026-10-17,7500.0
Pasar Palimanan,Ubi Jalar,2026-10-18,6500.0
Pasar Palimanan,Ubi Jalar,2026-10-19,6500.0
Pasar Palimanan,Ubi Jalar,2026-10-20,7000.0
Pasar Palimanan,Ubi Jalar,2026-10-21,7000.0
Pasar Palimanan,Ubi Jalar,2026-10-22,7000.0
Pasar Pasalaran,Beras Bulog Premium,2026-10-09,
Pasar Pasalaran,Beras Bulog Premium,2026-10-10,
Pasar Pasalaran,Beras Bulog Premium,2026-10-11,
Pasar Pasalaran,Beras Bulog Premium,2026-10-12,
Pasar Pasalaran,Beras Bulog Premium,2026-10-13,
Pasar Pasalaran,Beras Bulog Premium,2026-10-14,
Pasar Pasalaran,Beras Bulog Premium,2026-10-15,
Pasar Pasalaran,Beras Bulog Premium,2026-10-16,
Pasar Pasalaran,Beras Bulog Premium,2026-10-17,
Pasar Pasalaran,Beras Bulog Premium,2026-10-18,
Pasar Pasalaran,Beras Bulog Premium,2026-10-19,
Pasar Pasalaran,Beras Bulog Premium,2026-10-20,
Pasar Pasalaran,Beras Bulog Premium,2026-10-21,
Pasar Pasalaran,Beras Bulog Premium,2026-10-22,
Pasar Pasalaran,Bawang Bombay,2026-10-09,35000.0
Pasar Pasalaran,Bawang Bombay,2026-10-10,34500.0
Pasar Pasalaran,Bawang Bombay,2026-10-11,34500.0
Pasar Pasalaran,Bawang Bombay,2026-10-12,34500.0
Pasar Pasalaran,Bawang Bombay,2026-10-13,34500.0
Pasar Pasalaran,Bawang Bombay,2026-10-14,34500.0
Pasar Pasalaran,Bawang Bombay,2026-10-15,34500.0
Pasar Pasalaran,Bawang Bombay,2026-10-16,34500.0
Pasar Pasalaran,Bawang Bombay,2026-10-17,34500.0
Pasar Pasalaran,Bawang Bombay,2026-10-18,34500.0
Pasar Pasalaran,Bawang Bombay,2026-10-19,33500.0
Pasar Pasalaran,Bawang Bombay,2026-10-20,33500.0
Pasar Pasalaran,Bawang Bombay,2026-10-21,33500.0
Pasar Pasalaran,Bawang Bombay,2026-10-22,33500.0
Pasar Palimanan,Udang,2026-10-09,69500.0
Pasar Palimanan,Udang,2026-10-10,68500.0
Pasar Palimanan,Udang,2026-10-11,67500.0
Pasar Palimanan,Udang,2026-10-12,68000.0
Pasar Palimanan,Udang,2026-10-13,68000.0
Pasar Palimanan,Udang,2026-10-14,68500.0
Pasar Palimanan,Udang,2026-10-15,68000.0
Pasar Palimanan,Udang,2026-10-16,67500.0
Pasar Palimanan,Udang,2026-10-17,68000.0
Pasar Palimanan,Udang,2026-10-18,65000.0
Pasar Palimanan,Udang,2026-10-19,68000.0
Pasar Palimanan,Udang,2026-10-20,68000.0
Pasar Palimanan,Udang,2026-10-21,68000.0
Pasar Palimanan,Udang,2026-10-22,68500.0
Pasar Palimanan,Wortel,2026-10-09,15000.0
Pasar Palimanan,Wortel,2026-10-10,15000.0
Pasar Palimanan,Wortel,2026-10-11,15000.0
Pasar Palimanan,Wortel,2026-10-12,15000.0
Pasar Palimanan,Wortel,2026-10-13,15500.0
Pasar Palimanan,Wortel,2026-10-14,16500.0
Pasar Palimanan,Wortel,2026-10-15,16000.0
Pasar Palimanan,Wortel,2026-10-16,17500.0
Pasar Palimanan,Wortel,2026-10-17,16500.0
Pasar Palimanan,Wortel,2026-10-18,17000.0
Pasar Palimanan,Wortel,2026-10-19,18500.0
Pasar Palimanan,Wortel,2026-10-20,18000.0
Pasar Palimanan,Wortel,2026-10-21,19500.0
Pasar Palimanan,Wortel,2026-10-22,19500.0
Pasar Pasalaran,Bawang Merah,2026-10-09,30000.0
Pasar Pasalaran,Bawang Merah,2026-10-10,30000.0
Pasar Pasalaran,Bawang Merah,2026-10-11,30000.0
Pasar Pasalaran,Bawang Merah,2026-10-12,30000.0
Pasar Pasalaran,Bawang Merah,2026-10-13,30000.0
Pasar Pasalaran,Bawang Merah,2026-10-14,30000.0
Pasar Pasalaran,Bawang Merah,2026-10-15,30000.0
Pasar Pasalaran,Bawang Merah,2026-10-16,30000.0
Pasar Pasalaran,Bawang Merah,2026-10-17,30000.0
Pasar Pasalaran,Bawang Merah,2026-10-18,30000.0
Pasar Pasalaran,Bawang Merah,2026-10-19,30000.0
Pasar Pasalaran,Bawang Merah,2026-10-20,30000.0
Pasar Pasalaran,Bawang Merah,2026-10-21,30000.0
Pasar Pasalaran,Bawang Merah,2026-10-22,30500.0
Pasar Pasalaran,Bawang Putih,2026-10-09,34500.0
Pasar Pasalaran,Bawang Putih,2026-10-10,35000.0
Pasar Pasalaran,Bawang Putih,2026-10-11,34500.0
Pasar Pasalaran,Bawang Putih,2026-10-12,34000.0
Pasar Pasalaran,Bawang Putih,2026-10-13,34500.0
Pasar Pasalaran,Bawang Putih,2026-10-14,34500.0
Pasar Pasalaran,Bawang Putih,2026-10-15,34500.0
Pasar Pasalaran,Bawang Putih,2026-10-16,34500.0
Pasar Pasalaran,Bawang Putih,2026-10-17,34500.0
Pasar Pasalaran,Bawang Putih,2026-10-18,35500.0
Pasar Pasalaran,Bawang Putih,2026-10-19,34000.0
Pasar Pasalaran,Bawang Putih,2026-10-20,34500.0
Pasar Pasalaran,Bawang Putih,2026-10-21,34500.0
Pasar Pasalaran,Bawang Putih,2026-10-22,34500.0
Pasar Pasalaran,Bawang putih Katingan,2026-10-09,44000.0
Pasar Pasalaran,Bawang putih Katingan,2026-10-10,44000.0
Pasar Pasalaran,Bawang putih Katingan,2026-10-11,44000.0
Pasar Pasalaran,Bawang putih Katingan,2026-10-12,43500.0
Pasar Pasalaran,Bawang putih Katingan,2026-10-13,43500.0
Pasar Pasalaran,Bawang putih Katingan,2026-10-14,43500.0
Pasar Pasalaran,Bawang putih Katingan,2026-10-15,43000.0
Pasar Pasalaran,Bawang putih Katingan,2026-10-16,43000.0
Pasar Pasalaran,Bawang putih Katingan,2026-10-17,42500.0
Pasar Pasalaran,Bawang putih Katingan,2026-10-18,42500.0
Pasar Pasalaran,Bawang putih Katingan,2026-10-19,43000.0
Pasar Pasalaran,Bawang putih Katingan,2026-10-20,43000.0
Pasar Pasalaran,Bawang putih Katingan,2026-10-21,43000.0
Pasar Pasalaran,Bawang putih Katingan,2026-10-22,43000.0
Pasar Pasalaran,Besi Beton 10 mm,2026-10-09,20000.0
Pasar Pasalaran,Besi Beton 10 mm,2026-10-10,20000.0
Pasar Pasalaran,Besi Beton 10 mm,2026-10-11,20000.0
Pasar Pasalaran,Besi Beton 10 mm,2026-10-12,20000.0
Pasar Pasalaran,Besi Beton 10 mm,2026-10-13,20000.0
Pasar Pasalaran,Besi Beton 10 mm,2026-10-14,20000.0
Pasar Pasalaran,Besi Beton 10 mm,2026-10-15,20000.0
Pasar Pasalaran,Besi Beton 10 mm,2026-10-16,20000.0
Pasar Pasalaran,Besi Beton 10 mm,2026-10-17,20000.0
Pasar Pasalaran,Besi Beton 10 mm,2026-10-18,20000.0
Pasar Pasalaran,Besi Beton 10 mm,2026-10-19,20000.0
Pasar Pasalaran,Besi Beton 10 mm,2026-10-20,20000.0
Pasar Pasalaran,Besi Beton 10 mm,2026-10-21,20000.0
Pasar Pasalaran,Besi Beton 10 mm,2026-10-22,20000.0
Pasar Pasalaran,Beras Bulog,2026-10-09,8000.0
Pasar Pasalaran,Beras Bulog,2026-10-10,8000.0
Pasar Pasalaran,Beras Bulog,2026-10-11,8000.0
Pasar Pasalaran,Beras Bulog,2026-10-12,8000.0
Pasar Pasalaran,Beras Bulog,2026-10-13,8000.0
Pasar Pasalaran,Beras Bulog,2026-10-14,8000.0
Pasar Pasalaran,Beras Bulog,2026-10-15,8000.0
Pasar Pasalaran,Beras Bulog,2026-10-16,8000.0
Pasar Pasalaran,Beras Bulog,2026-10-17,8000.0
Pasar Pasalaran,Beras Bulog,2026-10-18,8000.0
Pasar Pasalaran,Beras Bulog,2026-10-19,8000.0
Pasar Pasalaran,Beras Bulog,2026-10-20,8000.0
Pasar Pasalaran,Beras Bulog,2026-10-21,8000.0
Pasar Pasalaran,Beras Bulog,2026-10-22,8000.0
Pasar Pasalaran,Beras Medium,2026-10-09,13500.0
Pasar Pasalaran,Beras Medium,2026-10-10,13000.0
Pasar Pasalaran,Beras Medium,2026-10-11,13000.0
Pasar Pasalaran,Beras Medium,2026-10-12,13500.0
Pasar Pasalaran,Beras Medium,2026-10-13,13500.0
Pasar Pasalaran,Beras Medium,2026-10-14,13500.0
Pasar Pasalaran,Beras Medium,2026-10-15,13500.0
Pasar Pasalaran,Beras Medium,2026-10-16,13500.0
Pasar Pasalaran,Beras Medium,2026-10-17,13000.0
Pasar Pasalaran,Beras Medium,2026-10-18,13500.0
Pasar Pasalaran,Beras Medium,2026-10-19,13000.0
Pasar Pasalaran,Beras Medium,2026-10-20,13000.0
Pasar Pasalaran,Beras Medium,2026-10-21,13000.0
Pasar Pasalaran,Beras Medium,2026-10-22,12500.0
Pasar Pasalaran,Beras Premium I,2026-10-09,15000.0
Pasar Pasalaran,Beras Premium I,2026-10-10,15000.0
Pasar Pasalaran,Beras Premium I,2026-10-11,15000.0
Pasar Pasalaran,Beras Premium I,2026-10-12,15000.0
Pasar Pasalaran,Beras Premium I,2026-10-13,15000.0
Pasar Pasalaran,Beras Premium I,2026-10-14,15000.0
Pasar Pasalaran,Beras Premium I,2026-10-15,15000.0
Pasar Pasalaran,Beras Premium I,2026-10-16,14500.0
Pasar Pasalaran,Beras Premium I,2026-10-17,14500.0
Pasar Pasalaran,Beras Premium I,2026-10-18,14500.0
Pasar Pasalaran,Beras Premium I,2026-10-19,14500.0
Pasar Pasalaran,Beras Premium I,2026-10-20,14500.0
Pasar Pasalaran,Beras Premium I,2026-10-21,14500.0
Pasar Pasalaran,Beras Premium I,2026-10-22,14500.0
Pasar Pasalaran,Beras Premium II,2026-10-09,15500.0
Pasar Pasalaran,Beras Premium II,2026-10-10,15500.0
Pasar Pasalaran,Beras Premium II,2026-10-11,15500.0
Pasar Pasalaran,Beras Premium II,2026-10-12,15500.0
Pasar Pasalaran,Beras Premium II,2026-10-13,15500.0
Pasar Pasalaran,Beras Premium II,2026-10-14,15500.0
Pasar Pasalaran,Beras Premium II,2026-10-15,15500.0
Pasar Pasalaran,Beras Premium II,2026-10-16,15500.0
Pasar Pasalaran,Beras Premium II,2026-10-17,15500.0
Pasar Pasalaran,Beras Premium II,2026-10-18,15500.0
Pasar Pasalaran,Beras Premium II,2026-10-19,15500.0
Pasar Pasalaran,Beras Premium II,2026-10-20,15500.0
Pasar Pasalaran,Beras Premium II,2026-10-21,15500.0
Pasar Pasalaran,Beras Premium II,2026-10-22,15500.0
Pasar Pasalaran,Beras Premium Super,2026-10-09,14500.0
Pasar Pasalaran,Beras Premium Super,2026-10-10,14500.0
Pasar Pasalaran,Beras Premium Super,2026-10-11,14500.0
Pasar Pasalaran,Beras Premium Super,2026-10-12,14500.0
Pasar Pasalaran,Beras Premium Super,2026-10-13,14500.0
Pasar Pasalaran,Beras Premium Super,2026-10-14,14500.0
Pasar Pasalaran,Beras Premium Super,2026-10-15,14500.0
Pasar Pasalaran,Beras Premium Super,2026-10-16,14500.0
Pasar Pasalaran,Beras Premium Super,2026-10-17,14500.0
Pasar Pasalaran,Beras Premium Super,2026-10-18,14500.0
Pasar Pasalaran,Beras Premium Super,2026-10-19,14500.0
Pasar Pasalaran,Beras Premium Super,2026-10-20,14500.0
Pasar Pasalaran,Beras Premium Super,2026-10-21,15000.0
Pasar Pasalaran,Beras Premium Super,2026-10-22,15000.0
Pasar Pasalaran,Cabe Hijau,2026-10-09,29500.0
Pasar Pasalaran,Cabe Hijau,2026-10-10,29500.0
Pasar Pasalaran,Cabe Hijau,2026-10-11,29500.0
Pasar Pasalaran,Cabe Hijau,2026-10-12,29500.0
Pasar Pasalaran,Cabe Hijau,2026-10-13,29500.0
Pasar Pasalaran,Cabe Hijau,2026-10-14,29500.0
Pasar Pasalaran,Cabe Hijau,2026-10-15,29500.0
Pasar Pasalaran,Cabe Hijau,2026-10-16,29500.0
Pasar Pasalaran,Cabe Hijau,2026-10-17,29500.0
Pasar Pasalaran,Cabe Hijau,2026-10-18,29500.0
Pasar Pasalaran,Cabe Hijau,2026-10-19,29500.0
Pasar Pasalaran,Cabe Hijau,2026-10-20,29500.0
Pasar Pasalaran,Cabe Hijau,2026-10-21,29500.0
Pasar Pasalaran,Cabe Hijau,2026-10-22,29500.0
Pasar Pasalaran,Buncis,2026-10-09,15000.0
Pasar Pasalaran,Buncis,2026-10-10,15000.0
Pasar Pasalaran,Buncis,2026-10-11,15000.0
Pasar Pasalaran,Buncis,2026-10-12,15000.0
Pasar Pasalaran,Buncis,2026-10-13,15000.0
Pasar Pasalaran,Buncis,2026-10-14,15000.0
Pasar Pasalaran,Buncis,2026-10-15,15000.0
Pasar Pasalaran,Buncis,2026-10-16,15000.0
Pasar Pasalaran,Buncis,2026-10-17,15000.0
Pasar Pasalaran,Buncis,2026-10-18,15000.0
Pasar Pasalaran,Buncis,2026-10-19,15000.0
Pasar Pasalaran,Buncis,2026-10-20,15000.0
Pasar Pasalaran,Buncis,2026-10-21,15000.0
Pasar Pasalaran,Buncis,2026-10-22,15000.0
Pasar Pasalaran,Cabe Merah Biasa,2026-10-09,49000.0
Pasar Pasalaran,Cabe Merah Biasa,2026-10-10,49500.0
Pasar Pasalaran,Cabe Merah Biasa,2026-10-11,49000.0
Pasar Pasalaran,Cabe Merah Biasa,2026-10-12,49500.0
Pasar Pasalaran,Cabe Merah Biasa,2026-10-13,49500.0
Pasar Pasalaran,Cabe Merah Biasa,2026-10-14,50000.0
Pasar Pasalaran,Cabe Merah Biasa,2026-10-15,48500.0
Pasar Pasalaran,Cabe Merah Biasa,2026-10-16,47500.0
Pasar Pasalaran,Cabe Merah Biasa,2026-10-17,45500.0
Pasar Pasalaran,Cabe Merah Biasa,2026-10-18,41000.0
Pasar Pasalaran,Cabe Merah Biasa,2026-10-19,41500.0
Pasar Pasalaran,Cabe Merah Biasa,2026-10-20,41000.0
Pasar Pasalaran,Cabe Merah Biasa,2026-10-21,40000.0
Pasar Pasalaran,Cabe Merah Biasa,2026-10-22,41000.0
Pasar Pasalaran,Cabe Merah Keriting,2026-10-09,75500.0
Pasar Pasalaran,Cabe Merah Keriting,2026-10-10,76000.0
Pasar Pasalaran,Cabe Merah Keriting,2026-10-11,75000.0
Pasar Pasalaran,Cabe Merah Keriting,2026-10-12,73000.0
Pasar Pasalaran,Cabe Merah Keriting,2026-10-13,70500.0
Pasar Pasalaran,Cabe Merah Keriting,2026-10-14,69000.0
Pasar Pasalaran,Cabe Merah Keriting,2026-10-15,66500.0
Pasar Pasalaran,Cabe Merah Keriting,2026-10-16,65000.0
Pasar Pasalaran,Cabe Merah Keriting,2026-10-17,68500.0
Pasar Pasalaran,Cabe Merah Keriting,2026-10-18,67500.0
Pasar Pasalaran,Cabe Merah Keriting,2026-10-19,63500.0
Pasar Pasalaran,Cabe Merah Keriting,2026-10-20,63000.0
Pasar Pasalaran,Cabe Merah Keriting,2026-10-21,62500.0
Pasar Pasalaran,Cabe Merah Keriting,2026-10-22,62000.0
Pasar Pasalaran,Cabe Rawit Hijau,2026-10-09,49500.0
Pasar Pasalaran,Cabe Rawit Hijau,2026-10-10,49000.0
Pasar Pasalaran,Cabe Rawit Hijau,2026-10-11,48000.0
Pasar Pasalaran,Cabe Rawit Hijau,2026-10-12,48000.0
Pasar Pasalaran,Cabe Rawit Hijau,2026-10-13,47000.0
Pasar Pasalaran,Cabe Rawit Hijau,2026-10-14,46000.0
Pasar Pasalaran,Cabe Rawit Hijau,2026-10-15,46500.0
Pasar Pasalaran,Cabe Rawit Hijau,2026-10-16,47500.0
Pasar Pasalaran,Cabe Rawit Hijau,2026-10-17,47000.0
Pasar Pasalaran,Cabe Rawit Hijau,2026-10-18,46000.0
Pasar Pasalaran,Cabe Rawit Hijau,2026-10-19,47000.0
Pasar Pasalaran,Cabe Rawit Hijau,2026-10-20,46000.0
Pasar Pasalaran,Cabe Rawit Hijau,2026-10-21,46500.0
Pasar Pasalaran,Cabe Rawit Hijau,2026-10-22,48000.0
Pasar Pasalaran,Cabe Rawit Merah,2026-10-09,86500.0
Pasar Pasalaran,Cabe Rawit Merah,2026-10-10,85000.0
Pasar Pasalaran,Cabe Rawit Merah,2026-10-11,86000.0
Pasar Pasalaran,Cabe Rawit Merah,2026-10-12,88000.0
Pasar Pasalaran,Cabe Rawit Merah,2026-10-13,86500.0
Pasar Pasalaran,Cabe Rawit Merah,2026-10-14,86000.0
Pasar Pasalaran,Cabe Rawit Merah,2026-10-15,84500.0
Pasar Pasalaran,Cabe Rawit Merah,2026-10-16,83000.0
Pasar Pasalaran,Cabe Rawit Merah,2026-10-17,82500.0
Pasar Pasalaran,Cabe Rawit Merah,2026-10-18,80500.0
Pasar Pasalaran,Cabe Rawit Merah,2026-10-19,80000.0
Pasar Pasalaran,Cabe Rawit Merah,2026-10-20,80000.0
Pasar Pasalaran,Cabe Rawit Merah,2026-10-21,79000.0
Pasar Pasalaran,Cabe Rawit Merah,2026-10-22,75000.0
Pasar Pasalaran,Cumi Asin,2026-10-09,95500.0
Pasar Pasalaran,Cumi Asin,2026-10-10,95500.0
Pasar Pasalaran,Cumi Asin,2026-10-11,95500.0
Pasar Pasalaran,Cumi Asin,2026-10-12,95500.0
Pasar Pasalaran,Cumi Asin,2026-10-13,95500.0
Pasar Pasalaran,Cumi Asin,2026-10-14,95500.0
Pasar Pasalaran,Cumi Asin,2026-10-15,95500.0
Pasar Pasalaran,Cumi Asin,2026-10-16,95500.0
Pasar Pasalaran,Cumi Asin,2026-10-17,95500.0
Pasar Pasalaran,Cumi Asin,2026-10-18,95500.0
Pasar Pasalaran,Cumi Asin,2026-10-19,95500.0
Pasar Pasalaran,Cumi Asin,2026-10-20,95500.0
Pasar Pasalaran,Cumi Asin,2026-10-21,95500.0
Pasar Pasalaran,Cumi Asin,2026-10-22,95500.0
Pasar Pasalaran,Daging Ayam Broiler,2026-10-09,35500.0
Pasar Pasalaran,Daging Ayam Broiler,2026-10-10,35500.0
Pasar Pasalaran,Daging Ayam Broiler,2026-10-11,35000.0
Pasar Pasalaran,Daging Ayam Broiler,2026-10-12,35500.0
Pasar Pasalaran,Daging Ayam Broiler,2026-10-13,36000.0
Pasar Pasalaran,Daging Ayam Broiler,2026-10-14,35500.0
Pasar Pasalaran,Daging Ayam Broiler,2026-10-15,36000.0
Pasar Pasalaran,Daging Ayam Broiler,2026-10-16,35500.0
Pasar Pasalaran,Daging Ayam Broiler,2026-10-17,36000.0
Pasar Pasalaran,Daging Ayam Broiler,2026-10-18,33500.0
Pasar Pasalaran,Daging Ayam Broiler,2026-10-19,35000.0
Pasar Pasalaran,Daging Ayam Broiler,2026-10-20,35500.0
Pasar Pasalaran,Daging Ayam Broiler,2026-10-21,35000.0
Pasar Pasalaran,Daging Ayam Broiler,2026-10-22,34500.0
Pasar Pasalaran,Daging Ayam Kampung,2026-10-09,32500.0
Pasar Pasalaran,Daging Ayam Kampung,2026-10-10,32500.0
Pasar Pasalaran,Daging Ayam Kampung,2026-10-11,32500.0
Pasar Pasalaran,Daging Ayam Kampung,2026-10-12,32500.0
Pasar Pasalaran,Daging Ayam Kampung,2026-10-13,32500.0
Pasar Pasalaran,Daging Ayam Kampung,2026-10-14,32500.0
Pasar Pasalaran,Daging Ayam Kampung,2026-10-15,32500.0
Pasar Pasalaran,Daging Ayam Kampung,2026-10-16,33000.0
Pasar Pasalaran,Daging Ayam Kampung,2026-10-17,33000.0
Pasar Pasalaran,Daging Ayam Kampung,2026-10-18,33000.0
Pasar Pasalaran,Daging Ayam Kampung,2026-10-19,33000.0
Pasar Pasalaran,Daging Ayam Kampung,2026-10-20,33000.0
Pasar Pasalaran,Daging Ayam Kampung,2026-10-21,33000.0
Pasar Pasalaran,Daging Ayam Kampung,2026-10-22,33000.0
Pasar Pasalaran,Daging Kambing,2026-10-09,139500.0
Pasar Pasalaran,Daging Kambing,2026-10-10,139500.0
Pasar Pasalaran,Daging Kambing,2026-10-11,139500.0
Pasar Pasalaran,Daging Kambing,2026-10-12,139500.0
Pasar Pasalaran,Daging Kambing,2026-10-13,139500.0
Pasar Pasalaran,Daging Kambing,2026-10-14,139500.0
Pasar Pasalaran,Daging Kambing,2026-10-15,139500.0
Pasar Pasalaran,Daging Kambing,2026-10-16,139500.0
Pasar Pasalaran,Daging Kambing,2026-10-17,139500.0
Pasar Pasalaran,Daging Kambing,2026-10-18,139500.0
Pasar Pasalaran,Daging Kambing,2026-10-19,139500.0
Pasar Pasalaran,Daging Kambing,2026-10-20,139500.0
Pasar Pasalaran,Daging Kambing,2026-10-21,139500.0
Pasar Pasalaran,Daging Kambing,2026-10-22,139500.0
Pasar Pasalaran,Daging Sapi Kw 2,2026-10-09,100000.0
Pasar Pasalaran,Daging Sapi Kw 2,2026-10-10,100000.0
Pasar Pasalaran,Daging Sapi Kw 2,2026-10-11,100000.0
Pasar Pasalaran,Daging Sapi Kw 2,2026-10-12,100000.0
Pasar Pasalaran,Daging Sapi Kw 2,2026-10-13,100000.0
Pasar Pasalaran,Daging Sapi Kw 2,2026-10-14,100000.0
Pasar Pasalaran,Daging Sapi Kw 2,2026-10-15,100000.0
Pasar Pasalaran,Daging Sapi Kw 2,2026-10-16,100000.0
Pasar Pasalaran,Daging Sapi Kw 2,2026-10-17,100000.0
Pasar Pasalaran,Daging Sapi Kw 2,2026-10-18,100000.0
Pasar Pasalaran,Daging Sapi Kw 2,2026-10-19,100000.0
Pasar Pasalaran,Daging Sapi Kw 2,2026-10-20,100000.0
Pasar Pasalaran,Daging Sapi Kw 2,2026-10-21,100000.0
Pasar Pasalaran,Daging Sapi Kw 2,2026-10-22,100000.0
Pasar Pasalaran,Daging Sapi Murni,2026-10-09,157000.0
Pasar Pasalaran,Daging Sapi Murni,2026-10-10,157500.0
Pasar Pasalaran,Daging Sapi Murni,2026-10-11,157000.0
Pasar Pasalaran,Daging Sapi Murni,2026-10-12,158000.0
Pasar Pasalaran,Daging Sapi Murni,2026-10-13,156500.0
Pasar Pasalaran,Daging Sapi Murni,2026-10-14,157000.0
Pasar Pasalaran,Daging Sapi Murni,2026-10-15,157000.0
Pasar Pasalaran,Daging Sapi Murni,2026-10-16,156500.0
Pasar Pasalaran,Daging Sapi Murni,2026-10-17,156000.0
Pasar Pasalaran,Daging Sapi Murni,2026-10-18,155500.0
Pasar Pasalaran,Daging Sapi Murni,2026-10-19,155500.0
Pasar Pasalaran,Daging Sapi Murni,2026-10-20,154000.0
Pasar Pasalaran,Daging Sapi Murni,2026-10-21,154500.0
Pasar Pasalaran,Daging Sapi Murni,2026-10-22,155500.0
Pasar Pasalaran,Garam Beryodium,2026-10-09,8000.0
Pasar Pasalaran,Garam Beryodium,2026-10-10,8000.0
Pasar Pasalaran,Garam Beryodium,2026-10-11,8000.0
Pasar Pasalaran,Garam Beryodium,2026-10-12,8000.0
Pasar Pasalaran,Garam Beryodium,2026-10-13,8000.0
Pasar Pasalaran,Garam Beryodium,2026-10-14,8000.0
Pasar Pasalaran,Garam Beryodium,2026-10-15,8000.0
Pasar Pasalaran,Garam Beryodium,2026-10-16,8000.0
Pasar Pasalaran,Garam Beryodium,2026-10-17,8000.0
Pasar Pasalaran,Garam Beryodium,2026-10-18,8000.0
Pasar Pasalaran,Garam Beryodium,2026-10-19,8000.0
Pasar Pasalaran,Garam Beryodium,2026-10-20,8000.0
Pasar Pasalaran,Garam Beryodium,2026-10-21,8000.0
Pasar Pasalaran,Garam Beryodium,2026-10-22,8000.0
Pasar Pasalaran,Gas Elpiji,2026-10-09,20000.0
Pasar Pasalaran,Gas Elpiji,2026-10-10,20000.0
Pasar Pasalaran,Gas Elpiji,2026-10-11,20000.0
Pasar Pasalaran,Gas Elpiji,2026-10-12,20000.0
Pasar Pasalaran,Gas Elpiji,2026-10-13,20000.0
Pasar Pasalaran,Gas Elpiji,2026-10-14,20000.0
Pasar Pasalaran,Gas Elpiji,2026-10-15,20000.0
Pasar Pasalaran,Gas Elpiji,2026-10-16,20000.0
Pasar Pasalaran,Gas Elpiji,2026-10-17,20000.0
Pasar Pasalaran,Gas Elpiji,2026-10-18,20000.0
Pasar Pasalaran,Gas Elpiji,2026-10-19,20000.0
Pasar Pasalaran,Gas Elpiji,2026-10-20,20000.0
Pasar Pasalaran,Gas Elpiji,2026-10-21,20000.0
Pasar Pasalaran,Gas Elpiji,2026-10-22,20000.0
Pasar Pasalaran,Gula Batu,2026-10-09,14000.0
Pasar Pasalaran,Gula Batu,2026-10-10,14000.0
Pasar Pasalaran,Gula Batu,2026-10-11,14000.0
Pasar Pasalaran,Gula Batu,2026-10-12,14000.0
Pasar Pasalaran,Gula Batu,2026-10-13,14000.0
Pasar Pasalaran,Gula Batu,2026-10-14,14000.0
Pasar Pasalaran,Gula Batu,2026-10-15,14000.0
Pasar Pasalaran,Gula Batu,2026-10-16,14000.0
Pasar Pasalaran,Gula Batu,2026-10-17,14000.0
Pasar Pasalaran,Gula Batu,2026-10-18,14000.0
Pasar Pasalaran,Gula Batu,2026-10-19,14000.0
Pasar Pasalaran,Gula Batu,2026-10-20,14000.0
Pasar Pasalaran,Gula Batu,2026-10-21,14000.0
Pasar Pasalaran,Gula Batu,2026-10-22,14000.0
Pasar Pasalaran,Gula Impor,2026-10-09,18000.0
Pasar Pasalaran,Gula Impor,2026-10-10,18000.0
Pasar Pasalaran,Gula Impor,2026-10-11,18000.0
Pasar Pasalaran,Gula Impor,2026-10-12,18000.0
Pasar Pasalaran,Gula Impor,2026-10-13,18000.0
Pasar Pasalaran,Gula Impor,2026-10-14,18000.0
Pasar Pasalaran,Gula Impor,2026-10-15,18000.0
Pasar Pasalaran,Gula Impor,2026-10-16,18000.0
Pasar Pasalaran,Gula Impor,2026-10-17,18000.0
Pasar Pasalaran,Gula Impor,2026-10-18,18000.0
Pasar Pasalaran,Gula Impor,2026-10-19,18000.0
Pasar Pasalaran,Gula Impor,2026-10-20,18000.0
Pasar Pasalaran,Gula Impor,2026-10-21,18000.0
Pasar Pasalaran,Gula Impor,2026-10-22,18000.0
Pasar Pasalaran,Gula Merah,2026-10-09,15000.0
Pasar Pasalaran,Gula Merah,2026-10-10,15000.0
Pasar Pasalaran,Gula Merah,2026-10-11,15000.0
Pasar Pasalaran,Gula Merah,2026-10-12,15000.0
Pasar Pasalaran,Gula Merah,2026-10-13,15000.0
Pasar Pasalaran,Gula Merah,2026-10-14,15000.0
Pasar Pasalaran,Gula Merah,2026-10-15,15000.0
Pasar Pasalaran,Gula Merah,2026-10-16,15000.0
Pasar Pasalaran,Gula Merah,2026-10-17,15000.0
Pasar Pasalaran,Gula Merah,2026-10-18,15000.0
Pasar Pasalaran,Gula Merah,2026-10-19,15000.0
Pasar Pasalaran,Gula Merah,2026-10-20,15000.0
Pasar Pasalaran,Gula Merah,2026-10-21,15000.0
Pasar Pasalaran,Gula Merah,2026-10-22,15000.0
Pasar Pasalaran,Ikan Asin Kembung,2026-10-09,17000.0
Pasar Pasalaran,Ikan Asin Kembung,2026-10-10,17000.0
Pasar Pasalaran,Ikan Asin Kembung,2026-10-11,17000.0
Pasar Pasalaran,Ikan Asin Kembung,2026-10-12,17000.0
Pasar Pasalaran,Ikan Asin Kembung,2026-10-13,17000.0
Pasar Pasalaran,Ikan Asin Kembung,2026-10-14,17000.0
Pasar Pasalaran,Ikan Asin Kembung,2026-10-15,17000.0
Pasar Pasalaran,Ikan Asin Kembung,2026-10-16,17000.0
Pasar Pasalaran,Ikan Asin Kembung,2026-10-17,17000.0
Pasar Pasalaran,Ikan Asin Kembung,2026-10-18,17000.0
Pasar Pasalaran,Ikan Asin Kembung,2026-10-19,17000.0
Pasar Pasalaran,Ikan Asin Kembung,2026-10-20,17000.0
Pasar Pasalaran,Ikan Asin Kembung,2026-10-21,17000.0
Pasar Pasalaran,Ikan Asin Kembung,2026-10-22,17000.0
Pasar Pasalaran,Gula Pasir lokal,2026-10-09,17500.0
Pasar Pasalaran,Gula Pasir lokal,2026-10-10,17500.0
Pasar Pasalaran,Gula Pasir lokal,2026-10-11,18000.0
Pasar Pasalaran,Gula Pasir lokal,2026-10-12,17500.0
Pasar Pasalaran,Gula Pasir lokal,2026-10-13,17500.0
Pasar Pasalaran,Gula Pasir lokal,2026-10-14,17500.0
Pasar Pasalaran,Gula Pasir lokal,2026-10-15,17500.0
Pasar Pasalaran,Gula Pasir lokal,2026-10-16,17500.0
Pasar Pasalaran,Gula Pasir lokal,2026-10-17,17500.0
Pasar Pasalaran,Gula Pasir lokal,2026-10-18,17500.0
Pasar Pasalaran,Gula Pasir lokal,2026-10-19,17500.0
Pasar Pasalaran,Gula Pasir lokal,2026-10-20,17500.0
Pasar Pasalaran,Gula Pasir lokal,2026-10-21,18000.0
Pasar Pasalaran,Gula Pasir lokal,2026-10-22,17500.0
Pasar Pasalaran,Ikan Asin Peda,2026-10-09,15000.0
Pasar Pasalaran,Ikan Asin Peda,2026-10-10,15000.0
Pasar Pasalaran,Ikan Asin Peda,2026-10-11,15000.0
Pasar Pasalaran,Ikan Asin Peda,2026-10-12,15000.0
Pasar Pasalaran,Ikan Asin Peda,2026-10-13,15000.0
Pasar Pasalaran,Ikan Asin Peda,2026-10-14,15000.0
Pasar Pasalaran,Ikan Asin Peda,2026-10-15,15000.0
Pasar Pasalaran,Ikan Asin Peda,2026-10-16,15000.0
Pasar Pasalaran,Ikan Asin Peda,2026-10-17,15000.0
Pasar Pasalaran,Ikan Asin Peda,2026-10-18,15000.0
Pasar Pasalaran,Ikan Asin Peda,2026-10-19,15000.0
Pasar Pasalaran,Ikan Asin Peda,2026-10-20,15000.0
Pasar Pasalaran,Ikan Asin Peda,2026-10-21,15000.0
Pasar Pasalaran,Ikan Asin Peda,2026-10-22,15000.0
Pasar Pasalaran,Ikan Asin Tiga Wajan,2026-10-09,12500.0
Pasar Pasalaran,Ikan Asin Tiga Wajan,2026-10-10,12500.0
Pasar Pasalaran,Ikan Asin Tiga Wajan,2026-10-11,12500.0
Pasar Pasalaran,Ikan Asin Tiga Wajan,2026-10-12,12500.0
Pasar Pasalaran,Ikan Asin Tiga Wajan,2026-10-13,12500.0
Pasar Pasalaran,Ikan Asin Tiga Wajan,2026-10-14,12500.0
Pasar Pasalaran,Ikan Asin Tiga Wajan,2026-10-15,12500.0
Pasar Pasalaran,Ikan Asin Tiga Wajan,2026-10-16,12500.0
Pasar Pasalaran,Ikan Asin Tiga Wajan,2026-10-17,12500.0
Pasar Pasalaran,Ikan Asin Tiga Wajan,2026-10-18,12500.0
Pasar Pasalaran,Ikan Asin Tiga Wajan,2026-10-19,12500.0
Pasar Pasalaran,Ikan Asin Tiga Wajan,2026-10-20,12500.0
Pasar Pasalaran,Ikan Asin Tiga Wajan,2026-10-21,12500.0
Pasar Pasalaran,Ikan Asin Tiga Wajan,2026-10-22,12500.0
Pasar Pasalaran,Ikan Bandeng,2026-10-09,32000.0
Pasar Pasalaran,Ikan Bandeng,2026-10-10,31000.0
Pasar Pasalaran,Ikan Bandeng,2026-10-11,30000.0
Pasar Pasalaran,Ikan Bandeng,2026-10-12,31000.0
Pasar Pasalaran,Ikan Bandeng,2026-10-13,31000.0
Pasar Pasalaran,Ikan Bandeng,2026-10-14,31000.0
Pasar Pasalaran,Ikan Bandeng,2026-10-15,31500.0
Pasar Pasalaran,Ikan Bandeng,2026-10-16,30500.0
Pasar Pasalaran,Ikan Bandeng,2026-10-17,30000.0
Pasar Pasalaran,Ikan Bandeng,2026-10-18,30000.0
Pasar Pasalaran,Ikan Bandeng,2026-10-19,30000.0
Pasar Pasalaran,Ikan Bandeng,2026-10-20,30000.0
Pasar Pasalaran,Ikan Bandeng,2026-10-21,30500.0
Pasar Pasalaran,Ikan Bandeng,2026-10-22,30500.0
Pasar Pasalaran,Ikan Kembung,2026-10-09,39500.0
Pasar Pasalaran,Ikan Kembung,2026-10-10,39500.0
Pasar Pasalaran,Ikan Kembung,2026-10-11,39500.0
Pasar Pasalaran,Ikan Kembung,2026-10-12,37000.0
Pasar Pasalaran,Ikan Kembung,2026-10-13,36500.0
Pasar Pasalaran,Ikan Kembung,2026-10-14,36500.0
Pasar Pasalaran,Ikan Kembung,2026-10-15,38000.0
Pasar Pasalaran,Ikan Kembung,2026-10-16,39000.0
Pasar Pasalaran,Ikan Kembung,2026-10-17,39500.0
Pasar Pasalaran,Ikan Kembung,2026-10-18,39500.0
Pasar Pasalaran,Ikan Kembung,2026-10-19,39500.0
Pasar Pasalaran,Ikan Kembung,2026-10-20,39500.0
Pasar Pasalaran,Ikan Kembung,2026-10-21,40000.0
Pasar Pasalaran,Ikan Kembung,2026-10-22,39500.0
Pasar Pasalaran,Ikan Mas,2026-10-09,30000.0
Pasar Pasalaran,Ikan Mas,2026-10-10,30000.0
Pasar Pasalaran,Ikan Mas,2026-10-11,30000.0
Pasar Pasalaran,Ikan Mas,2026-10-12,30000.0
Pasar Pasalaran,Ikan Mas,2026-10-13,30000.0
Pasar Pasalaran,Ikan Mas,2026-10-14,30000.0
Pasar Pasalaran,Ikan Mas,2026-10-15,30000.0
Pasar Pasalaran,Ikan Mas,2026-10-16,30000.0
Pasar Pasalaran,Ikan Mas,2026-10-17,30000.0
Pasar Pasalaran,Ikan Mas,2026-10-18,30000.0
Pasar Pasalaran,Ikan Mas,2026-10-19,30000.0
Pasar Pasalaran,Ikan Mas,2026-10-20,30000.0
Pasar Pasalaran,Ikan Mas,2026-10-21,30000.0
Pasar Pasalaran,Ikan Mas,2026-10-22,30000.0
Pasar Pasalaran,Indomie Kari Ayam,2026-10-09,3000.0
Pasar Pasalaran,Indomie Kari Ayam,2026-10-10,3000.0
Pasar Pasalaran,Indomie Kari Ayam,2026-10-11,3000.0
Pasar Pasalaran,Indomie Kari Ayam,2026-10-12,3000.0
Pasar Pasalaran,Indomie Kari Ayam,2026-10-13,3000.0
Pasar Pasalaran,Indomie Kari Ayam,2026-10-14,3000.0
Pasar Pasalaran,Indomie Kari Ayam,2026-10-15,3000.0
Pasar Pasalaran,Indomie Kari Ayam,2026-10-16,3500.0
Pasar Pasalaran,Indomie Kari Ayam,2026-10-17,3500.0
Pasar Pasalaran,Indomie Kari Ayam,2026-10-18,3000.0
Pasar Pasalaran,Indomie Kari Ayam,2026-10-19,3500.0
Pasar Pasalaran,Indomie Kari Ayam,2026-10-20,3500.0
Pasar Pasalaran,Indomie Kari Ayam,2026-10-21,4000.0
Pasar Pasalaran,Indomie Kari Ayam,2026-10-22,4000.0
Pasar Pasalaran,Ikan Tongkol,2026-10-09,30500.0
Pasar Pasalaran,Ikan Tongkol,2026-10-10,30500.0
Pasar Pasalaran,Ikan Tongkol,2026-10-11,30500.0
Pasar Pasalaran,Ikan Tongkol,2026-10-12,30500.0
Pasar Pasalaran,Ikan Tongkol,2026-10-13,30500.0
Pasar Pasalaran,Ikan Tongkol,2026-10-14,30500.0
Pasar Pasalaran,Ikan Tongkol,2026-10-15,30500.0
Pasar Pasalaran,Ikan Tongkol,2026-10-16,30500.0
Pasar Pasalaran,Ikan Tongkol,2026-10-17,30500.0
Pasar Pasalaran,Ikan Tongkol,2026-10-18,30000.0
Pasar Pasalaran,Ikan Tongkol,2026-10-19,29500.0
Pasar Pasalaran,Ikan Tongkol,2026-10-20,29500.0
Pasar Pasalaran,Ikan Tongkol,2026-10-21,29500.0
Pasar Pasalaran,Ikan Tongkol,2026-10-22,29500.0
Pasar Pasalaran,Jagung Pipilan,2026-10-09,10000.0
Pasar Pasalaran,Jagung Pipilan,2026-10-10,10000.0
Pasar Pasalaran,Jagung Pipilan,2026-10-11,10000.0
Pasar Pasalaran,Jagung Pipilan,2026-10-12,10000.0
Pasar Pasalaran,Jagung Pipilan,2026-10-13,10000.0
Pasar Pasalaran,Jagung Pipilan,2026-10-14,10000.0
Pasar Pasalaran,Jagung Pipilan,2026-10-15,10000.0
Pasar Pasalaran,Jagung Pipilan,2026-10-16,10000.0
Pasar Pasalaran,Jagung Pipilan,2026-10-17,10000.0
Pasar Pasalaran,Jagung Pipilan,2026-10-18,10000.0
Pasar Pasalaran,Jagung Pipilan,2026-10-19,10000.0
Pasar Pasalaran,Jagung Pipilan,2026-10-20,10000.0
Pasar Pasalaran,Jagung Pipilan,2026-10-21,10000.0
Pasar Pasalaran,Jagung Pipilan,2026-10-22,10000.0
Pasar Pasalaran,Kacang Hijau,2026-10-09,27000.0
Pasar Pasalaran,Kacang Hijau,2026-10-10,27000.0
Pasar Pasalaran,Kacang Hijau,2026-10-11,27000.0
Pasar Pasalaran,Kacang Hijau,2026-10-12,27000.0
Pasar Pasalaran,Kacang Hijau,2026-10-13,27000.0
Pasar Pasalaran,Kacang Hijau,2026-10-14,27000.0
Pasar Pasalaran,Kacang Hijau,2026-10-15,27000.0
Pasar Pasalaran,Kacang Hijau,2026-10-16,27000.0
Pasar Pasalaran,Kacang Hijau,2026-10-17,27000.0
Pasar Pasalaran,Kacang Hijau,2026-10-18,27000.0
Pasar Pasalaran,Kacang Hijau,2026-10-19,27000.0
Pasar Pasalaran,Kacang Hijau,2026-10-20,27000.0
Pasar Pasalaran,Kacang Hijau,2026-10-21,27000.0
Pasar Pasalaran,Kacang Hijau,2026-10-22,27000.0
Pasar Pasalaran,Kacang Panjang,2026-10-09,21000.0
Pasar Pasalaran,Kacang Panjang,2026-10-10,21000.0
Pasar Pasalaran,Kacang Panjang,2026-10-11,21000.0
Pasar Pasalaran,Kacang Panjang,2026-10-12,21000.0
Pasar Pasalaran,Kacang Panjang,2026-10-13,21000.0
Pasar Pasalaran,Kacang Panjang,2026-10-14,21000.0
Pasar Pasalaran,Kacang Panjang,2026-10-15,21000.0
Pasar Pasalaran,Kacang Panjang,2026-10-16,21000.0
Pasar Pasalaran,Kacang Panjang,2026-10-17,21000.0
Pasar Pasalaran,Kacang Panjang,2026-10-18,21000.0
Pasar Pasalaran,Kacang Panjang,2026-10-19,21000.0
Pasar Pasalaran,Kacang Panjang,2026-10-20,21000.0
Pasar Pasalaran,Kacang Panjang,2026-10-21,21000.0
Pasar Pasalaran,Kacang Panjang,2026-10-22,21000.0
Pasar Pasalaran,Kacang Kedelai Impor,2026-10-09,15000.0
Pasar Pasalaran,Kacang Kedelai Impor,2026-10-10,15000.0
Pasar Pasalaran,Kacang Kedelai Impor,2026-10-11,15000.0
Pasar Pasalaran,Kacang Kedelai Impor,2026-10-12,15000.0
Pasar Pasalaran,Kacang Kedelai Impor,2026-10-13,15000.0
Pasar Pasalaran,Kacang Kedelai Impor,2026-10-14,15000.0
Pasar Pasalaran,Kacang Kedelai Impor,2026-10-15,15000.0
Pasar Pasalaran,Kacang Kedelai Impor,2026-10-16,15000.0
Pasar Pasalaran,Kacang Kedelai Impor,2026-10-17,15000.0
Pasar Pasalaran,Kacang Kedelai Impor,2026-10-18,15000.0
Pasar Pasalaran,Kacang Kedelai Impor,2026-10-19,15000.0
Pasar Pasalaran,Kacang Kedelai Impor,2026-10-20,15000.0
Pasar Pasalaran,Kacang Kedelai Impor,2026-10-21,15000.0
Pasar Pasalaran,Kacang Kedelai Impor,2026-10-22,15000.0
Pasar Pasalaran,Kacang Kedelai Lokal,2026-10-09,13000.0
Pasar Pasalaran,Kacang Kedelai Lokal,2026-10-10,13000.0
Pasar Pasalaran,Kacang Kedelai Lokal,2026-10-11,13000.0
Pasar Pasalaran,Kacang Kedelai Lokal,2026-10-12,13000.0
Pasar Pasalaran,Kacang Kedelai Lokal,2026-10-13,13000.0
Pasar Pasalaran,Kacang Kedelai Lokal,2026-10-14,13000.0
Pasar Pasalaran,Kacang Kedelai Lokal,2026-10-15,13000.0
Pasar Pasalaran,Kacang Kedelai Lokal,2026-10-16,13000.0
Pasar Pasalaran,Kacang Kedelai Lokal,2026-10-17,13000.0
Pasar Pasalaran,Kacang Kedelai Lokal,2026-10-18,13000.0
Pasar Pasalaran,Kacang Kedelai Lokal,2026-10-19,13000.0
Pasar Pasalaran,Kacang Kedelai Lokal,2026-10-20,13000.0
Pasar Pasalaran,Kacang Kedelai Lokal,2026-10-21,13000.0
Pasar Pasalaran,Kacang Kedelai Lokal,2026-10-22,13000.0
Pasar Pasalaran,Kacang Tanah kupas,2026-10-09,28000.0
Pasar Pasalaran,Kacang Tanah kupas,2026-10-10,28000.0
Pasar Pasalaran,Kacang Tanah kupas,2026-10-11,28000.0
Pasar Pasalaran,Kacang Tanah kupas,2026-10-12,28000.0
Pasar Pasalaran,Kacang Tanah kupas,2026-10-13,28000.0
Pasar Pasalaran,Kacang Tanah kupas,2026-10-14,28000.0
Pasar Pasalaran,Kacang Tanah kupas,2026-10-15,28000.0
Pasar Pasalaran,Kacang Tanah kupas,2026-10-16,28000.0
Pasar Pasalaran,Kacang Tanah kupas,2026-10-17,28000.0
Pasar Pasalaran,Kacang Tanah kupas,2026-10-18,28000.0
Pasar Pasalaran,Kacang Tanah kupas,2026-10-19,28000.0
Pasar Pasalaran,Kacang Tanah kupas,2026-10-20,28000.0
Pasar Pasalaran,Kacang Tanah kupas,2026-10-21,28000.0
Pasar Pasalaran,Kacang Tanah kupas,2026-10-22,28000.0
Pasar Pasalaran,Kacang Tanah/Suuk,2026-10-09,28000.0
Pasar Pasalaran,Kacang Tanah/Suuk,2026-10-10,28000.0
Pasar Pasalaran,Kacang Tanah/Suuk,2026-10-11,28000.0
Pasar Pasalaran,Kacang Tanah/Suuk,2026-10-12,28000.0
Pasar Pasalaran,Kacang Tanah/Suuk,2026-10-13,28000.0
Pasar Pasalaran,Kacang Tanah/Suuk,2026-10-14,28000.0
Pasar Pasalaran,Kacang Tanah/Suuk,2026-10-15,28000.0
Pasar Pasalaran,Kacang Tanah/Suuk,2026-10-16,28000.0
Pasar Pasalaran,Kacang Tanah/Suuk,2026-10-17,28000.0
Pasar Pasalaran,Kacang Tanah/Suuk,2026-10-18,28000.0
Pasar Pasalaran,Kacang Tanah/Suuk,2026-10-19,28000.0
Pasar Pasalaran,Kacang Tanah/Suuk,2026-10-20,28000.0
Pasar Pasalaran,Kacang Tanah/Suuk,2026-10-21,28000.0
Pasar Pasalaran,Kacang Tanah/Suuk,2026-10-22,28000.0
Pasar Pasalaran,Kentang,2026-10-09,17000.0
Pasar Pasalaran,Kentang,2026-10-10,17000.0
Pasar Pasalaran,Kentang,2026-10-11,17000.0
Pasar Pasalaran,Kentang,2026-10-12,17000.0
Pasar Pasalaran,Kentang,2026-10-13,17000.0
Pasar Pasalaran,Kentang,2026-10-14,17000.0
Pasar Pasalaran,Kentang,2026-10-15,17000.0
Pasar Pasalaran,Kentang,2026-10-16,17000.0
Pasar Pasalaran,Kentang,2026-10-17,17000.0
Pasar Pasalaran,Kentang,2026-10-18,17000.0
Pasar Pasalaran,Kentang,2026-10-19,17000.0
Pasar Pasalaran,Kentang,2026-10-20,17000.0
Pasar Pasalaran,Kentang,2026-10-21,17000.0
Pasar Pasalaran,Kentang,2026-10-22,17000.0
Pasar Pasalaran,Kol,2026-10-09,8500.0
Pasar Pasalaran,Kol,2026-10-10,8500.0
Pasar Pasalaran,Kol,2026-10-11,8500.0
Pasar Pasalaran,Kol,2026-10-12,9000.0
Pasar Pasalaran,Kol,2026-10-13,9000.0
Pasar Pasalaran,Kol,2026-10-14,9000.0
Pasar Pasalaran,Kol,2026-10-15,9000.0
Pasar Pasalaran,Kol,2026-10-16,8500.0
Pasar Pasalaran,Kol,2026-10-17,8500.0
Pasar Pasalaran,Kol,2026-10-18,8000.0
Pasar Pasalaran,Kol,2026-10-19,8000.0
Pasar Pasalaran,Kol,2026-10-20,8000.0
Pasar Pasalaran,Kol,2026-10-21,7500.0
Pasar Pasalaran,Kol,2026-10-22,7000.0
Pasar Pasalaran,Margarine Blue Band,2026-10-09,11000.0
Pasar Pasalaran,Margarine Blue Band,2026-10-10,11000.0
Pasar Pasalaran,Margarine Blue Band,2026-10-11,11000.0
Pasar Pasalaran,Margarine Blue Band,2026-10-12,11000.0
Pasar Pasalaran,Margarine Blue Band,2026-10-13,11000.0
Pasar Pasalaran,Margarine Blue Band,2026-10-14,11000.0
Pasar Pasalaran,Margarine Blue Band,2026-10-15,11000.0
Pasar Pasalaran,Margarine Blue Band,2026-10-16,11000.0
Pasar Pasalaran,Margarine Blue Band,2026-10-17,11000.0
Pasar Pasalaran,Margarine Blue Band,2026-10-18,11000.0
Pasar Pasalaran,Margarine Blue Band,2026-10-19,11000.0
Pasar Pasalaran,Margarine Blue Band,2026-10-20,11000.0
Pasar Pasalaran,Margarine Blue Band,2026-10-21,11000.0
Pasar Pasalaran,Margarine Blue Band,2026-10-22,11000.0
Pasar Pasalaran,Margarine Simas,2026-10-09,6500.0
Pasar Pasalaran,Margarine Simas,2026-10-10,6500.0
Pasar Pasalaran,Margarine Simas,2026-10-11,6500.0
Pasar Pasalaran,Margarine Simas,2026-10-12,6500.0
Pasar Pasalaran,Margarine Simas,2026-10-13,6500.0
Pasar Pasalaran,Margarine Simas,2026-10-14,6500.0
Pasar Pasalaran,Margarine Simas,2026-10-15,6500.0
Pasar Pasalaran,Margarine Simas,2026-10-16,6500.0
Pasar Pasalaran,Margarine Simas,2026-10-17,6500.0
Pasar Pasalaran,Margarine Simas,2026-10-18,6500.0
Pasar Pasalaran,Margarine Simas,2026-10-19,6500.0
Pasar Pasalaran,Margarine Simas,2026-10-20,6500.0
Pasar Pasalaran,Margarine Simas,2026-10-21,6500.0
Pasar Pasalaran,Margarine Simas,2026-10-22,6500.0
Pasar Pasalaran,Mie Instan Sedaap Soto,2026-10-09,32000.0
Pasar Pasalaran,Mie Instan Sedaap Soto,2026-10-10,32000.0
Pasar Pasalaran,Mie Instan Sedaap Soto,2026-10-11,32000.0
Pasar Pasalaran,Mie Instan Sedaap Soto,2026-10-12,32000.0
Pasar Pasalaran,Mie Instan Sedaap Soto,2026-10-13,32000.0
Pasar Pasalaran,Mie Instan Sedaap Soto,2026-10-14,32000.0
Pasar Pasalaran,Mie Instan Sedaap Soto,2026-10-15,32000.0
Pasar Pasalaran,Mie Instan Sedaap Soto,2026-10-16,32000.0
Pasar Pasalaran,Mie Instan Sedaap Soto,2026-10-17,32000.0
Pasar Pasalaran,Mie Instan Sedaap Soto,2026-10-18,32000.0
Pasar Pasalaran,Mie Instan Sedaap Soto,2026-10-19,32000.0
Pasar Pasalaran,Mie Instan Sedaap Soto,2026-10-20,32000.0
Pasar Pasalaran,Mie Instan Sedaap Soto,2026-10-21,32000.0
Pasar Pasalaran,Mie Instan Sedaap Soto,2026-10-22,32000.0
Pasar Pasalaran,Minyak Goreng Bimoli,2026-10-09,21000.0
Pasar Pasalaran,Minyak Goreng Bimoli,2026-10-10,21000.0
Pasar Pasalaran,Minyak Goreng Bimoli,2026-10-11,21000.0
Pasar Pasalaran,Minyak Goreng Bimoli,2026-10-12,21000.0
Pasar Pasalaran,Minyak Goreng Bimoli,2026-10-13,21000.0
Pasar Pasalaran,Minyak Goreng Bimoli,2026-10-14,21000.0
Pasar Pasalaran,Minyak Goreng Bimoli,2026-10-15,21000.0
Pasar Pasalaran,Minyak Goreng Bimoli,2026-10-16,21000.0
Pasar Pasalaran,Minyak Goreng Bimoli,2026-10-17,21000.0
Pasar Pasalaran,Minyak Goreng Bimoli,2026-10-18,21000.0
Pasar Pasalaran,Minyak Goreng Bimoli,2026-10-19,21000.0
Pasar Pasalaran,Minyak Goreng Bimoli,2026-10-20,21000.0
Pasar Pasalaran,Minyak Goreng Bimoli,2026-10-21,21000.0
Pasar Pasalaran,Minyak Goreng Bimoli,2026-10-22,21000.0
Pasar Pasalaran,Minyak Goreng Curah,2026-10-09,21500.0
Pasar Pasalaran,Minyak Goreng Curah,2026-10-10,21500.0
Pasar Pasalaran,Minyak Goreng Curah,2026-10-11,21500.0
Pasar Pasalaran,Minyak Goreng Curah,2026-10-12,21500.0
Pasar Pasalaran,Minyak Goreng Curah,2026-10-13,21500.0
Pasar Pasalaran,Minyak Goreng Curah,2026-10-14,21500.0
Pasar Pasalaran,Minyak Goreng Curah,2026-10-15,21500.0
Pasar Pasalaran,Minyak Goreng Curah,2026-10-16,21500.0
Pasar Pasalaran,Minyak Goreng Curah,2026-10-17,21500.0
Pasar Pasalaran,Minyak Goreng Curah,2026-10-18,21000.0
Pasar Pasalaran,Minyak Goreng Curah,2026-10-19,21500.0
Pasar Pasalaran,Minyak Goreng Curah,2026-10-20,21500.0
Pasar Pasalaran,Minyak Goreng Curah,2026-10-21,21500.0
Pasar Pasalaran,Minyak Goreng Curah,2026-10-22,21500.0
Pasar Pasalaran,Minyak Goreng Filma,2026-10-09,17000.0
Pasar Pasalaran,Minyak Goreng Filma,2026-10-10,17000.0
Pasar Pasalaran,Minyak Goreng Filma,2026-10-11,17000.0
Pasar Pasalaran,Minyak Goreng Filma,2026-10-12,17000.0
Pasar Pasalaran,Minyak Goreng Filma,2026-10-13,17000.0
Pasar Pasalaran,Minyak Goreng Filma,2026-10-14,17000.0
Pasar Pasalaran,Minyak Goreng Filma,2026-10-15,17000.0
Pasar Pasalaran,Minyak Goreng Filma,2026-10-16,17000.0
Pasar Pasalaran,Minyak Goreng Filma,2026-10-17,17000.0
Pasar Pasalaran,Minyak Goreng Filma,2026-10-18,17000.0
Pasar Pasalaran,Minyak Goreng Filma,2026-10-19,17000.0
Pasar Pasalaran,Minyak Goreng Filma,2026-10-20,17000.0
Pasar Pasalaran,Minyak Goreng Filma,2026-10-21,17000.0
Pasar Pasalaran,Minyak Goreng Filma,2026-10-22,17000.0
Pasar Pasalaran,Minyak Goreng Kemasan Sederhana,2026-10-09,15500.0
Pasar Pasalaran,Minyak Goreng Kemasan Sederhana,2026-10-10,15500.0
Pasar Pasalaran,Minyak Goreng Kemasan Sederhana,2026-10-11,15500.0
Pasar Pasalaran,Minyak Goreng Kemasan Sederhana,2026-10-12,15500.0
Pasar Pasalaran,Minyak Goreng Kemasan Sederhana,2026-10-13,15500.0
Pasar Pasalaran,Minyak Goreng Kemasan Sederhana,2026-10-14,15500.0
Pasar Pasalaran,Minyak Goreng Kemasan Sederhana,2026-10-15,15500.0
Pasar Pasalaran,Minyak Goreng Kemasan Sederhana,2026-10-16,15500.0
Pasar Pasalaran,Minyak Goreng Kemasan Sederhana,2026-10-17,15500.0
Pasar Pasalaran,Minyak Goreng Kemasan Sederhana,2026-10-18,15500.0
Pasar Pasalaran,Minyak Goreng Kemasan Sederhana,2026-10-19,15500.0
Pasar Pasalaran,Minyak Goreng Kemasan Sederhana,2026-10-20,15500.0
Pasar Pasalaran,Minyak Goreng Kemasan Sederhana,2026-10-21,15500.0
Pasar Pasalaran,Minyak Goreng Kemasan Sederhana,2026-10-22,15500.0
Pasar Pasalaran,Minyak Goreng Tropical,2026-10-09,21500.0
Pasar Pasalaran,Minyak Goreng Tropical,2026-10-10,21500.0
Pasar Pasalaran,Minyak Goreng Tropical,2026-10-11,21500.0
Pasar Pasalaran,Minyak Goreng Tropical,2026-10-12,21500.0
Pasar Pasalaran,Minyak Goreng Tropical,2026-10-13,21500.0
Pasar Pasalaran,Minyak Goreng Tropical,2026-10-14,21500.0
Pasar Pasalaran,Minyak Goreng Tropical,2026-10-15,21500.0
Pasar Pasalaran,Minyak Goreng Tropical,2026-10-16,21500.0
Pasar Pasalaran,Minyak Goreng Tropical,2026-10-17,21500.0
Pasar Pasalaran,Minyak Goreng Tropical,2026-10-18,21000.0
Pasar Pasalaran,Minyak Goreng Tropical,2026-10-19,21000.0
Pasar Pasalaran,Minyak Goreng Tropical,2026-10-20,21000.0
Pasar Pasalaran,Minyak Goreng Tropical,2026-10-21,21000.0
Pasar Pasalaran,Minyak Goreng Tropical,2026-10-22,21000.0
Pasar Pasalaran,Sawi Hijau,2026-10-09,9000.0
Pasar Pasalaran,Sawi Hijau,2026-10-10,8500.0
Pasar Pasalaran,Sawi Hijau,2026-10-11,9000.0
Pasar Pasalaran,Sawi Hijau,2026-10-12,8500.0
Pasar Pasalaran,Sawi Hijau,2026-10-13,8500.0
Pasar Pasalaran,Sawi Hijau,2026-10-14,8500.0
Pasar Pasalaran,Sawi Hijau,2026-10-15,8500.0
Pasar Pasalaran,Sawi Hijau,2026-10-16,8500.0
Pasar Pasalaran,Sawi Hijau,2026-10-17,8500.0
Pasar Pasalaran,Sawi Hijau,2026-10-18,8000.0
Pasar Pasalaran,Sawi Hijau,2026-10-19,8500.0
Pasar Pasalaran,Sawi Hijau,2026-10-20,8000.0
Pasar Pasalaran,Sawi Hijau,2026-10-21,8000.0
Pasar Pasalaran,Sawi Hijau,2026-10-22,7500.0
Pasar Pasalaran,Sawi Petsay,2026-10-09,8000.0
Pasar Pasalaran,Sawi Petsay,2026-10-10,8000.0
Pasar Pasalaran,Sawi Petsay,2026-10-11,8000.0
Pasar Pasalaran,Sawi Petsay,2026-10-12,8000.0
Pasar Pasalaran,Sawi Petsay,2026-10-13,8000.0
Pasar Pasalaran,Sawi Petsay,2026-10-14,8000.0
Pasar Pasalaran,Sawi Petsay,2026-10-15,8000.0
Pasar Pasalaran,Sawi Petsay,2026-10-16,8000.0
Pasar Pasalaran,Sawi Petsay,2026-10-17,8000.0
Pasar Pasalaran,Sawi Petsay,2026-10-18,8000.0
Pasar Pasalaran,Sawi Petsay,2026-10-19,8000.0
Pasar Pasalaran,Sawi Petsay,2026-10-20,8000.0
Pasar Pasalaran,Sawi Petsay,2026-10-21,8000.0
Pasar Pasalaran,Sawi Petsay,2026-10-22,8000.0
Pasar Pasalaran,Segitiga Biru,2026-10-09,11500.0
Pasar Pasalaran,Segitiga Biru,2026-10-10,11500.0
Pasar Pasalaran,Segitiga Biru,2026-10-11,11500.0
Pasar Pasalaran,Segitiga Biru,2026-10-12,11500.0
Pasar Pasalaran,Segitiga Biru,2026-10-13,11500.0
Pasar Pasalaran,Segitiga Biru,2026-10-14,11500.0
Pasar Pasalaran,Segitiga Biru,2026-10-15,11500.0
Pasar Pasalaran,Segitiga Biru,2026-10-16,11500.0
Pasar Pasalaran,Segitiga Biru,2026-10-17,11500.0
Pasar Pasalaran,Segitiga Biru,2026-10-18,11500.0
Pasar Pasalaran,Segitiga Biru,2026-10-19,11500.0
Pasar Pasalaran,Segitiga Biru,2026-10-20,11500.0
Pasar Pasalaran,Segitiga Biru,2026-10-21,11500.0
Pasar Pasalaran,Segitiga Biru,2026-10-22,11500.0
Pasar Pasalaran,Singkong,2026-10-09,6000.0
Pasar Pasalaran,Singkong,2026-10-10,6000.0
Pasar Pasalaran,Singkong,2026-10-11,6000.0
Pasar Pasalaran,Singkong,2026-10-12,6000.0
Pasar Pasalaran,Singkong,2026-10-13,6000.0
Pasar Pasalaran,Singkong,2026-10-14,5500.0
Pasar Pasalaran,Singkong,2026-10-15,5000.0
Pasar Pasalaran,Singkong,2026-10-16,5000.0
Pasar Pasalaran,Singkong,2026-10-17,5000.0
Pasar Pasalaran,Singkong,2026-10-18,7000.0
Pasar Pasalaran,Singkong,2026-10-19,5500.0
Pasar Pasalaran,Singkong,2026-10-20,6000.0
Pasar Pasalaran,Singkong,2026-10-21,5500.0
Pasar Pasalaran,Singkong,2026-10-22,5500.0
Pasar Pasalaran,Susu Bubuk Dancow Putih,2026-10-09,57000.0
Pasar Pasalaran,Susu Bubuk Dancow Putih,2026-10-10,57000.0
Pasar Pasalaran,Susu Bubuk Dancow Putih,2026-10-11,57000.0
Pasar Pasalaran,Susu Bubuk Dancow Putih,2026-10-12,57000.0
Pasar Pasalaran,Susu Bubuk Dancow Putih,2026-10-13,57000.0
Pasar Pasalaran,Susu Bubuk Dancow Putih,2026-10-14,57000.0
Pasar Pasalaran,Susu Bubuk Dancow Putih,2026-10-15,57000.0
Pasar Pasalaran,Susu Bubuk Dancow Putih,2026-10-16,57000.0
Pasar Pasalaran,Susu Bubuk Dancow Putih,2026-10-17,57000.0
Pasar Pasalaran,Susu Bubuk Dancow Putih,2026-10-18,57000.0
Pasar Pasalaran,Susu Bubuk Dancow Putih,2026-10-19,57000.0
Pasar Pasalaran,Susu Bubuk Dancow Putih,2026-10-20,57000.0
Pasar Pasalaran,Susu Bubuk Dancow Putih,2026-10-21,57000.0
Pasar Pasalaran,Susu Bubuk Dancow Putih,2026-10-22,57000.0
Pasar Pasalaran,Susu Kental Manis Bendera Cokelat,2026-10-09,12000.0
Pasar Pasalaran,Susu Kental Manis Bendera Cokelat,2026-10-10,12000.0
Pasar Pasalaran,Susu Kental Manis Bendera Cokelat,2026-10-11,12000.0
Pasar Pasalaran,Susu Kental Manis Bendera Cokelat,2026-10-12,12000.0
Pasar Pasalaran,Susu Kental Manis Bendera Cokelat,2026-10-13,12000.0
Pasar Pasalaran,Susu Kental Manis Bendera Cokelat,2026-10-14,12000.0
Pasar Pasalaran,Susu Kental Manis Bendera Cokelat,2026-10-15,12000.0
Pasar Pasalaran,Susu Kental Manis Bendera Cokelat,2026-10-16,12000.0
Pasar Pasalaran,Susu Kental Manis Bendera Cokelat,2026-10-17,12000.0
Pasar Pasalaran,Susu Kental Manis Bendera Cokelat,2026-10-18,12000.0
Pasar Pasalaran,Susu Kental Manis Bendera Cokelat,2026-10-19,12000.0
Pasar Pasalaran,Susu Kental Manis Bendera Cokelat,2026-10-20,12000.0
Pasar Pasalaran,Susu Kental Manis Bendera Cokelat,2026-10-21,12000.0
Pasar Pasalaran,Susu Kental Manis Bendera Cokelat,2026-10-22,12000.0
Pasar Pasalaran,Susu Kental Manis Bendera Putih,2026-10-09,12000.0
Pasar Pasalaran,Susu Kental Manis Bendera Putih,2026-10-10,12000.0
Pasar Pasalaran,Susu Kental Manis Bendera Putih,2026-10-11,12000.0
Pasar Pasalaran,Susu Kental Manis Bendera Putih,2026-10-12,12000.0
Pasar Pasalaran,Susu Kental Manis Bendera Putih,2026-10-13,12000.0
Pasar Pasalaran,Susu Kental Manis Bendera Putih,2026-10-14,12000.0
Pasar Pasalaran,Susu Kental Manis Bendera Putih,2026-10-15,12000.0
Pasar Pasalaran,Susu Kental Manis Bendera Putih,2026-10-16,12000.0
Pasar Pasalaran,Susu Kental Manis Bendera Putih,2026-10-17,12000.0
Pasar Pasalaran,Susu Kental Manis Bendera Putih,2026-10-18,12000.0
Pasar Pasalaran,Susu Kental Manis Bendera Putih,2026-10-19,12000.0
Pasar Pasalaran,Susu Kental Manis Bendera Putih,2026-10-20,12000.0
Pasar Pasalaran,Susu Kental Manis Bendera Putih,2026-10-21,12000.0
Pasar Pasalaran,Susu Kental Manis Bendera Putih,2026-10-22,12000.0
Pasar Pasalaran,Susu Kental Manis Indomilk,2026-10-09,12000.0
Pasar Pasalaran,Susu Kental Manis Indomilk,2026-10-10,12000.0
Pasar Pasalaran,Susu Kental Manis Indomilk,2026-10-11,12000.0
Pasar Pasalaran,Susu Kental Manis Indomilk,2026-10-12,12000.0
Pasar Pasalaran,Susu Kental Manis Indomilk,2026-10-13,12000.0
Pasar Pasalaran,Susu Kental Manis Indomilk,2026-10-14,12000.0
Pasar Pasalaran,Susu Kental Manis Indomilk,2026-10-15,12000.0
Pasar Pasalaran,Susu Kental Manis Indomilk,2026-10-16,12000.0
Pasar Pasalaran,Susu Kental Manis Indomilk,2026-10-17,12000.0
Pasar Pasalaran,Susu Kental Manis Indomilk,2026-10-18,12000.0
Pasar Pasalaran,Susu Kental Manis Indomilk,2026-10-19,12000.0
Pasar Pasalaran,Susu Kental Manis Indomilk,2026-10-20,12000.0
Pasar Pasalaran,Susu Kental Manis Indomilk,2026-10-21,12000.0
Pasar Pasalaran,Susu Kental Manis Indomilk,2026-10-22,12000.0
Pasar Pasalaran,Telur Ayam Broiler,2026-10-09,26000.0
Pasar Pasalaran,Telur Ayam Broiler,2026-10-10,26000.0
Pasar Pasalaran,Telur Ayam Broiler,2026-10-11,26000.0
Pasar Pasalaran,Telur Ayam Broiler,2026-10-12,26000.0
Pasar Pasalaran,Telur Ayam Broiler,2026-10-13,26000.0
Pasar Pasalaran,Telur Ayam Broiler,2026-10-14,26000.0
Pasar Pasalaran,Telur Ayam Broiler,2026-10-15,26500.0
Pasar Pasalaran,Telur Ayam Broiler,2026-10-16,26500.0
Pasar Pasalaran,Telur Ayam Broiler,2026-10-17,26000.0
Pasar Pasalaran,Telur Ayam Broiler,2026-10-18,26000.0
Pasar Pasalaran,Telur Ayam Broiler,2026-10-19,26000.0
Pasar Pasalaran,Telur Ayam Broiler,2026-10-20,26500.0
Pasar Pasalaran,Telur Ayam Broiler,2026-10-21,26500.0
Pasar Pasalaran,Telur Ayam Broiler,2026-10-22,26000.0
Pasar Pasalaran,Susu Kental Manis Indomilk Cokelat,2026-10-09,12000.0
Pasar Pasalaran,Susu Kental Manis Indomilk Cokelat,2026-10-10,12000.0
Pasar Pasalaran,Susu Kental Manis Indomilk Cokelat,2026-10-11,12000.0
Pasar Pasalaran,Susu Kental Manis Indomilk Cokelat,2026-10-12,12000.0
Pasar Pasalaran,Susu Kental Manis Indomilk Cokelat,2026-10-13,12000.0
Pasar Pasalaran,Susu Kental Manis Indomilk Cokelat,2026-10-14,12000.0
Pasar Pasalaran,Susu Kental Manis Indomilk Cokelat,2026-10-15,12000.0
Pasar Pasalaran,Susu Kental Manis Indomilk Cokelat,2026-10-16,12000.0
Pasar Pasalaran,Susu Kental Manis Indomilk Cokelat,2026-10-17,12000.0
Pasar Pasalaran,Susu Kental Manis Indomilk Cokelat,2026-10-18,12000.0
Pasar Pasalaran,Susu Kental Manis Indomilk Cokelat,2026-10-19,12000.0
Pasar Pasalaran,Susu Kental Manis Indomilk Cokelat,2026-10-20,12000.0
Pasar Pasalaran,Susu Kental Manis Indomilk Cokelat,2026-10-21,12000.0
Pasar Pasalaran,Susu Kental Manis Indomilk Cokelat,2026-10-22,12000.0
Pasar Pasalaran,Telur Ayam Kampung,2026-10-09,29000.0
Pasar Pasalaran,Telur Ayam Kampung,2026-10-10,29000.0
Pasar Pasalaran,Telur Ayam Kampung,2026-10-11,29000.0
Pasar Pasalaran,Telur Ayam Kampung,2026-10-12,29000.0
Pasar Pasalaran,Telur Ayam Kampung,2026-10-13,29000.0
Pasar Pasalaran,Telur Ayam Kampung,2026-10-14,29000.0
Pasar Pasalaran,Telur Ayam Kampung,2026-10-15,29000.0
Pasar Pasalaran,Telur Ayam Kampung,2026-10-16,29000.0
Pasar Pasalaran,Telur Ayam Kampung,2026-10-17,29000.0
Pasar Pasalaran,Telur Ayam Kampung,2026-10-18,29000.0
Pasar Pasalaran,Telur Ayam Kampung,2026-10-19,29000.0
Pasar Pasalaran,Telur Ayam Kampung,2026-10-20,29000.0
Pasar Pasalaran,Telur Ayam Kampung,2026-10-21,29000.0
Pasar Pasalaran,Telur Ayam Kampung,2026-10-22,29000.0
Pasar Pasalaran,Teri Medan Basah,2026-10-09,80000.0
Pasar Pasalaran,Teri Medan Basah,2026-10-10,80000.0
Pasar Pasalaran,Teri Medan Basah,2026-10-11,80000.0
Pasar Pasalaran,Teri Medan Basah,2026-10-12,80000.0
Pasar Pasalaran,Teri Medan Basah,2026-10-13,80000.0
Pasar Pasalaran,Teri Medan Basah,2026-10-14,80000.0
Pasar Pasalaran,Teri Medan Basah,2026-10-15,80000.0
Pasar Pasalaran,Teri Medan Basah,2026-10-16,80000.0
Pasar Pasalaran,Teri Medan Basah,2026-10-17,80000.0
Pasar Pasalaran,Teri Medan Basah,2026-10-18,80000.0
Pasar Pasalaran,Teri Medan Basah,2026-10-19,80000.0
Pasar Pasalaran,Teri Medan Basah,2026-10-20,80000.0
Pasar Pasalaran,Teri Medan Basah,2026-10-21,80000.0
Pasar Pasalaran,Teri Medan Basah,2026-10-22,80000.0
Pasar Pasalaran,Telur Bebek Asin,2026-10-09,30000.0
Pasar Pasalaran,Telur Bebek Asin,2026-10-10,30000.0
Pasar Pasalaran,Telur Bebek Asin,2026-10-11,30000.0
Pasar Pasalaran,Telur Bebek Asin,2026-10-12,30000.0
Pasar Pasalaran,Telur Bebek Asin,2026-10-13,30000.0
Pasar Pasalaran,Telur Bebek Asin,2026-10-14,30000.0
Pasar Pasalaran,Telur Bebek Asin,2026-10-15,30000.0
Pasar Pasalaran,Telur Bebek Asin,2026-10-16,30000.0
Pasar Pasalaran,Telur Bebek Asin,2026-10-17,30000.0
Pasar Pasalaran,Telur Bebek Asin,2026-10-18,30000.0
Pasar Pasalaran,Telur Bebek Asin,2026-10-19,30000.0
Pasar Pasalaran,Telur Bebek Asin,2026-10-20,30000.0
Pasar Pasalaran,Telur Bebek Asin,2026-10-21,30000.0
Pasar Pasalaran,Telur Bebek Asin,2026-10-22,30000.0
Pasar Pasalaran,Telur Bebek Mentah,2026-10-09,28000.0
Pasar Pasalaran,Telur Bebek Mentah,2026-10-10,28000.0
Pasar Pasalaran,Telur Bebek Mentah,2026-10-11,28000.0
Pasar Pasalaran,Telur Bebek Mentah,2026-10-12,28000.0
Pasar Pasalaran,Telur Bebek Mentah,2026-10-13,28000.0
Pasar Pasalaran,Telur Bebek Mentah,2026-10-14,28000.0
Pasar Pasalaran,Telur Bebek Mentah,2026-10-15,28000.0
Pasar Pasalaran,Telur Bebek Mentah,2026-10-16,28000.0
Pasar Pasalaran,Telur Bebek Mentah,2026-10-17,28000.0
Pasar Pasalaran,Telur Bebek Mentah,2026-10-18,28000.0
Pasar Pasalaran,Telur Bebek Mentah,2026-10-19,28000.0
Pasar Pasalaran,Telur Bebek Mentah,2026-10-20,28000.0
Pasar Pasalaran,Telur Bebek Mentah,2026-10-21,28000.0
Pasar Pasalaran,Telur Bebek Mentah,2026-10-22,28000.0
Pasar Pasalaran,Tepung Terigu Kunci Biru,2026-10-09,9000.0
Pasar Pasalaran,Tepung Terigu Kunci Biru,2026-10-10,9000.0
Pasar Pasalaran,Tepung Terigu Kunci Biru,2026-10-11,9000.0
Pasar Pasalaran,Tepung Terigu Kunci Biru,2026-10-12,9000.0
Pasar Pasalaran,Tepung Terigu Kunci Biru,2026-10-13,9000.0
Pasar Pasalaran,Tepung Terigu Kunci Biru,2026-10-14,9000.0
Pasar Pasalaran,Tepung Terigu Kunci Biru,2026-10-15,9000.0
Pasar Pasalaran,Tepung Terigu Kunci Biru,2026-10-16,9000.0
Pasar Pasalaran,Tepung Terigu Kunci Biru,2026-10-17,9000.0
Pasar Pasalaran,Tepung Terigu Kunci Biru,2026-10-18,9000.0
Pasar Pasalaran,Tepung Terigu Kunci Biru,2026-10-19,9000.0
Pasar Pasalaran,Tepung Terigu Kunci Biru,2026-10-20,9000.0
Pasar Pasalaran,Tepung Terigu Kunci Biru,2026-10-21,9000.0
Pasar Pasalaran,Tepung Terigu Kunci Biru,2026-10-22,9000.0
Pasar Pasalaran,Tepung Terigu Segi Tiga Biru,2026-10-09,11000.0
Pasar Pasalaran,Tepung Terigu Segi Tiga Biru,2026-10-10,11000.0
Pasar Pasalaran,Tepung Terigu Segi Tiga Biru,2026-10-11,11000.0
Pasar Pasalaran,Tepung Terigu Segi Tiga Biru,2026-10-12,11000.0
Pasar Pasalaran,Tepung Terigu Segi Tiga Biru,2026-10-13,11000.0
Pasar Pasalaran,Tepung Terigu Segi Tiga Biru,2026-10-14,11000.0
Pasar Pasalaran,Tepung Terigu Segi Tiga Biru,2026-10-15,11000.0
Pasar Pasalaran,Tepung Terigu Segi Tiga Biru,2026-10-16,11000.0
Pasar Pasalaran,Tepung Terigu Segi Tiga Biru,2026-10-17,11000.0
Pasar Pasalaran,Tepung Terigu Segi Tiga Biru,2026-10-18,11000.0
Pasar Pasalaran,Tepung Terigu Segi Tiga Biru,2026-10-19,11000.0
Pasar Pasalaran,Tepung Terigu Segi Tiga Biru,2026-10-20,11000.0
Pasar Pasalaran,Tepung Terigu Segi Tiga Biru,2026-10-21,11000.0
Pasar Pasalaran,Tepung Terigu Segi Tiga Biru,2026-10-22,11000.0
Pasar Pasalaran,Teri Medan Kering,2026-10-09,80000.0
Pasar Pasalaran,Teri Medan Kering,2026-10-10,80000.0
Pasar Pasalaran,Teri Medan Kering,2026-10-11,80000.0
Pasar Pasalaran,Teri Medan Kering,2026-10-12,80000.0
Pasar Pasalaran,Teri Medan Kering,2026-10-13,80000.0
Pasar Pasalaran,Teri Medan Kering,2026-10-14,80000.0
Pasar Pasalaran,Teri Medan Kering,2026-10-15,80000.0
Pasar Pasalaran,Teri Medan Kering,2026-10-16,80000.0
Pasar Pasalaran,Teri Medan Kering,2026-10-17,80000.0
Pasar Pasalaran,Teri Medan Kering,2026-10-18,80000.0
Pasar Pasalaran,Teri Medan Kering,2026-10-19,80000.0
Pasar Pasalaran,Teri Medan Kering,2026-10-20,80000.0
Pasar Pasalaran,Teri Medan Kering,2026-10-21,80000.0
Pasar Pasalaran,Teri Medan Kering,2026-10-22,80000.0
Pasar Pasalaran,Tomat Buah,2026-10-09,13000.0
Pasar Pasalaran,Tomat Buah,2026-10-10,12500.0
Pasar Pasalaran,Tomat Buah,2026-10-11,12500.0
Pasar Pasalaran,Tomat Buah,2026-10-12,13000.0
Pasar Pasalaran,Tomat Buah,2026-10-13,12000.0
Pasar Pasalaran,Tomat Buah,2026-10-14,13000.0
Pasar Pasalaran,Tomat Buah,2026-10-15,12500.0
Pasar Pasalaran,Tomat Buah,2026-10-16,12500.0
Pasar Pasalaran,Tomat Buah,2026-10-17,12000.0
Pasar Pasalaran,Tomat Buah,2026-10-18,12500.0
Pasar Pasalaran,Tomat Buah,2026-10-19,12000.0
Pasar Pasalaran,Tomat Buah,2026-10-20,12000.0
Pasar Pasalaran,Tomat Buah,2026-10-21,11500.0
Pasar Pasalaran,Tomat Buah,2026-10-22,11500.0
Pasar Pasalaran,Tomat Sayur,2026-10-09,8500.0
Pasar Pasalaran,Tomat Sayur,2026-10-10,9000.0
Pasar Pasalaran,Tomat Sayur,2026-10-11,10000.0
Pasar Pasalaran,Tomat Sayur,2026-10-12,10000.0
Pasar Pasalaran,Tomat Sayur,2026-10-13,9500.0
Pasar Pasalaran,Tomat Sayur,2026-10-14,10000.0
Pasar Pasalaran,Tomat Sayur,2026-10-15,10000.0
Pasar Pasalaran,Tomat Sayur,2026-10-16,10500.0
Pasar Pasalaran,Tomat Sayur,2026-10-17,11000.0
Pasar Pasalaran,Tomat Sayur,2026-10-18,11000.0
Pasar Pasalaran,Tomat Sayur,2026-10-19,11500.0
Pasar Pasalaran,Tomat Sayur,2026-10-20,11500.0
Pasar Pasalaran,Tomat Sayur,2026-10-21,11500.0
Pasar Pasalaran,Tomat Sayur,2026-10-22,11500.0
Pasar Sumber,Beras Bulog Premium,2026-10-09,
Pasar Sumber,Beras Bulog Premium,2026-10-10,
Pasar Sumber,Beras Bulog Premium,2026-10-11,
Pasar Sumber,Beras Bulog Premium,2026-10-12,
Pasar Sumber,Beras Bulog Premium,2026-10-13,
Pasar Sumber,Beras Bulog Premium,2026-10-14,
Pasar Sumber,Beras Bulog Premium,2026-10-15,
Pasar Sumber,Beras Bulog Premium,2026-10-16,
Pasar Sumber,Beras Bulog Premium,2026-10-17,
Pasar Sumber,Beras Bulog Premium,2026-10-18,
Pasar Sumber,Beras Bulog Premium,2026-10-19,
Pasar Sumber,Beras Bulog Premium,2026-10-20,
Pasar Sumber,Beras Bulog Premium,2026-10-21,
Pasar Sumber,Beras Bulog Premium,2026-10-22,
Pasar Pasalaran,Ubi Jalar,2026-10-09,9500.0
Pasar Pasalaran,Ubi Jalar,2026-10-10,9500.0
Pasar Pasalaran,Ubi Jalar,2026-10-11,10500.0
Pasar Pasalaran,Ubi Jalar,2026-10-12,8500.0
Pasar Pasalaran,Ubi Jalar,2026-10-13,8500.0
Pasar Pasalaran,Ubi Jalar,2026-10-14,8500.0
Pasar Pasalaran,Ubi Jalar,2026-10-15,8500.0
Pasar Pasalaran,Ubi Jalar,2026-10-16,8500.0
Pasar Pasalaran,Ubi Jalar,2026-10-17,8500.0
Pasar Pasalaran,Ubi Jalar,2026-10-18,12000.0
Pasar Pasalaran,Ubi Jalar,2026-10-19,9000.0
Pasar Pasalaran,Ubi Jalar,2026-10-20,8000.0
Pasar Pasalaran,Ubi Jalar,2026-10-21,8000.0
Pasar Pasalaran,Ubi Jalar,2026-10-22,8000.0
Pasar Pasalaran,Udang,2026-10-09,60000.0
Pasar Pasalaran,Udang,2026-10-10,60000.0
Pasar Pasalaran,Udang,2026-10-11,60000.0
Pasar Pasalaran,Udang,2026-10-12,60000.0
Pasar Pasalaran,Udang,2026-10-13,60000.0
Pasar Pasalaran,Udang,2026-10-14,60000.0
Pasar Pasalaran,Udang,2026-10-15,60000.0
Pasar Pasalaran,Udang,2026-10-16,60000.0
Pasar Pasalaran,Udang,2026-10-17,60000.0
Pasar Pasalaran,Udang,2026-10-18,60000.0
Pasar Pasalaran,Udang,2026-10-19,60000.0
Pasar Pasalaran,Udang,2026-10-20,60000.0
Pasar Pasalaran,Udang,2026-10-21,60000.0
Pasar Pasalaran,Udang,2026-10-22,60000.0
Pasar Pasalaran,Wortel,2026-10-09,15000.0
Pasar Pasalaran,Wortel,2026-10-10,15000.0
Pasar Pasalaran,Wortel,2026-10-11,15000.0
Pasar Pasalaran,Wortel,2026-10-12,15000.0
Pasar Pasalaran,Wortel,2026-10-13,15000.0
Pasar Pasalaran,Wortel,2026-10-14,15000.0
Pasar Pasalaran,Wortel,2026-10-15,15000.0
Pasar Pasalaran,Wortel,2026-10-16,15000.0
Pasar Pasalaran,Wortel,2026-10-17,15000.0
Pasar Pasalaran,Wortel,2026-10-18,15000.0
Pasar Pasalaran,Wortel,2026-10-19,15000.0
Pasar Pasalaran,Wortel,2026-10-20,15500.0
Pasar Pasalaran,Wortel,2026-10-21,15000.0
Pasar Pasalaran,Wortel,2026-10-22,15000.0
Pasar Sumber,Bawang Bombay,2026-10-09,44000.0
Pasar Sumber,Bawang Bombay,2026-10-10,44000.0
Pasar Sumber,Bawang Bombay,2026-10-11,44500.0
Pasar Sumber,Bawang Bombay,2026-10-12,44000.0
Pasar Sumber,Bawang Bombay,2026-10-13,44500.0
Pasar Sumber,Bawang Bombay,2026-10-14,44500.0
Pasar Sumber,Bawang Bombay,2026-10-15,44500.0
Pasar Sumber,Bawang Bombay,2026-10-16,44000.0
Pasar Sumber,Bawang Bombay,2026-10-17,44500.0
Pasar Sumber,Bawang Bombay,2026-10-18,44500.0
Pasar Sumber,Bawang Bombay,2026-10-19,44500.0
Pasar Sumber,Bawang Bombay,2026-10-20,44000.0
Pasar Sumber,Bawang Bombay,2026-10-21,44000.0
Pasar Sumber,Bawang Bombay,2026-10-22,44000.0
Pasar Sumber,Bawang Merah,2026-10-09,30000.0
Pasar Sumber,Bawang Merah,2026-10-10,30000.0
Pasar Sumber,Bawang Merah,2026-10-11,30000.0
Pasar Sumber,Bawang Merah,2026-10-12,30000.0
Pasar Sumber,Bawang Merah,2026-10-13,30000.0
Pasar Sumber,Bawang Merah,2026-10-14,30000.0
Pasar Sumber,Bawang Merah,2026-10-15,30000.0
Pasar Sumber,Bawang Merah,2026-10-16,30000.0
Pasar Sumber,Bawang Merah,2026-10-17,30000.0
Pasar Sumber,Bawang Merah,2026-10-18,29500.0
Pasar Sumber,Bawang Merah,2026-10-19,30000.0
Pasar Sumber,Bawang Merah,2026-10-20,30500.0
Pasar Sumber,Bawang Merah,2026-10-21,30000.0
Pasar Sumber,Bawang Merah,2026-10-22,30500.0
Pasar Sumber,Bawang Putih,2026-10-09,32000.0
Pasar Sumber,Bawang Putih,2026-10-10,32000.0
Pasar Sumber,Bawang Putih,2026-10-11,32000.0
Pasar Sumber,Bawang Putih,2026-10-12,32500.0
Pasar Sumber,Bawang Putih,2026-10-13,32500.0
Pasar Sumber,Bawang Putih,2026-10-14,32500.0
Pasar Sumber,Bawang Putih,2026-10-15,33500.0
Pasar Sumber,Bawang Putih,2026-10-16,33500.0
Pasar Sumber,Bawang Putih,2026-10-17,34000.0
Pasar Sumber,Bawang Putih,2026-10-18,33000.0
Pasar Sumber,Bawang Putih,2026-10-19,33000.0
Pasar Sumber,Bawang Putih,2026-10-20,32500.0
Pasar Sumber,Bawang Putih,2026-10-21,33000.0
Pasar Sumber,Bawang Putih,2026-10-22,33500.0
Pasar Sumber,Bawang putih Katingan,2026-10-09,42000.0
Pasar Sumber,Bawang putih Katingan,2026-10-10,42000.0
Pasar Sumber,Bawang putih Katingan,2026-10-11,42000.0
Pasar Sumber,Bawang putih Katingan,2026-10-12,42000.0
Pasar Sumber,Bawang putih Katingan,2026-10-13,42000.0
Pasar Sumber,Bawang putih Katingan,2026-10-14,42000.0
Pasar Sumber,Bawang putih Katingan,2026-10-15,42000.0
Pasar Sumber,Bawang putih Katingan,2026-10-16,42000.0
Pasar Sumber,Bawang putih Katingan,2026-10-17,42000.0
Pasar Sumber,Bawang putih Katingan,2026-10-18,42000.0
Pasar Sumber,Bawang putih Katingan,2026-10-19,42000.0
Pasar Sumber,Bawang putih Katingan,2026-10-20,42000.0
Pasar Sumber,Bawang putih Katingan,2026-10-21,42500.0
Pasar Sumber,Bawang putih Katingan,2026-10-22,42500.0
Pasar Sumber,Beras Premium Super,2026-10-09,12000.0
Pasar Sumber,Beras Premium Super,2026-10-10,12000.0
Pasar Sumber,Beras Premium Super,2026-10-11,12000.0
Pasar Sumber,Beras Premium Super,2026-10-12,12000.0
Pasar Sumber,Beras Premium Super,2026-10-13,12000.0
Pasar Sumber,Beras Premium Super,2026-10-14,12000.0
Pasar Sumber,Beras Premium Super,2026-10-15,12000.0
Pasar Sumber,Beras Premium Super,2026-10-16,12000.0
Pasar Sumber,Beras Premium Super,2026-10-17,12000.0
Pasar Sumber,Beras Premium Super,2026-10-18,12000.0
Pasar Sumber,Beras Premium Super,2026-10-19,12000.0
Pasar Sumber,Beras Premium Super,2026-10-20,12000.0
Pasar Sumber,Beras Premium Super,2026-10-21,12000.0
Pasar Sumber,Beras Premium Super,2026-10-22,12000.0
Pasar Sumber,Beras Medium,2026-10-09,13000.0
Pasar Sumber,Beras Medium,2026-10-10,13000.0
Pasar Sumber,Beras Medium,2026-10-11,13000.0
Pasar Sumber,Beras Medium,2026-10-12,13000.0
Pasar Sumber,Beras Medium,2026-10-13,13000.0
Pasar Sumber,Beras Medium,2026-10-14,13000.0
Pasar Sumber,Beras Medium,2026-10-15,13000.0
Pasar Sumber,Beras Medium,2026-10-16,13000.0
Pasar Sumber,Beras Medium,2026-10-17,13000.0
Pasar Sumber,Beras Medium,2026-10-18,13000.0
Pasar Sumber,Beras Medium,2026-10-19,13000.0
Pasar Sumber,Beras Medium,2026-10-20,13000.0
Pasar Sumber,Beras Medium,2026-10-21,13000.0
Pasar Sumber,Beras Medium,2026-10-22,13000.0
Pasar Sumber,Beras Premium I,2026-10-09,15500.0
Pasar Sumber,Beras Premium I,2026-10-10,15500.0
Pasar Sumber,Beras Premium I,2026-10-11,15500.0
Pasar Sumber,Beras Premium I,2026-10-12,15500.0
Pasar Sumber,Beras Premium I,2026-10-13,15500.0
Pasar Sumber,Beras Premium I,2026-10-14,15500.0
Pasar Sumber,Beras Premium I,2026-10-15,15500.0
Pasar Sumber,Beras Premium I,2026-10-16,15500.0
Pasar Sumber,Beras Premium I,2026-10-17,15500.0
Pasar Sumber,Beras Premium I,2026-10-18,15500.0
Pasar Sumber,Beras Premium I,2026-10-19,15500.0
Pasar Sumber,Beras Premium I,2026-10-20,15000.0
Pasar Sumber,Beras Premium I,2026-10-21,15000.0
Pasar Sumber,Beras Premium I,2026-10-22,15000.0
Pasar Sumber,Beras Premium II,2026-10-09,12000.0
Pasar Sumber,Beras Premium II,2026-10-10,12000.0
Pasar Sumber,Beras Premium II,2026-10-11,12000.0
Pasar Sumber,Beras Premium II,2026-10-12,12000.0
Pasar Sumber,Beras Premium II,2026-10-13,12000.0
Pasar Sumber,Beras Premium II,2026-10-14,12000.0
Pasar Sumber,Beras Premium II,2026-10-15,12000.0
Pasar Sumber,Beras Premium II,2026-10-16,12000.0
Pasar Sumber,Beras Premium II,2026-10-17,12000.0
Pasar Sumber,Beras Premium II,2026-10-18,12000.0
Pasar Sumber,Beras Premium II,2026-10-19,12000.0
Pasar Sumber,Beras Premium II,2026-10-20,12000.0
Pasar Sumber,Beras Premium II,2026-10-21,12000.0
Pasar Sumber,Beras Premium II,2026-10-22,12000.0
Pasar Sumber,Besi Beton 10 mm,2026-10-09,20000.0
Pasar Sumber,Besi Beton 10 mm,2026-10-10,20000.0
Pasar Sumber,Besi Beton 10 mm,2026-10-11,20000.0
Pasar Sumber,Besi Beton 10 mm,2026-10-12,20000.0
Pasar Sumber,Besi Beton 10 mm,2026-10-13,20000.0
Pasar Sumber,Besi Beton 10 mm,2026-10-14,20000.0
Pasar Sumber,Besi Beton 10 mm,2026-10-15,20000.0
Pasar Sumber,Besi Beton 10 mm,2026-10-16,20000.0
Pasar Sumber,Besi Beton 10 mm,2026-10-17,20000.0
Pasar Sumber,Besi Beton 10 mm,2026-10-18,20000.0
Pasar Sumber,Besi Beton 10 mm,2026-10-19,20000.0
Pasar Sumber,Besi Beton 10 mm,2026-10-20,20000.0
Pasar Sumber,Besi Beton 10 mm,2026-10-21,20000.0
Pasar Sumber,Besi Beton 10 mm,2026-10-22,20000.0
Pasar Sumber,Buncis,2026-10-09,19500.0
Pasar Sumber,Buncis,2026-10-10,19500.0
Pasar Sumber,Buncis,2026-10-11,19500.0
Pasar Sumber,Buncis,2026-10-12,19500.0
Pasar Sumber,Buncis,2026-10-13,19500.0
Pasar Sumber,Buncis,2026-10-14,19500.0
Pasar Sumber,Buncis,2026-10-15,19500.0
Pasar Sumber,Buncis,2026-10-16,19500.0
Pasar Sumber,Buncis,2026-10-17,19500.0
Pasar Sumber,Buncis,2026-10-18,19500.0
Pasar Sumber,Buncis,2026-10-19,20000.0
Pasar Sumber,Buncis,2026-10-20,19000.0
Pasar Sumber,Buncis,2026-10-21,19000.0
Pasar Sumber,Buncis,2026-10-22,19000.0
Pasar Sumber,Cabe Hijau,2026-10-09,20000.0
Pasar Sumber,Cabe Hijau,2026-10-10,20500.0
Pasar Sumber,Cabe Hijau,2026-10-11,20500.0
Pasar Sumber,Cabe Hijau,2026-10-12,20500.0
Pasar Sumber,Cabe Hijau,2026-10-13,20500.0
Pasar Sumber,Cabe Hijau,2026-10-14,21000.0
Pasar Sumber,Cabe Hijau,2026-10-15,21000.0
Pasar Sumber,Cabe Hijau,2026-10-16,21000.0
Pasar Sumber,Cabe Hijau,2026-10-17,21000.0
Pasar Sumber,Cabe Hijau,2026-10-18,20000.0
Pasar Sumber,Cabe Hijau,2026-10-19,22000.0
Pasar Sumber,Cabe Hijau,2026-10-20,22000.0
Pasar Sumber,Cabe Hijau,2026-10-21,21500.0
Pasar Sumber,Cabe Hijau,2026-10-22,22500.0
Pasar Sumber,Cabe Merah Biasa,2026-10-09,44500.0
Pasar Sumber,Cabe Merah Biasa,2026-10-10,44500.0
Pasar Sumber,Cabe Merah Biasa,2026-10-11,43500.0
Pasar Sumber,Cabe Merah Biasa,2026-10-12,45500.0
Pasar Sumber,Cabe Merah Biasa,2026-10-13,43000.0
Pasar Sumber,Cabe Merah Biasa,2026-10-14,41000.0
Pasar Sumber,Cabe Merah Biasa,2026-10-15,40500.0
Pasar Sumber,Cabe Merah Biasa,2026-10-16,39500.0
Pasar Sumber,Cabe Merah Biasa,2026-10-17,40000.0
Pasar Sumber,Cabe Merah Biasa,2026-10-18,39000.0
Pasar Sumber,Cabe Merah Biasa,2026-10-19,39500.0
Pasar Sumber,Cabe Merah Biasa,2026-10-20,40000.0
Pasar Sumber,Cabe Merah Biasa,2026-10-21,42000.0
Pasar Sumber,Cabe Merah Biasa,2026-10-22,44500.0
Pasar Sumber,Cakra Kembar,2026-10-09,20000.0
Pasar Sumber,Cakra Kembar,2026-10-10,20000.0
Pasar Sumber,Cakra Kembar,2026-10-11,20000.0
Pasar Sumber,Cakra Kembar,2026-10-12,20000.0
Pasar Sumber,Cakra Kembar,2026-10-13,20000.0
Pasar Sumber,Cakra Kembar,2026-10-14,20000.0
Pasar Sumber,Cakra Kembar,2026-10-15,20000.0
Pasar Sumber,Cakra Kembar,2026-10-16,20000.0
Pasar Sumber,Cakra Kembar,2026-10-17,20000.0
Pasar Sumber,Cakra Kembar,2026-10-18,20000.0
Pasar Sumber,Cakra Kembar,2026-10-19,20000.0
Pasar Sumber,Cakra Kembar,2026-10-20,20000.0
Pasar Sumber,Cakra Kembar,2026-10-21,20000.0
Pasar Sumber,Cakra Kembar,2026-10-22,20000.0
Pasar Sumber,Cabe Merah Keriting,2026-10-09,46000.0
Pasar Sumber,Cabe Merah Keriting,2026-10-10,45500.0
Pasar Sumber,Cabe Merah Keriting,2026-10-11,45500.0
Pasar Sumber,Cabe Merah Keriting,2026-10-12,46000.0
Pasar Sumber,Cabe Merah Keriting,2026-10-13,46500.0
Pasar Sumber,Cabe Merah Keriting,2026-10-14,46000.0
Pasar Sumber,Cabe Merah Keriting,2026-10-15,47000.0
Pasar Sumber,Cabe Merah Keriting,2026-10-16,47500.0
Pasar Sumber,Cabe Merah Keriting,2026-10-17,47000.0
Pasar Sumber,Cabe Merah Keriting,2026-10-18,47000.0
Pasar Sumber,Cabe Merah Keriting,2026-10-19,48500.0
Pasar Sumber,Cabe Merah Keriting,2026-10-20,50500.0
Pasar Sumber,Cabe Merah Keriting,2026-10-21,51500.0
Pasar Sumber,Cabe Merah Keriting,2026-10-22,52500.0
Pasar Sumber,Cabe Rawit Hijau,2026-10-09,47500.0
Pasar Sumber,Cabe Rawit Hijau,2026-10-10,47500.0
Pasar Sumber,Cabe Rawit Hijau,2026-10-11,47000.0
Pasar Sumber,Cabe Rawit Hijau,2026-10-12,47000.0
Pasar Sumber,Cabe Rawit Hijau,2026-10-13,47500.0
Pasar Sumber,Cabe Rawit Hijau,2026-10-14,48000.0
Pasar Sumber,Cabe Rawit Hijau,2026-10-15,47500.0
Pasar Sumber,Cabe Rawit Hijau,2026-10-16,47000.0
Pasar Sumber,Cabe Rawit Hijau,2026-10-17,47000.0
Pasar Sumber,Cabe Rawit Hijau,2026-10-18,47000.0
Pasar Sumber,Cabe Rawit Hijau,2026-10-19,50000.0
Pasar Sumber,Cabe Rawit Hijau,2026-10-20,52000.0
Pasar Sumber,Cabe Rawit Hijau,2026-10-21,50500.0
Pasar Sumber,Cabe Rawit Hijau,2026-10-22,49500.0
Pasar Sumber,Cabe Rawit Merah,2026-10-09,78000.0
Pasar Sumber,Cabe Rawit Merah,2026-10-10,78000.0
Pasar Sumber,Cabe Rawit Merah,2026-10-11,77000.0
Pasar Sumber,Cabe Rawit Merah,2026-10-12,76500.0
Pasar Sumber,Cabe Rawit Merah,2026-10-13,74500.0
Pasar Sumber,Cabe Rawit Merah,2026-10-14,74500.0
Pasar Sumber,Cabe Rawit Merah,2026-10-15,76500.0
Pasar Sumber,Cabe Rawit Merah,2026-10-16,74500.0
Pasar Sumber,Cabe Rawit Merah,2026-10-17,70500.0
Pasar Sumber,Cabe Rawit Merah,2026-10-18,71000.0
Pasar Sumber,Cabe Rawit Merah,2026-10-19,78500.0
Pasar Sumber,Cabe Rawit Merah,2026-10-20,79000.0
Pasar Sumber,Cabe Rawit Merah,2026-10-21,75500.0
Pasar Sumber,Cabe Rawit Merah,2026-10-22,78000.0
Pasar Sumber,Cumi Asin,2026-10-09,120000.0
Pasar Sumber,Cumi Asin,2026-10-10,120000.0
Pasar Sumber,Cumi Asin,2026-10-11,120000.0
Pasar Sumber,Cumi Asin,2026-10-12,120000.0
Pasar Sumber,Cumi Asin,2026-10-13,120000.0
Pasar Sumber,Cumi Asin,2026-10-14,120000.0
Pasar Sumber,Cumi Asin,2026-10-15,120000.0
Pasar Sumber,Cumi Asin,2026-10-16,120000.0
Pasar Sumber,Cumi Asin,2026-10-17,120000.0
Pasar Sumber,Cumi Asin,2026-10-18,120000.0
Pasar Sumber,Cumi Asin,2026-10-19,120000.0
Pasar Sumber,Cumi Asin,2026-10-20,120000.0
Pasar Sumber,Cumi Asin,2026-10-21,120000.0
Pasar Sumber,Cumi Asin,2026-10-22,120000.0
Pasar Sumber,Daging Ayam Broiler,2026-10-09,37500.0
Pasar Sumber,Daging Ayam Broiler,2026-10-10,37500.0
Pasar Sumber,Daging Ayam Broiler,2026-10-11,37500.0
Pasar Sumber,Daging Ayam Broiler,2026-10-12,37500.0
Pasar Sumber,Daging Ayam Broiler,2026-10-13,37500.0
Pasar Sumber,Daging Ayam Broiler,2026-10-14,37500.0
Pasar Sumber,Daging Ayam Broiler,2026-10-15,37500.0
Pasar Sumber,Daging Ayam Broiler,2026-10-16,37500.0
Pasar Sumber,Daging Ayam Broiler,2026-10-17,37500.0
Pasar Sumber,Daging Ayam Broiler,2026-10-18,36000.0
Pasar Sumber,Daging Ayam Broiler,2026-10-19,37500.0
Pasar Sumber,Daging Ayam Broiler,2026-10-20,37500.0
Pasar Sumber,Daging Ayam Broiler,2026-10-21,37000.0
Pasar Sumber,Daging Ayam Broiler,2026-10-22,37000.0
Pasar Sumber,Daging Ayam Kampung,2026-10-09,32500.0
Pasar Sumber,Daging Ayam Kampung,2026-10-10,32500.0
Pasar Sumber,Daging Ayam Kampung,2026-10-11,32500.0
Pasar Sumber,Daging Ayam Kampung,2026-10-12,32500.0
Pasar Sumber,Daging Ayam Kampung,2026-10-13,32500.0
Pasar Sumber,Daging Ayam Kampung,2026-10-14,32500.0
Pasar Sumber,Daging Ayam Kampung,2026-10-15,32500.0
Pasar Sumber,Daging Ayam Kampung,2026-10-16,32500.0
Pasar Sumber,Daging Ayam Kampung,2026-10-17,32500.0
Pasar Sumber,Daging Ayam Kampung,2026-10-18,32500.0
Pasar Sumber,Daging Ayam Kampung,2026-10-19,32500.0
Pasar Sumber,Daging Ayam Kampung,2026-10-20,32500.0
Pasar Sumber,Daging Ayam Kampung,2026-10-21,32500.0
Pasar Sumber,Daging Ayam Kampung,2026-10-22,32500.0
Pasar Sumber,Daging Kambing,2026-10-09,169000.0
Pasar Sumber,Daging Kambing,2026-10-10,169000.0
Pasar Sumber,Daging Kambing,2026-10-11,169000.0
Pasar Sumber,Daging Kambing,2026-10-12,169000.0
Pasar Sumber,Daging Kambing,2026-10-13,169000.0
Pasar Sumber,Daging Kambing,2026-10-14,169000.0
Pasar Sumber,Daging Kambing,2026-10-15,169000.0
Pasar Sumber,Daging Kambing,2026-10-16,169000.0
Pasar Sumber,Daging Kambing,2026-10-17,169000.0
Pasar Sumber,Daging Kambing,2026-10-18,168500.0
Pasar Sumber,Daging Kambing,2026-10-19,168500.0
Pasar Sumber,Daging Kambing,2026-10-20,168500.0
Pasar Sumber,Daging Kambing,2026-10-21,168500.0
Pasar Sumber,Daging Kambing,2026-10-22,168500.0
Pasar Sumber,Daging Sapi Kw 2,2026-10-09,110000.0
Pasar Sumber,Daging Sapi Kw 2,2026-10-10,110000.0
Pasar Sumber,Daging Sapi Kw 2,2026-10-11,110000.0
Pasar Sumber,Daging Sapi Kw 2,2026-10-12,110000.0
Pasar Sumber,Daging Sapi Kw 2,2026-10-13,110000.0
Pasar Sumber,Daging Sapi Kw 2,2026-10-14,110000.0
Pasar Sumber,Daging Sapi Kw 2,2026-10-15,110000.0
Pasar Sumber,Daging Sapi Kw 2,2026-10-16,110000.0
Pasar Sumber,Daging Sapi Kw 2,2026-10-17,110000.0
Pasar Sumber,Daging Sapi Kw 2,2026-10-18,110000.0
Pasar Sumber,Daging Sapi Kw 2,2026-10-19,110000.0
Pasar Sumber,Daging Sapi Kw 2,2026-10-20,110000.0
Pasar Sumber,Daging Sapi Kw 2,2026-10-21,110000.0
Pasar Sumber,Daging Sapi Kw 2,2026-10-22,110000.0
Pasar Sumber,Garam Beryodium Bata,2026-10-09,7000.0
Pasar Sumber,Garam Beryodium Bata,2026-10-10,7000.0
Pasar Sumber,Garam Beryodium Bata,2026-10-11,7000.0
Pasar Sumber,Garam Beryodium Bata,2026-10-12,7000.0
Pasar Sumber,Garam Beryodium Bata,2026-10-13,7000.0
Pasar Sumber,Garam Beryodium Bata,2026-10-14,7000.0
Pasar Sumber,Garam Beryodium Bata,2026-10-15,7000.0
Pasar Sumber,Garam Beryodium Bata,2026-10-16,7000.0
Pasar Sumber,Garam Beryodium Bata,2026-10-17,7000.0
Pasar Sumber,Garam Beryodium Bata,2026-10-18,7000.0
Pasar Sumber,Garam Beryodium Bata,2026-10-19,7000.0
Pasar Sumber,Garam Beryodium Bata,2026-10-20,7000.0
Pasar Sumber,Garam Beryodium Bata,2026-10-21,7000.0
Pasar Sumber,Garam Beryodium Bata,2026-10-22,7000.0
Pasar Sumber,Daging Sapi Murni,2026-10-09,151000.0
Pasar Sumber,Daging Sapi Murni,2026-10-10,149000.0
Pasar Sumber,Daging Sapi Murni,2026-10-11,149000.0
Pasar Sumber,Daging Sapi Murni,2026-10-12,149000.0
Pasar Sumber,Daging Sapi Murni,2026-10-13,147500.0
Pasar Sumber,Daging Sapi Murni,2026-10-14,148500.0
Pasar Sumber,Daging Sapi Murni,2026-10-15,148500.0
Pasar Sumber,Daging Sapi Murni,2026-10-16,149500.0
Pasar Sumber,Daging Sapi Murni,2026-10-17,150500.0
Pasar Sumber,Daging Sapi Murni,2026-10-18,150500.0
Pasar Sumber,Daging Sapi Murni,2026-10-19,152000.0
Pasar Sumber,Daging Sapi Murni,2026-10-20,152000.0
Pasar Sumber,Daging Sapi Murni,2026-10-21,151500.0
Pasar Sumber,Daging Sapi Murni,2026-10-22,150500.0
Pasar Sumber,Garam Beryodium,2026-10-09,2000.0
Pasar Sumber,Garam Beryodium,2026-10-10,2000.0
Pasar Sumber,Garam Beryodium,2026-10-11,2000.0
Pasar Sumber,Garam Beryodium,2026-10-12,2000.0
Pasar Sumber,Garam Beryodium,2026-10-13,2000.0
Pasar Sumber,Garam Beryodium,2026-10-14,2000.0
Pasar Sumber,Garam Beryodium,2026-10-15,2000.0
Pasar Sumber,Garam Beryodium,2026-10-16,2000.0
Pasar Sumber,Garam Beryodium,2026-10-17,2000.0
Pasar Sumber,Garam Beryodium,2026-10-18,2000.0
Pasar Sumber,Garam Beryodium,2026-10-19,2000.0
Pasar Sumber,Garam Beryodium,2026-10-20,2000.0
Pasar Sumber,Garam Beryodium,2026-10-21,2000.0
Pasar Sumber,Garam Beryodium,2026-10-22,2000.0
Pasar Sumber,Ikan Asin Peda,2026-10-09,20000.0
Pasar Sumber,Ikan Asin Peda,2026-10-10,20000.0
Pasar Sumber,Ikan Asin Peda,2026-10-11,20000.0
Pasar Sumber,Ikan Asin Peda,2026-10-12,20000.0
Pasar Sumber,Ikan Asin Peda,2026-10-13,20000.0
Pasar Sumber,Ikan Asin Peda,2026-10-14,20000.0
Pasar Sumber,Ikan Asin Peda,2026-10-15,20000.0
Pasar Sumber,Ikan Asin Peda,2026-10-16,20000.0
Pasar Sumber,Ikan Asin Peda,2026-10-17,20000.0
Pasar Sumber,Ikan Asin Peda,2026-10-18,20000.0
Pasar Sumber,Ikan Asin Peda,2026-10-19,20000.0
Pasar Sumber,Ikan Asin Peda,2026-10-20,20000.0
Pasar Sumber,Ikan Asin Peda,2026-10-21,20000.0
Pasar Sumber,Ikan Asin Peda,2026-10-22,20000.0
Pasar Sumber,Gas Elpiji,2026-10-09,13000.0
Pasar Sumber,Gas Elpiji,2026-10-10,11000.0
Pasar Sumber,Gas Elpiji,2026-10-11,13000.0
Pasar Sumber,Gas Elpiji,2026-10-12,13000.0
Pasar Sumber,Gas Elpiji,2026-10-13,13000.0
Pasar Sumber,Gas Elpiji,2026-10-14,13000.0
Pasar Sumber,Gas Elpiji,2026-10-15,13000.0
Pasar Sumber,Gas Elpiji,2026-10-16,13000.0
Pasar Sumber,Gas Elpiji,2026-10-17,13000.0
Pasar Sumber,Gas Elpiji,2026-10-18,13000.0
Pasar Sumber,Gas Elpiji,2026-10-19,13000.0
Pasar Sumber,Gas Elpiji,2026-10-20,13000.0
Pasar Sumber,Gas Elpiji,2026-10-21,13000.0
Pasar Sumber,Gas Elpiji,2026-10-22,13000.0
Pasar Sumber,Ikan Asin Teri,2026-10-09,20000.0
Pasar Sumber,Ikan Asin Teri,2026-10-10,20000.0
Pasar Sumber,Ikan Asin Teri,2026-10-11,20000.0
Pasar Sumber,Ikan Asin Teri,2026-10-12,20000.0
Pasar Sumber,Ikan Asin Teri,2026-10-13,20000.0
Pasar Sumber,Ikan Asin Teri,2026-10-14,20000.0
Pasar Sumber,Ikan Asin Teri,2026-10-15,20000.0
Pasar Sumber,Ikan Asin Teri,2026-10-16,20000.0
Pasar Sumber,Ikan Asin Teri,2026-10-17,20000.0
Pasar Sumber,Ikan Asin Teri,2026-10-18,20000.0
Pasar Sumber,Ikan Asin Teri,2026-10-19,20000.0
Pasar Sumber,Ikan Asin Teri,2026-10-20,20000.0
Pasar Sumber,Ikan Asin Teri,2026-10-21,20000.0
Pasar Sumber,Ikan Asin Teri,2026-10-22,20000.0
Pasar Sumber,Gula Impor,2026-10-09,17000.0
Pasar Sumber,Gula Impor,2026-10-10,17000.0
Pasar Sumber,Gula Impor,2026-10-11,17000.0
Pasar Sumber,Gula Impor,2026-10-12,17000.0
Pasar Sumber,Gula Impor,2026-10-13,17000.0
Pasar Sumber,Gula Impor,2026-10-14,17000.0
Pasar Sumber,Gula Impor,2026-10-15,17000.0
Pasar Sumber,Gula Impor,2026-10-16,17000.0
Pasar Sumber,Gula Impor,2026-10-17,17000.0
Pasar Sumber,Gula Impor,2026-10-18,17000.0
Pasar Sumber,Gula Impor,2026-10-19,17000.0
Pasar Sumber,Gula Impor,2026-10-20,17000.0
Pasar Sumber,Gula Impor,2026-10-21,17000.0
Pasar Sumber,Gula Impor,2026-10-22,17000.0
Pasar Sumber,Gula Batu,2026-10-09,18000.0
Pasar Sumber,Gula Batu,2026-10-10,18000.0
Pasar Sumber,Gula Batu,2026-10-11,18000.0
Pasar Sumber,Gula Batu,2026-10-12,18000.0
Pasar Sumber,Gula Batu,2026-10-13,18000.0
Pasar Sumber,Gula Batu,2026-10-14,18000.0
Pasar Sumber,Gula Batu,2026-10-15,18000.0
Pasar Sumber,Gula Batu,2026-10-16,18000.0
Pasar Sumber,Gula Batu,2026-10-17,18000.0
Pasar Sumber,Gula Batu,2026-10-18,18000.0
Pasar Sumber,Gula Batu,2026-10-19,18000.0
Pasar Sumber,Gula Batu,2026-10-20,18000.0
Pasar Sumber,Gula Batu,2026-10-21,18000.0
Pasar Sumber,Gula Batu,2026-10-22,18000.0
Pasar Sumber,Gula Merah,2026-10-09,18000.0
Pasar Sumber,Gula Merah,2026-10-10,18000.0
Pasar Sumber,Gula Merah,2026-10-11,18000.0
Pasar Sumber,Gula Merah,2026-10-12,18000.0
Pasar Sumber,Gula Merah,2026-10-13,18000.0
Pasar Sumber,Gula Merah,2026-10-14,18000.0
Pasar Sumber,Gula Merah,2026-10-15,18000.0
Pasar Sumber,Gula Merah,2026-10-16,18000.0
Pasar Sumber,Gula Merah,2026-10-17,18000.0
Pasar Sumber,Gula Merah,2026-10-18,18000.0
Pasar Sumber,Gula Merah,2026-10-19,18000.0
Pasar Sumber,Gula Merah,2026-10-20,18000.0
Pasar Sumber,Gula Merah,2026-10-21,18000.0
Pasar Sumber,Gula Merah,2026-10-22,18000.0
Pasar Sumber,Ikan Asin Kembung,2026-10-09,18000.0
Pasar Sumber,Ikan Asin Kembung,2026-10-10,18000.0
Pasar Sumber,Ikan Asin Kembung,2026-10-11,18000.0
Pasar Sumber,Ikan Asin Kembung,2026-10-12,18000.0
Pasar Sumber,Ikan Asin Kembung,2026-10-13,18000.0
Pasar Sumber,Ikan Asin Kembung,2026-10-14,18000.0
Pasar Sumber,Ikan Asin Kembung,2026-10-15,18000.0
Pasar Sumber,Ikan Asin Kembung,2026-10-16,18000.0
Pasar Sumber,Ikan Asin Kembung,2026-10-17,18000.0
Pasar Sumber,Ikan Asin Kembung,2026-10-18,18000.0
Pasar Sumber,Ikan Asin Kembung,2026-10-19,18000.0
Pasar Sumber,Ikan Asin Kembung,2026-10-20,18000.0
Pasar Sumber,Ikan Asin Kembung,2026-10-21,18000.0
Pasar Sumber,Ikan Asin Kembung,2026-10-22,18000.0
Pasar Sumber,Gula Pasir lokal,2026-10-09,19000.0
Pasar Sumber,Gula Pasir lokal,2026-10-10,19000.0
Pasar Sumber,Gula Pasir lokal,2026-10-11,19000.0
Pasar Sumber,Gula Pasir lokal,2026-10-12,19000.0
Pasar Sumber,Gula Pasir lokal,2026-10-13,18500.0
Pasar Sumber,Gula Pasir lokal,2026-10-14,18500.0
Pasar Sumber,Gula Pasir lokal,2026-10-15,19000.0
Pasar Sumber,Gula Pasir lokal,2026-10-16,18500.0
Pasar Sumber,Gula Pasir lokal,2026-10-17,18500.0
Pasar Sumber,Gula Pasir lokal,2026-10-18,18500.0
Pasar Sumber,Gula Pasir lokal,2026-10-19,18500.0
Pasar Sumber,Gula Pasir lokal,2026-10-20,18500.0
Pasar Sumber,Gula Pasir lokal,2026-10-21,19000.0
Pasar Sumber,Gula Pasir lokal,2026-10-22,18500.0
Pasar Sumber,Ikan Kembung Layang,2026-10-09,110000.0
Pasar Sumber,Ikan Kembung Layang,2026-10-10,110000.0
Pasar Sumber,Ikan Kembung Layang,2026-10-11,110000.0
Pasar Sumber,Ikan Kembung Layang,2026-10-12,110000.0
Pasar Sumber,Ikan Kembung Layang,2026-10-13,110000.0
Pasar Sumber,Ikan Kembung Layang,2026-10-14,110000.0
Pasar Sumber,Ikan Kembung Layang,2026-10-15,110000.0
Pasar Sumber,Ikan Kembung Layang,2026-10-16,110000.0
Pasar Sumber,Ikan Kembung Layang,2026-10-17,110000.0
Pasar Sumber,Ikan Kembung Layang,2026-10-18,110000.0
Pasar Sumber,Ikan Kembung Layang,2026-10-19,110000.0
Pasar Sumber,Ikan Kembung Layang,2026-10-20,110000.0
Pasar Sumber,Ikan Kembung Layang,2026-10-21,110000.0
Pasar Sumber,Ikan Kembung Layang,2026-10-22,110000.0
Pasar Sumber,Jagung Manis,2026-10-09,9500.0
Pasar Sumber,Jagung Manis,2026-10-10,9500.0
Pasar Sumber,Jagung Manis,2026-10-11,9500.0
Pasar Sumber,Jagung Manis,2026-10-12,9500.0
Pasar Sumber,Jagung Manis,2026-10-13,9500.0
Pasar Sumber,Jagung Manis,2026-10-14,9500.0
Pasar Sumber,Jagung Manis,2026-10-15,9500.0
Pasar Sumber,Jagung Manis,2026-10-16,9500.0
Pasar Sumber,Jagung Manis,2026-10-17,9500.0
Pasar Sumber,Jagung Manis,2026-10-18,9500.0
Pasar Sumber,Jagung Manis,2026-10-19,9500.0
Pasar Sumber,Jagung Manis,2026-10-20,9500.0
Pasar Sumber,Jagung Manis,2026-10-21,9500.0
Pasar Sumber,Jagung Manis,2026-10-22,9500.0
Pasar Sumber,Ikan Asin Tiga Wajan,2026-10-09,16000.0
Pasar Sumber,Ikan Asin Tiga Wajan,2026-10-10,16000.0
Pasar Sumber,Ikan Asin Tiga Wajan,2026-10-11,16000.0
Pasar Sumber,Ikan Asin Tiga Wajan,2026-10-12,16000.0
Pasar Sumber,Ikan Asin Tiga Wajan,2026-10-13,16000.0
Pasar Sumber,Ikan Asin Tiga Wajan,2026-10-14,16000.0
Pasar Sumber,Ikan Asin Tiga Wajan,2026-10-15,16000.0
Pasar Sumber,Ikan Asin Tiga Wajan,2026-10-16,16000.0
Pasar Sumber,Ikan Asin Tiga Wajan,2026-10-17,16000.0
Pasar Sumber,Ikan Asin Tiga Wajan,2026-10-18,16500.0
Pasar Sumber,Ikan Asin Tiga Wajan,2026-10-19,16500.0
Pasar Sumber,Ikan Asin Tiga Wajan,2026-10-20,16500.0
Pasar Sumber,Ikan Asin Tiga Wajan,2026-10-21,16500.0
Pasar Sumber,Ikan Asin Tiga Wajan,2026-10-22,16500.0
Pasar Sumber,Ikan Bandeng,2026-10-09,32000.0
Pasar Sumber,Ikan Bandeng,2026-10-10,32000.0
Pasar Sumber,Ikan Bandeng,2026-10-11,32000.0
Pasar Sumber,Ikan Bandeng,2026-10-12,32000.0
Pasar Sumber,Ikan Bandeng,2026-10-13,32000.0
Pasar Sumber,Ikan Bandeng,2026-10-14,32000.0
Pasar Sumber,Ikan Bandeng,2026-10-15,32000.0
Pasar Sumber,Ikan Bandeng,2026-10-16,32000.0
Pasar Sumber,Ikan Bandeng,2026-10-17,32000.0
Pasar Sumber,Ikan Bandeng,2026-10-18,32000.0
Pasar Sumber,Ikan Bandeng,2026-10-19,32000.0
Pasar Sumber,Ikan Bandeng,2026-10-20,32000.0
Pasar Sumber,Ikan Bandeng,2026-10-21,32000.0
Pasar Sumber,Ikan Bandeng,2026-10-22,32000.0
Pasar Sumber,Ikan Kembung,2026-10-09,45500.0
Pasar Sumber,Ikan Kembung,2026-10-10,45500.0
Pasar Sumber,Ikan Kembung,2026-10-11,45500.0
Pasar Sumber,Ikan Kembung,2026-10-12,45500.0
Pasar Sumber,Ikan Kembung,2026-10-13,45500.0
Pasar Sumber,Ikan Kembung,2026-10-14,45500.0
Pasar Sumber,Ikan Kembung,2026-10-15,45500.0
Pasar Sumber,Ikan Kembung,2026-10-16,45500.0
Pasar Sumber,Ikan Kembung,2026-10-17,45500.0
Pasar Sumber,Ikan Kembung,2026-10-18,45500.0
Pasar Sumber,Ikan Kembung,2026-10-19,45500.0
Pasar Sumber,Ikan Kembung,2026-10-20,45500.0
Pasar Sumber,Ikan Kembung,2026-10-21,45500.0
Pasar Sumber,Ikan Kembung,2026-10-22,45500.0
Pasar Sumber,Indomie Kari Ayam,2026-10-09,3000.0
Pasar Sumber,Indomie Kari Ayam,2026-10-10,3000.0
Pasar Sumber,Indomie Kari Ayam,2026-10-11,3000.0
Pasar Sumber,Indomie Kari Ayam,2026-10-12,3000.0
Pasar Sumber,Indomie Kari Ayam,2026-10-13,3000.0
Pasar Sumber,Indomie Kari Ayam,2026-10-14,3000.0
Pasar Sumber,Indomie Kari Ayam,2026-10-15,3000.0
Pasar Sumber,Indomie Kari Ayam,2026-10-16,3000.0
Pasar Sumber,Indomie Kari Ayam,2026-10-17,3000.0
Pasar Sumber,Indomie Kari Ayam,2026-10-18,3000.0
Pasar Sumber,Indomie Kari Ayam,2026-10-19,3000.0
Pasar Sumber,Indomie Kari Ayam,2026-10-20,3000.0
Pasar Sumber,Indomie Kari Ayam,2026-10-21,3000.0
Pasar Sumber,Indomie Kari Ayam,2026-10-22,3000.0
Pasar Sumber,Ikan Mas,2026-10-09,32000.0
Pasar Sumber,Ikan Mas,2026-10-10,32000.0
Pasar Sumber,Ikan Mas,2026-10-11,32000.0
Pasar Sumber,Ikan Mas,2026-10-12,32000.0
Pasar Sumber,Ikan Mas,2026-10-13,32000.0
Pasar Sumber,Ikan Mas,2026-10-14,32000.0
Pasar Sumber,Ikan Mas,2026-10-15,32000.0
Pasar Sumber,Ikan Mas,2026-10-16,32000.0
Pasar Sumber,Ikan Mas,2026-10-17,32000.0
Pasar Sumber,Ikan Mas,2026-10-18,32000.0
Pasar Sumber,Ikan Mas,2026-10-19,32000.0
Pasar Sumber,Ikan Mas,2026-10-20,32000.0
Pasar Sumber,Ikan Mas,2026-10-21,32000.0
Pasar Sumber,Ikan Mas,2026-10-22,32000.0
Pasar Sumber,Ikan Tongkol,2026-10-09,30000.0
Pasar Sumber,Ikan Tongkol,2026-10-10,30000.0
Pasar Sumber,Ikan Tongkol,2026-10-11,30000.0
Pasar Sumber,Ikan Tongkol,2026-10-12,30000.0
Pasar Sumber,Ikan Tongkol,2026-10-13,30000.0
Pasar Sumber,Ikan Tongkol,2026-10-14,30000.0
Pasar Sumber,Ikan Tongkol,2026-10-15,30000.0
Pasar Sumber,Ikan Tongkol,2026-10-16,30000.0
Pasar Sumber,Ikan Tongkol,2026-10-17,30000.0
Pasar Sumber,Ikan Tongkol,2026-10-18,30000.0
Pasar Sumber,Ikan Tongkol,2026-10-19,30000.0
Pasar Sumber,Ikan Tongkol,2026-10-20,30000.0
Pasar Sumber,Ikan Tongkol,2026-10-21,30000.0
Pasar Sumber,Ikan Tongkol,2026-10-22,30000.0
Pasar Sumber,Kacang Panjang,2026-10-09,20000.0
Pasar Sumber,Kacang Panjang,2026-10-10,20000.0
Pasar Sumber,Kacang Panjang,2026-10-11,20000.0
Pasar Sumber,Kacang Panjang,2026-10-12,20000.0
Pasar Sumber,Kacang Panjang,2026-10-13,20000.0
Pasar Sumber,Kacang Panjang,2026-10-14,20000.0
Pasar Sumber,Kacang Panjang,2026-10-15,20000.0
Pasar Sumber,Kacang Panjang,2026-10-16,20000.0
Pasar Sumber,Kacang Panjang,2026-10-17,20000.0
Pasar Sumber,Kacang Panjang,2026-10-18,20000.0
Pasar Sumber,Kacang Panjang,2026-10-19,20000.0
Pasar Sumber,Kacang Panjang,2026-10-20,20000.0
Pasar Sumber,Kacang Panjang,2026-10-21,20000.0
Pasar Sumber,Kacang Panjang,2026-10-22,20000.0
Pasar Sumber,Jagung Pipilan,2026-10-09,11000.0
Pasar Sumber,Jagung Pipilan,2026-10-10,11000.0
Pasar Sumber,Jagung Pipilan,2026-10-11,11000.0
Pasar Sumber,Jagung Pipilan,2026-10-12,11000.0
Pasar Sumber,Jagung Pipilan,2026-10-13,11000.0
Pasar Sumber,Jagung Pipilan,2026-10-14,11000.0
Pasar Sumber,Jagung Pipilan,2026-10-15,11000.0
Pasar Sumber,Jagung Pipilan,2026-10-16,11000.0
Pasar Sumber,Jagung Pipilan,2026-10-17,11000.0
Pasar Sumber,Jagung Pipilan,2026-10-18,11000.0
Pasar Sumber,Jagung Pipilan,2026-10-19,11000.0
Pasar Sumber,Jagung Pipilan,2026-10-20,11000.0
Pasar Sumber,Jagung Pipilan,2026-10-21,11000.0
Pasar Sumber,Jagung Pipilan,2026-10-22,11000.0
Pasar Sumber,Kangkung,2026-10-09,170000.0
Pasar Sumber,Kangkung,2026-10-10,170000.0
Pasar Sumber,Kangkung,2026-10-11,170000.0
Pasar Sumber,Kangkung,2026-10-12,170000.0
Pasar Sumber,Kangkung,2026-10-13,170000.0
Pasar Sumber,Kangkung,2026-10-14,170000.0
Pasar Sumber,Kangkung,2026-10-15,170000.0
Pasar Sumber,Kangkung,2026-10-16,170000.0
Pasar Sumber,Kangkung,2026-10-17,170000.0
Pasar Sumber,Kangkung,2026-10-18,170000.0
Pasar Sumber,Kangkung,2026-10-19,170000.0
Pasar Sumber,Kangkung,2026-10-20,170000.0
Pasar Sumber,Kangkung,2026-10-21,170000.0
Pasar Sumber,Kangkung,2026-10-22,170000.0
Pasar Sumber,Kacang Hijau,2026-10-09,15000.0
Pasar Sumber,Kacang Hijau,2026-10-10,15000.0
Pasar Sumber,Kacang Hijau,2026-10-11,15000.0
Pasar Sumber,Kacang Hijau,2026-10-12,15000.0
Pasar Sumber,Kacang Hijau,2026-10-13,15000.0
Pasar Sumber,Kacang Hijau,2026-10-14,15000.0
Pasar Sumber,Kacang Hijau,2026-10-15,15000.0
Pasar Sumber,Kacang Hijau,2026-10-16,15000.0
Pasar Sumber,Kacang Hijau,2026-10-17,15000.0
Pasar Sumber,Kacang Hijau,2026-10-18,15000.0
Pasar Sumber,Kacang Hijau,2026-10-19,15000.0
Pasar Sumber,Kacang Hijau,2026-10-20,15000.0
Pasar Sumber,Kacang Hijau,2026-10-21,15000.0
Pasar Sumber,Kacang Hijau,2026-10-22,15000.0
Pasar Sumber,Kacang Kedelai Impor,2026-10-09,13000.0
Pasar Sumber,Kacang Kedelai Impor,2026-10-10,13000.0
Pasar Sumber,Kacang Kedelai Impor,2026-10-11,13000.0
Pasar Sumber,Kacang Kedelai Impor,2026-10-12,13000.0
Pasar Sumber,Kacang Kedelai Impor,2026-10-13,13000.0
Pasar Sumber,Kacang Kedelai Impor,2026-10-14,13000.0
Pasar Sumber,Kacang Kedelai Impor,2026-10-15,13000.0
Pasar Sumber,Kacang Kedelai Impor,2026-10-16,13000.0
Pasar Sumber,Kacang Kedelai Impor,2026-10-17,13000.0
Pasar Sumber,Kacang Kedelai Impor,2026-10-18,13000.0
Pasar Sumber,Kacang Kedelai Impor,2026-10-19,13000.0
Pasar Sumber,Kacang Kedelai Impor,2026-10-20,13000.0
Pasar Sumber,Kacang Kedelai Impor,2026-10-21,13000.0
Pasar Sumber,Kacang Kedelai Impor,2026-10-22,13000.0
Pasar Sumber,Kacang Kedelai Lokal,2026-10-09,13000.0
Pasar Sumber,Kacang Kedelai Lokal,2026-10-10,15000.0
Pasar Sumber,Kacang Kedelai Lokal,2026-10-11,15500.0
Pasar Sumber,Kacang Kedelai Lokal,2026-10-12,20500.0
Pasar Sumber,Kacang Kedelai Lokal,2026-10-13,13000.0
Pasar Sumber,Kacang Kedelai Lokal,2026-10-14,21500.0
Pasar Sumber,Kacang Kedelai Lokal,2026-10-15,18500.0
Pasar Sumber,Kacang Kedelai Lokal,2026-10-16,16500.0
Pasar Sumber,Kacang Kedelai Lokal,2026-10-17,16000.0
Pasar Sumber,Kacang Kedelai Lokal,2026-10-18,13500.0
Pasar Sumber,Kacang Kedelai Lokal,2026-10-19,13000.0
Pasar Sumber,Kacang Kedelai Lokal,2026-10-20,13000.0
Pasar Sumber,Kacang Kedelai Lokal,2026-10-21,13000.0
Pasar Sumber,Kacang Kedelai Lokal,2026-10-22,13000.0
Pasar Sumber,Kacang Tanah kupas,2026-10-09,15500.0
Pasar Sumber,Kacang Tanah kupas,2026-10-10,15500.0
Pasar Sumber,Kacang Tanah kupas,2026-10-11,15500.0
Pasar Sumber,Kacang Tanah kupas,2026-10-12,15500.0
Pasar Sumber,Kacang Tanah kupas,2026-10-13,15500.0
Pasar Sumber,Kacang Tanah kupas,2026-10-14,15500.0
Pasar Sumber,Kacang Tanah kupas,2026-10-15,15500.0
Pasar Sumber,Kacang Tanah kupas,2026-10-16,15500.0
Pasar Sumber,Kacang Tanah kupas,2026-10-17,15500.0
Pasar Sumber,Kacang Tanah kupas,2026-10-18,15500.0
Pasar Sumber,Kacang Tanah kupas,2026-10-19,15500.0
Pasar Sumber,Kacang Tanah kupas,2026-10-20,15500.0
Pasar Sumber,Kacang Tanah kupas,2026-10-21,15500.0
Pasar Sumber,Kacang Tanah kupas,2026-10-22,15500.0
Pasar Sumber,Kacang Tanah/Suuk,2026-10-09,28000.0
Pasar Sumber,Kacang Tanah/Suuk,2026-10-10,28000.0
Pasar Sumber,Kacang Tanah/Suuk,2026-10-11,28000.0
Pasar Sumber,Kacang Tanah/Suuk,2026-10-12,28000.0
Pasar Sumber,Kacang Tanah/Suuk,2026-10-13,28000.0
Pasar Sumber,Kacang Tanah/Suuk,2026-10-14,28000.0
Pasar Sumber,Kacang Tanah/Suuk,2026-10-15,28000.0
Pasar Sumber,Kacang Tanah/Suuk,2026-10-16,28000.0
Pasar Sumber,Kacang Tanah/Suuk,2026-10-17,28000.0
Pasar Sumber,Kacang Tanah/Suuk,2026-10-18,28000.0
Pasar Sumber,Kacang Tanah/Suuk,2026-10-19,28000.0
Pasar Sumber,Kacang Tanah/Suuk,2026-10-20,28000.0
Pasar Sumber,Kacang Tanah/Suuk,2026-10-21,28000.0
Pasar Sumber,Kacang Tanah/Suuk,2026-10-22,28000.0
Pasar Sumber,Kentang,2026-10-09,16000.0
Pasar Sumber,Kentang,2026-10-10,16000.0
Pasar Sumber,Kentang,2026-10-11,16000.0
Pasar Sumber,Kentang,2026-10-12,16000.0
Pasar Sumber,Kentang,2026-10-13,17000.0
Pasar Sumber,Kentang,2026-10-14,17000.0
Pasar Sumber,Kentang,2026-10-15,16500.0
Pasar Sumber,Kentang,2026-10-16,17000.0
Pasar Sumber,Kentang,2026-10-17,18000.0
Pasar Sumber,Kentang,2026-10-18,16000.0
Pasar Sumber,Kentang,2026-10-19,17500.0
Pasar Sumber,Kentang,2026-10-20,18000.0
Pasar Sumber,Kentang,2026-10-21,17500.0
Pasar Sumber,Kentang,2026-10-22,17000.0
Pasar Sumber,Kunci Biru,2026-10-09,8500.0
Pasar Sumber,Kunci Biru,2026-10-10,8500.0
Pasar Sumber,Kunci Biru,2026-10-11,8500.0
Pasar Sumber,Kunci Biru,2026-10-12,8500.0
Pasar Sumber,Kunci Biru,2026-10-13,8500.0
Pasar Sumber,Kunci Biru,2026-10-14,8500.0
Pasar Sumber,Kunci Biru,2026-10-15,8500.0
Pasar Sumber,Kunci Biru,2026-10-16,8500.0
Pasar Sumber,Kunci Biru,2026-10-17,8500.0
Pasar Sumber,Kunci Biru,2026-10-18,8500.0
Pasar Sumber,Kunci Biru,2026-10-19,8500.0
Pasar Sumber,Kunci Biru,2026-10-20,8500.0
Pasar Sumber,Kunci Biru,2026-10-21,8500.0
Pasar Sumber,Kunci Biru,2026-10-22,8500.0
Pasar Sumber,Kol,2026-10-09,14500.0
Pasar Sumber,Kol,2026-10-10,14500.0
Pasar Sumber,Kol,2026-10-11,14500.0
Pasar Sumber,Kol,2026-10-12,14500.0
Pasar Sumber,Kol,2026-10-13,14500.0
Pasar Sumber,Kol,2026-10-14,14500.0
Pasar Sumber,Kol,2026-10-15,14500.0
Pasar Sumber,Kol,2026-10-16,14500.0
Pasar Sumber,Kol,2026-10-17,14500.0
Pasar Sumber,Kol,2026-10-18,14500.0
Pasar Sumber,Kol,2026-10-19,14500.0
Pasar Sumber,Kol,2026-10-20,14500.0
Pasar Sumber,Kol,2026-10-21,14500.0
Pasar Sumber,Kol,2026-10-22,14500.0
Pasar Sumber,Margarine Blue Band,2026-10-09,9500.0
Pasar Sumber,Margarine Blue Band,2026-10-10,9500.0
Pasar Sumber,Margarine Blue Band,2026-10-11,9500.0
Pasar Sumber,Margarine Blue Band,2026-10-12,9500.0
Pasar Sumber,Margarine Blue Band,2026-10-13,9500.0
Pasar Sumber,Margarine Blue Band,2026-10-14,9500.0
Pasar Sumber,Margarine Blue Band,2026-10-15,9500.0
Pasar Sumber,Margarine Blue Band,2026-10-16,9500.0
Pasar Sumber,Margarine Blue Band,2026-10-17,9500.0
Pasar Sumber,Margarine Blue Band,2026-10-18,9500.0
Pasar Sumber,Margarine Blue Band,2026-10-19,9500.0
Pasar Sumber,Margarine Blue Band,2026-10-20,9500.0
Pasar Sumber,Margarine Blue Band,2026-10-21,9500.0
Pasar Sumber,Margarine Blue Band,2026-10-22,9500.0
Pasar Sumber,Margarine Simas,2026-10-09,7000.0
Pasar Sumber,Margarine Simas,2026-10-10,7000.0
Pasar Sumber,Margarine Simas,2026-10-11,7000.0
Pasar Sumber,Margarine Simas,2026-10-12,7000.0
Pasar Sumber,Margarine Simas,2026-10-13,7000.0
Pasar Sumber,Margarine Simas,2026-10-14,7000.0
Pasar Sumber,Margarine Simas,2026-10-15,7000.0
Pasar Sumber,Margarine Simas,2026-10-16,7000.0
Pasar Sumber,Margarine Simas,2026-10-17,7000.0
Pasar Sumber,Margarine Simas,2026-10-18,7000.0
Pasar Sumber,Margarine Simas,2026-10-19,7000.0
Pasar Sumber,Margarine Simas,2026-10-20,7000.0
Pasar Sumber,Margarine Simas,2026-10-21,7000.0
Pasar Sumber,Margarine Simas,2026-10-22,7000.0
Pasar Sumber,Mie Instan Sedaap Soto,2026-10-09,26000.0
Pasar Sumber,Mie Instan Sedaap Soto,2026-10-10,26000.0
Pasar Sumber,Mie Instan Sedaap Soto,2026-10-11,26000.0
Pasar Sumber,Mie Instan Sedaap Soto,2026-10-12,26000.0
Pasar Sumber,Mie Instan Sedaap Soto,2026-10-13,26000.0
Pasar Sumber,Mie Instan Sedaap Soto,2026-10-14,26000.0
Pasar Sumber,Mie Instan Sedaap Soto,2026-10-15,26000.0
Pasar Sumber,Mie Instan Sedaap Soto,2026-10-16,26000.0
Pasar Sumber,Mie Instan Sedaap Soto,2026-10-17,26000.0
Pasar Sumber,Mie Instan Sedaap Soto,2026-10-18,26000.0
Pasar Sumber,Mie Instan Sedaap Soto,2026-10-19,26000.0
Pasar Sumber,Mie Instan Sedaap Soto,2026-10-20,26000.0
Pasar Sumber,Mie Instan Sedaap Soto,2026-10-21,26000.0
Pasar Sumber,Mie Instan Sedaap Soto,2026-10-22,26000.0
Pasar Sumber,Minyak Goreng Bimoli,2026-10-09,14000.0
Pasar Sumber,Minyak Goreng Bimoli,2026-10-10,14000.0
Pasar Sumber,Minyak Goreng Bimoli,2026-10-11,14000.0
Pasar Sumber,Minyak Goreng Bimoli,2026-10-12,14000.0
Pasar Sumber,Minyak Goreng Bimoli,2026-10-13,14000.0
Pasar Sumber,Minyak Goreng Bimoli,2026-10-14,14000.0
Pasar Sumber,Minyak Goreng Bimoli,2026-10-15,14000.0
Pasar Sumber,Minyak Goreng Bimoli,2026-10-16,14000.0
Pasar Sumber,Minyak Goreng Bimoli,2026-10-17,14000.0
Pasar Sumber,Minyak Goreng Bimoli,2026-10-18,14000.0
Pasar Sumber,Minyak Goreng Bimoli,2026-10-19,14000.0
Pasar Sumber,Minyak Goreng Bimoli,2026-10-20,14000.0
Pasar Sumber,Minyak Goreng Bimoli,2026-10-21,14000.0
Pasar Sumber,Minyak Goreng Bimoli,2026-10-22,14000.0
Pasar Sumber,Minyak Goreng Curah,2026-10-09,20500.0
Pasar Sumber,Minyak Goreng Curah,2026-10-10,20500.0
Pasar Sumber,Minyak Goreng Curah,2026-10-11,20500.0
Pasar Sumber,Minyak Goreng Curah,2026-10-12,21000.0
Pasar Sumber,Minyak Goreng Curah,2026-10-13,21000.0
Pasar Sumber,Minyak Goreng Curah,2026-10-14,20500.0
Pasar Sumber,Minyak Goreng Curah,2026-10-15,21000.0
Pasar Sumber,Minyak Goreng Curah,2026-10-16,21000.0
Pasar Sumber,Minyak Goreng Curah,2026-10-17,21000.0
Pasar Sumber,Minyak Goreng Curah,2026-10-18,20500.0
Pasar Sumber,Minyak Goreng Curah,2026-10-19,21000.0
Pasar Sumber,Minyak Goreng Curah,2026-10-20,21000.0
Pasar Sumber,Minyak Goreng Curah,2026-10-21,21000.0
Pasar Sumber,Minyak Goreng Curah,2026-10-22,21000.0
Pasar Sumber,Segitiga Biru,2026-10-09,12000.0
Pasar Sumber,Segitiga Biru,2026-10-10,12000.0
Pasar Sumber,Segitiga Biru,2026-10-11,12000.0
Pasar Sumber,Segitiga Biru,2026-10-12,12000.0
Pasar Sumber,Segitiga Biru,2026-10-13,12000.0
Pasar Sumber,Segitiga Biru,2026-10-14,12000.0
Pasar Sumber,Segitiga Biru,2026-10-15,12000.0
Pasar Sumber,Segitiga Biru,2026-10-16,12000.0
Pasar Sumber,Segitiga Biru,2026-10-17,12000.0
Pasar Sumber,Segitiga Biru,2026-10-18,12000.0
Pasar Sumber,Segitiga Biru,2026-10-19,12000.0
Pasar Sumber,Segitiga Biru,2026-10-20,12000.0
Pasar Sumber,Segitiga Biru,2026-10-21,12000.0
Pasar Sumber,Segitiga Biru,2026-10-22,12000.0
Pasar Sumber,Minyak Goreng Kemasan Sederhana,2026-10-09,15500.0
Pasar Sumber,Minyak Goreng Kemasan Sederhana,2026-10-10,15500.0
Pasar Sumber,Minyak Goreng Kemasan Sederhana,2026-10-11,15500.0
Pasar Sumber,Minyak Goreng Kemasan Sederhana,2026-10-12,15500.0
Pasar Sumber,Minyak Goreng Kemasan Sederhana,2026-10-13,15500.0
Pasar Sumber,Minyak Goreng Kemasan Sederhana,2026-10-14,15500.0
Pasar Sumber,Minyak Goreng Kemasan Sederhana,2026-10-15,15500.0
Pasar Sumber,Minyak Goreng Kemasan Sederhana,2026-10-16,15500.0
Pasar Sumber,Minyak Goreng Kemasan Sederhana,2026-10-17,15500.0
Pasar Sumber,Minyak Goreng Kemasan Sederhana,2026-10-18,15500.0
Pasar Sumber,Minyak Goreng Kemasan Sederhana,2026-10-19,15500.0
Pasar Sumber,Minyak Goreng Kemasan Sederhana,2026-10-20,15500.0
Pasar Sumber,Minyak Goreng Kemasan Sederhana,2026-10-21,15500.0
Pasar Sumber,Minyak Goreng Kemasan Sederhana,2026-10-22,15500.0
Pasar Sumber,Minyak Goreng Filma,2026-10-09,12500.0
Pasar Sumber,Minyak Goreng Filma,2026-10-10,12500.0
Pasar Sumber,Minyak Goreng Filma,2026-10-11,13500.0
Pasar Sumber,Minyak Goreng Filma,2026-10-12,13500.0
Pasar Sumber,Minyak Goreng Filma,2026-10-13,13500.0
Pasar Sumber,Minyak Goreng Filma,2026-10-14,12500.0
Pasar Sumber,Minyak Goreng Filma,2026-10-15,12500.0
Pasar Sumber,Minyak Goreng Filma,2026-10-16,12500.0
Pasar Sumber,Minyak Goreng Filma,2026-10-17,12500.0
Pasar Sumber,Minyak Goreng Filma,2026-10-18,12500.0
Pasar Sumber,Minyak Goreng Filma,2026-10-19,12500.0
Pasar Sumber,Minyak Goreng Filma,2026-10-20,12500.0
Pasar Sumber,Minyak Goreng Filma,2026-10-21,12500.0
Pasar Sumber,Minyak Goreng Filma,2026-10-22,12500.0
Pasar Sumber,Minyak Goreng Tropical,2026-10-09,22000.0
Pasar Sumber,Minyak Goreng Tropical,2026-10-10,22000.0
Pasar Sumber,Minyak Goreng Tropical,2026-10-11,22000.0
Pasar Sumber,Minyak Goreng Tropical,2026-10-12,22000.0
Pasar Sumber,Minyak Goreng Tropical,2026-10-13,22000.0
Pasar Sumber,Minyak Goreng Tropical,2026-10-14,22000.0
Pasar Sumber,Minyak Goreng Tropical,2026-10-15,22000.0
Pasar Sumber,Minyak Goreng Tropical,2026-10-16,21500.0
Pasar Sumber,Minyak Goreng Tropical,2026-10-17,22000.0
Pasar Sumber,Minyak Goreng Tropical,2026-10-18,21500.0
Pasar Sumber,Minyak Goreng Tropical,2026-10-19,21500.0
Pasar Sumber,Minyak Goreng Tropical,2026-10-20,21500.0
Pasar Sumber,Minyak Goreng Tropical,2026-10-21,21500.0
Pasar Sumber,Minyak Goreng Tropical,2026-10-22,21500.0
Pasar Sumber,Sawi Petsay,2026-10-09,15500.0
Pasar Sumber,Sawi Petsay,2026-10-10,15500.0
Pasar Sumber,Sawi Petsay,2026-10-11,15500.0
Pasar Sumber,Sawi Petsay,2026-10-12,15500.0
Pasar Sumber,Sawi Petsay,2026-10-13,15500.0
Pasar Sumber,Sawi Petsay,2026-10-14,15500.0
Pasar Sumber,Sawi Petsay,2026-10-15,15500.0
Pasar Sumber,Sawi Petsay,2026-10-16,15500.0
Pasar Sumber,Sawi Petsay,2026-10-17,15500.0
Pasar Sumber,Sawi Petsay,2026-10-18,15500.0
Pasar Sumber,Sawi Petsay,2026-10-19,15500.0
Pasar Sumber,Sawi Petsay,2026-10-20,15500.0
Pasar Sumber,Sawi Petsay,2026-10-21,15500.0
Pasar Sumber,Sawi Petsay,2026-10-22,15500.0
Pasar Sumber,Telur Ayam Kampung,2026-10-09,
Pasar Sumber,Telur Ayam Kampung,2026-10-10,
Pasar Sumber,Telur Ayam Kampung,2026-10-11,
Pasar Sumber,Telur Ayam Kampung,2026-10-12,
Pasar Sumber,Telur Ayam Kampung,2026-10-13,
Pasar Sumber,Telur Ayam Kampung,2026-10-14,
Pasar Sumber,Telur Ayam Kampung,2026-10-15,
Pasar Sumber,Telur Ayam Kampung,2026-10-16,
Pasar Sumber,Telur Ayam Kampung,2026-10-17,
Pasar Sumber,Telur Ayam Kampung,2026-10-18,
Pasar Sumber,Telur Ayam Kampung,2026-10-19,
Pasar Sumber,Telur Ayam Kampung,2026-10-20,
Pasar Sumber,Telur Ayam Kampung,2026-10-21,
Pasar Sumber,Telur Ayam Kampung,2026-10-22,
Pasar Sumber,Sawi Hijau,2026-10-09,12000.0
Pasar Sumber,Sawi Hijau,2026-10-10,12000.0
Pasar Sumber,Sawi Hijau,2026-10-11,12000.0
Pasar Sumber,Sawi Hijau,2026-10-12,12000.0
Pasar Sumber,Sawi Hijau,2026-10-13,12000.0
Pasar Sumber,Sawi Hijau,2026-10-14,12000.0
Pasar Sumber,Sawi Hijau,2026-10-15,12000.0
Pasar Sumber,Sawi Hijau,2026-10-16,12000.0
Pasar Sumber,Sawi Hijau,2026-10-17,12000.0
Pasar Sumber,Sawi Hijau,2026-10-18,12000.0
Pasar Sumber,Sawi Hijau,2026-10-19,12000.0
Pasar Sumber,Sawi Hijau,2026-10-20,12000.0
Pasar Sumber,Sawi Hijau,2026-10-21,12000.0
Pasar Sumber,Sawi Hijau,2026-10-22,12000.0
Pasar Sumber,Telur Bebek Asin,2026-10-09,
Pasar Sumber,Telur Bebek Asin,2026-10-10,
Pasar Sumber,Telur Bebek Asin,2026-10-11,
Pasar Sumber,Telur Bebek Asin,2026-10-12,
Pasar Sumber,Telur Bebek Asin,2026-10-13,
Pasar Sumber,Telur Bebek Asin,2026-10-14,
Pasar Sumber,Telur Bebek Asin,2026-10-15,
Pasar Sumber,Telur Bebek Asin,2026-10-16,
Pasar Sumber,Telur Bebek Asin,2026-10-17,
Pasar Sumber,Telur Bebek Asin,2026-10-18,
Pasar Sumber,Telur Bebek Asin,2026-10-19,
Pasar Sumber,Telur Bebek Asin,2026-10-20,
Pasar Sumber,Telur Bebek Asin,2026-10-21,
Pasar Sumber,Telur Bebek Asin,2026-10-22,
Pasar Sumber,Telur Bebek Mentah,2026-10-09,
Pasar Sumber,Telur Bebek Mentah,2026-10-10,
Pasar Sumber,Telur Bebek Mentah,2026-10-11,
Pasar Sumber,Telur Bebek Mentah,2026-10-12,
Pasar Sumber,Telur Bebek Mentah,2026-10-13,
Pasar Sumber,Telur Bebek Mentah,2026-10-14,
Pasar Sumber,Telur Bebek Mentah,2026-10-15,
Pasar Sumber,Telur Bebek Mentah,2026-10-16,
Pasar Sumber,Telur Bebek Mentah,2026-10-17,
Pasar Sumber,Telur Bebek Mentah,2026-10-18,
Pasar Sumber,Telur Bebek Mentah,2026-10-19,
Pasar Sumber,Telur Bebek Mentah,2026-10-20,
Pasar Sumber,Telur Bebek Mentah,2026-10-21,
Pasar Sumber,Telur Bebek Mentah,2026-10-22,
Pasar Sumber,Susu Kental Manis Indomilk,2026-10-09,9500.0
Pasar Sumber,Susu Kental Manis Indomilk,2026-10-10,9500.0
Pasar Sumber,Susu Kental Manis Indomilk,2026-10-11,9500.0
Pasar Sumber,Susu Kental Manis Indomilk,2026-10-12,9500.0
Pasar Sumber,Susu Kental Manis Indomilk,2026-10-13,9500.0
Pasar Sumber,Susu Kental Manis Indomilk,2026-10-14,9500.0
Pasar Sumber,Susu Kental Manis Indomilk,2026-10-15,9500.0
Pasar Sumber,Susu Kental Manis Indomilk,2026-10-16,9500.0
Pasar Sumber,Susu Kental Manis Indomilk,2026-10-17,9500.0
Pasar Sumber,Susu Kental Manis Indomilk,2026-10-18,9500.0
Pasar Sumber,Susu Kental Manis Indomilk,2026-10-19,9500.0
Pasar Sumber,Susu Kental Manis Indomilk,2026-10-20,9500.0
Pasar Sumber,Susu Kental Manis Indomilk,2026-10-21,9500.0
Pasar Sumber,Susu Kental Manis Indomilk,2026-10-22,9500.0
Pasar Sumber,Singkong,2026-10-09,6500.0
Pasar Sumber,Singkong,2026-10-10,6500.0
Pasar Sumber,Singkong,2026-10-11,6500.0
Pasar Sumber,Singkong,2026-10-12,6500.0
Pasar Sumber,Singkong,2026-10-13,6500.0
Pasar Sumber,Singkong,2026-10-14,6500.0
Pasar Sumber,Singkong,2026-10-15,6500.0
Pasar Sumber,Singkong,2026-10-16,6500.0
Pasar Sumber,Singkong,2026-10-17,6500.0
Pasar Sumber,Singkong,2026-10-18,6500.0
Pasar Sumber,Singkong,2026-10-19,6500.0
Pasar Sumber,Singkong,2026-10-20,6500.0
Pasar Sumber,Singkong,2026-10-21,6500.0
Pasar Sumber,Singkong,2026-10-22,6500.0
Pasar Sumber,Susu Kental Manis Bendera Cokelat,2026-10-09,12500.0
Pasar Sumber,Susu Kental Manis Bendera Cokelat,2026-10-10,12500.0
Pasar Sumber,Susu Kental Manis Bendera Cokelat,2026-10-11,12500.0
Pasar Sumber,Susu Kental Manis Bendera Cokelat,2026-10-12,12500.0
Pasar Sumber,Susu Kental Manis Bendera Cokelat,2026-10-13,12500.0
Pasar Sumber,Susu Kental Manis Bendera Cokelat,2026-10-14,12500.0
Pasar Sumber,Susu Kental Manis Bendera Cokelat,2026-10-15,12500.0
Pasar Sumber,Susu Kental Manis Bendera Cokelat,2026-10-16,12500.0
Pasar Sumber,Susu Kental Manis Bendera Cokelat,2026-10-17,12500.0
Pasar Sumber,Susu Kental Manis Bendera Cokelat,2026-10-18,12500.0
Pasar Sumber,Susu Kental Manis Bendera Cokelat,2026-10-19,12500.0
Pasar Sumber,Susu Kental Manis Bendera Cokelat,2026-10-20,12500.0
Pasar Sumber,Susu Kental Manis Bendera Cokelat,2026-10-21,12500.0
Pasar Sumber,Susu Kental Manis Bendera Cokelat,2026-10-22,12500.0
Pasar Sumber,Susu Kental Manis Bendera Putih,2026-10-09,12500.0
Pasar Sumber,Susu Kental Manis Bendera Putih,2026-10-10,12500.0
Pasar Sumber,Susu Kental Manis Bendera Putih,2026-10-11,12500.0
Pasar Sumber,Susu Kental Manis Bendera Putih,2026-10-12,12500.0
Pasar Sumber,Susu Kental Manis Bendera Putih,2026-10-13,12500.0
Pasar Sumber,Susu Kental Manis Bendera Putih,2026-10-14,12500.0
Pasar Sumber,Susu Kental Manis Bendera Putih,2026-10-15,12500.0
Pasar Sumber,Susu Kental Manis Bendera Putih,2026-10-16,12500.0
Pasar Sumber,Susu Kental Manis Bendera Putih,2026-10-17,12500.0
Pasar Sumber,Susu Kental Manis Bendera Putih,2026-10-18,12500.0
Pasar Sumber,Susu Kental Manis Bendera Putih,2026-10-19,12500.0
Pasar Sumber,Susu Kental Manis Bendera Putih,2026-10-20,12500.0
Pasar Sumber,Susu Kental Manis Bendera Putih,2026-10-21,12500.0
Pasar Sumber,Susu Kental Manis Bendera Putih,2026-10-22,12500.0
Pasar Sumber,Susu Kental Manis Indomilk Cokelat,2026-10-09,12000.0
Pasar Sumber,Susu Kental Manis Indomilk Cokelat,2026-10-10,12000.0
Pasar Sumber,Susu Kental Manis Indomilk Cokelat,2026-10-11,12000.0
Pasar Sumber,Susu Kental Manis Indomilk Cokelat,2026-10-12,12000.0
Pasar Sumber,Susu Kental Manis Indomilk Cokelat,2026-10-13,12000.0
Pasar Sumber,Susu Kental Manis Indomilk Cokelat,2026-10-14,12000.0
Pasar Sumber,Susu Kental Manis Indomilk Cokelat,2026-10-15,12000.0
Pasar Sumber,Susu Kental Manis Indomilk Cokelat,2026-10-16,12000.0
Pasar Sumber,Susu Kental Manis Indomilk Cokelat,2026-10-17,12000.0
Pasar Sumber,Susu Kental Manis Indomilk Cokelat,2026-10-18,12000.0
Pasar Sumber,Susu Kental Manis Indomilk Cokelat,2026-10-19,12000.0
Pasar Sumber,Susu Kental Manis Indomilk Cokelat,2026-10-20,12000.0
Pasar Sumber,Susu Kental Manis Indomilk Cokelat,2026-10-21,12000.0
Pasar Sumber,Susu Kental Manis Indomilk Cokelat,2026-10-22,12000.0
Pasar Sumber,Telur Ayam Broiler,2026-10-09,24000.0
Pasar Sumber,Telur Ayam Broiler,2026-10-10,24000.0
Pasar Sumber,Telur Ayam Broiler,2026-10-11,24000.0
Pasar Sumber,Telur Ayam Broiler,2026-10-12,24500.0
Pasar Sumber,Telur Ayam Broiler,2026-10-13,24500.0
Pasar Sumber,Telur Ayam Broiler,2026-10-14,24500.0
Pasar Sumber,Telur Ayam Broiler,2026-10-15,25000.0
Pasar Sumber,Telur Ayam Broiler,2026-10-16,25000.0
Pasar Sumber,Telur Ayam Broiler,2026-10-17,25000.0
Pasar Sumber,Telur Ayam Broiler,2026-10-18,25000.0
Pasar Sumber,Telur Ayam Broiler,2026-10-19,25000.0
Pasar Sumber,Telur Ayam Broiler,2026-10-20,25000.0
Pasar Sumber,Telur Ayam Broiler,2026-10-21,25500.0
Pasar Sumber,Telur Ayam Broiler,2026-10-22,25500.0
Pasar Sumber,Tepung Terigu Cakra Kembar,2026-10-09,12000.0
Pasar Sumber,Tepung Terigu Cakra Kembar,2026-10-10,12000.0
Pasar Sumber,Tepung Terigu Cakra Kembar,2026-10-11,12000.0
Pasar Sumber,Tepung Terigu Cakra Kembar,2026-10-12,12000.0
Pasar Sumber,Tepung Terigu Cakra Kembar,2026-10-13,12000.0
Pasar Sumber,Tepung Terigu Cakra Kembar,2026-10-14,12000.0
Pasar Sumber,Tepung Terigu Cakra Kembar,2026-10-15,12000.0
Pasar Sumber,Tepung Terigu Cakra Kembar,2026-10-16,12000.0
Pasar Sumber,Tepung Terigu Cakra Kembar,2026-10-17,12000.0
Pasar Sumber,Tepung Terigu Cakra Kembar,2026-10-18,12000.0
Pasar Sumber,Tepung Terigu Cakra Kembar,2026-10-19,12000.0
Pasar Sumber,Tepung Terigu Cakra Kembar,2026-10-20,12000.0
Pasar Sumber,Tepung Terigu Cakra Kembar,2026-10-21,12000.0
Pasar Sumber,Tepung Terigu Cakra Kembar,2026-10-22,12000.0
Pasar Sumber,Tepung Terigu Kunci Biru,2026-10-09,12000.0
Pasar Sumber,Tepung Terigu Kunci Biru,2026-10-10,12000.0
Pasar Sumber,Tepung Terigu Kunci Biru,2026-10-11,12000.0
Pasar Sumber,Tepung Terigu Kunci Biru,2026-10-12,12000.0
Pasar Sumber,Tepung Terigu Kunci Biru,2026-10-13,12000.0
Pasar Sumber,Tepung Terigu Kunci Biru,2026-10-14,12000.0
Pasar Sumber,Tepung Terigu Kunci Biru,2026-10-15,12000.0
Pasar Sumber,Tepung Terigu Kunci Biru,2026-10-16,12000.0
Pasar Sumber,Tepung Terigu Kunci Biru,2026-10-17,12000.0
Pasar Sumber,Tepung Terigu Kunci Biru,2026-10-18,12000.0
Pasar Sumber,Tepung Terigu Kunci Biru,2026-10-19,12000.0
Pasar Sumber,Tepung Terigu Kunci Biru,2026-10-20,12000.0
Pasar Sumber,Tepung Terigu Kunci Biru,2026-10-21,12000.0
Pasar Sumber,Tepung Terigu Kunci Biru,2026-10-22,12000.0
Pasar Sumber,Tepung Terigu Segi Tiga Biru,2026-10-09,12000.0
Pasar Sumber,Tepung Terigu Segi Tiga Biru,2026-10-10,12000.0
Pasar Sumber,Tepung Terigu Segi Tiga Biru,2026-10-11,12000.0
Pasar Sumber,Tepung Terigu Segi Tiga Biru,2026-10-12,12000.0
Pasar Sumber,Tepung Terigu Segi Tiga Biru,2026-10-13,12000.0
Pasar Sumber,Tepung Terigu Segi Tiga Biru,2026-10-14,12000.0
Pasar Sumber,Tepung Terigu Segi Tiga Biru,2026-10-15,12000.0
Pasar Sumber,Tepung Terigu Segi Tiga Biru,2026-10-16,12000.0
Pasar Sumber,Tepung Terigu Segi Tiga Biru,2026-10-17,12000.0
Pasar Sumber,Tepung Terigu Segi Tiga Biru,2026-10-18,12000.0
Pasar Sumber,Tepung Terigu Segi Tiga Biru,2026-10-19,12000.0
Pasar Sumber,Tepung Terigu Segi Tiga Biru,2026-10-20,12000.0
Pasar Sumber,Tepung Terigu Segi Tiga Biru,2026-10-21,12000.0
Pasar Sumber,Tepung Terigu Segi Tiga Biru,2026-10-22,12000.0
Pasar Sumber,Teri Medan Basah,2026-10-09,30000.0
Pasar Sumber,Teri Medan Basah,2026-10-10,30000.0
Pasar Sumber,Teri Medan Basah,2026-10-11,30000.0
Pasar Sumber,Teri Medan Basah,2026-10-12,30000.0
Pasar Sumber,Teri Medan Basah,2026-10-13,30000.0
Pasar Sumber,Teri Medan Basah,2026-10-14,30000.0
Pasar Sumber,Teri Medan Basah,2026-10-15,30000.0
Pasar Sumber,Teri Medan Basah,2026-10-16,30000.0
Pasar Sumber,Teri Medan Basah,2026-10-17,30000.0
Pasar Sumber,Teri Medan Basah,2026-10-18,30000.0
Pasar Sumber,Teri Medan Basah,2026-10-19,30000.0
Pasar Sumber,Teri Medan Basah,2026-10-20,30000.0
Pasar Sumber,Teri Medan Basah,2026-10-21,30000.0
Pasar Sumber,Teri Medan Basah,2026-10-22,30000.0
Pasar Sumber,Teri Medan Kering,2026-10-09,139000.0
Pasar Sumber,Teri Medan Kering,2026-10-10,139000.0
Pasar Sumber,Teri Medan Kering,2026-10-11,139000.0
Pasar Sumber,Teri Medan Kering,2026-10-12,139000.0
Pasar Sumber,Teri Medan Kering,2026-10-13,139000.0
Pasar Sumber,Teri Medan Kering,2026-10-14,139000.0
Pasar Sumber,Teri Medan Kering,2026-10-15,139000.0
Pasar Sumber,Teri Medan Kering,2026-10-16,139000.0
Pasar Sumber,Teri Medan Kering,2026-10-17,139000.0
Pasar Sumber,Teri Medan Kering,2026-10-18,139000.0
Pasar Sumber,Teri Medan Kering,2026-10-19,139000.0
Pasar Sumber,Teri Medan Kering,2026-10-20,139000.0
Pasar Sumber,Teri Medan Kering,2026-10-21,139000.0
Pasar Sumber,Teri Medan Kering,2026-10-22,139000.0
Pasar Sumber,Tomat Buah,2026-10-09,34000.0
Pasar Sumber,Tomat Buah,2026-10-10,34000.0
Pasar Sumber,Tomat Buah,2026-10-11,34000.0
Pasar Sumber,Tomat Buah,2026-10-12,34000.0
Pasar Sumber,Tomat Buah,2026-10-13,34000.0
Pasar Sumber,Tomat Buah,2026-10-14,34000.0
Pasar Sumber,Tomat Buah,2026-10-15,34000.0
Pasar Sumber,Tomat Buah,2026-10-16,34000.0
Pasar Sumber,Tomat Buah,2026-10-17,34000.0
Pasar Sumber,Tomat Buah,2026-10-18,34000.0
Pasar Sumber,Tomat Buah,2026-10-19,34000.0
Pasar Sumber,Tomat Buah,2026-10-20,34000.0
Pasar Sumber,Tomat Buah,2026-10-21,34000.0
Pasar Sumber,Tomat Buah,2026-10-22,34000.0
Pasar Sumber,Ubi Jalar,2026-10-09,14500.0
Pasar Sumber,Ubi Jalar,2026-10-10,14500.0
Pasar Sumber,Ubi Jalar,2026-10-11,14500.0
Pasar Sumber,Ubi Jalar,2026-10-12,14500.0
Pasar Sumber,Ubi Jalar,2026-10-13,14500.0
Pasar Sumber,Ubi Jalar,2026-10-14,14500.0
Pasar Sumber,Ubi Jalar,2026-10-15,14500.0
Pasar Sumber,Ubi Jalar,2026-10-16,14500.0
Pasar Sumber,Ubi Jalar,2026-10-17,14500.0
Pasar Sumber,Ubi Jalar,2026-10-18,14000.0
Pasar Sumber,Ubi Jalar,2026-10-19,14500.0
Pasar Sumber,Ubi Jalar,2026-10-20,14000.0
Pasar Sumber,Ubi Jalar,2026-10-21,14000.0
Pasar Sumber,Ubi Jalar,2026-10-22,14000.0
Pasar Sumber,Tomat Sayur,2026-10-09,29000.0
Pasar Sumber,Tomat Sayur,2026-10-10,29000.0
Pasar Sumber,Tomat Sayur,2026-10-11,29000.0
Pasar Sumber,Tomat Sayur,2026-10-12,29000.0
Pasar Sumber,Tomat Sayur,2026-10-13,29000.0
Pasar Sumber,Tomat Sayur,2026-10-14,29000.0
Pasar Sumber,Tomat Sayur,2026-10-15,29000.0
Pasar Sumber,Tomat Sayur,2026-10-16,29000.0
Pasar Sumber,Tomat Sayur,2026-10-17,29000.0
Pasar Sumber,Tomat Sayur,2026-10-18,29000.0
Pasar Sumber,Tomat Sayur,2026-10-19,29000.0
Pasar Sumber,Tomat Sayur,2026-10-20,29000.0
Pasar Sumber,Tomat Sayur,2026-10-21,29000.0
Pasar Sumber,Tomat Sayur,2026-10-22,29000.0
Semua Pasar (Gabungan),Beras Bulog Premium,2026-10-09,
Semua Pasar (Gabungan),Beras Bulog Premium,2026-10-10,
Semua Pasar (Gabungan),Beras Bulog Premium,2026-10-11,
Semua Pasar (Gabungan),Beras Bulog Premium,2026-10-12,
Semua Pasar (Gabungan),Beras Bulog Premium,2026-10-13,
Semua Pasar (Gabungan),Beras Bulog Premium,2026-10-14,
Semua Pasar (Gabungan),Beras Bulog Premium,2026-10-15,
Semua Pasar (Gabungan),Beras Bulog Premium,2026-10-16,
Semua Pasar (Gabungan),Beras Bulog Premium,2026-10-17,
Semua Pasar (Gabungan),Beras Bulog Premium,2026-10-18,
Semua Pasar (Gabungan),Beras Bulog Premium,2026-10-19,
Semua Pasar (Gabungan),Beras Bulog Premium,2026-10-20,
Semua Pasar (Gabungan),Beras Bulog Premium,2026-10-21,
Semua Pasar (Gabungan),Beras Bulog Premium,2026-10-22,
Pasar Sumber,Udang,2026-10-09,60000.0
Pasar Sumber,Udang,2026-10-10,60000.0
Pasar Sumber,Udang,2026-10-11,60000.0
Pasar Sumber,Udang,2026-10-12,60000.0
Pasar Sumber,Udang,2026-10-13,60000.0
Pasar Sumber,Udang,2026-10-14,60000.0
Pasar Sumber,Udang,2026-10-15,60000.0
Pasar Sumber,Udang,2026-10-16,60000.0
Pasar Sumber,Udang,2026-10-17,60000.0
Pasar Sumber,Udang,2026-10-18,60000.0
Pasar Sumber,Udang,2026-10-19,60000.0
Pasar Sumber,Udang,2026-10-20,60000.0
Pasar Sumber,Udang,2026-10-21,60000.0
Pasar Sumber,Udang,2026-10-22,60000.0
Semua Pasar (Gabungan),Bawang Bombay,2026-10-09,35500.0
Semua Pasar (Gabungan),Bawang Bombay,2026-10-10,35500.0
Semua Pasar (Gabungan),Bawang Bombay,2026-10-11,35500.0
Semua Pasar (Gabungan),Bawang Bombay,2026-10-12,35500.0
Semua Pasar (Gabungan),Bawang Bombay,2026-10-13,35500.0
Semua Pasar (Gabungan),Bawang Bombay,2026-10-14,35000.0
Semua Pasar (Gabungan),Bawang Bombay,2026-10-15,35500.0
Semua Pasar (Gabungan),Bawang Bombay,2026-10-16,35000.0
Semua Pasar (Gabungan),Bawang Bombay,2026-10-17,35000.0
Semua Pasar (Gabungan),Bawang Bombay,2026-10-18,35500.0
Semua Pasar (Gabungan),Bawang Bombay,2026-10-19,35000.0
Semua Pasar (Gabungan),Bawang Bombay,2026-10-20,35000.0
Semua Pasar (Gabungan),Bawang Bombay,2026-10-21,35500.0
Semua Pasar (Gabungan),Bawang Bombay,2026-10-22,35500.0
Semua Pasar (Gabungan),Bawang Merah,2026-10-09,29500.0
Semua Pasar (Gabungan),Bawang Merah,2026-10-10,29500.0
Semua Pasar (Gabungan),Bawang Merah,2026-10-11,29500.0
Semua Pasar (Gabungan),Bawang Merah,2026-10-12,29500.0
Semua Pasar (Gabungan),Bawang Merah,2026-10-13,29500.0
Semua Pasar (Gabungan),Bawang Merah,2026-10-14,29500.0
Semua Pasar (Gabungan),Bawang Merah,2026-10-15,29500.0
Semua Pasar (Gabungan),Bawang Merah,2026-10-16,29500.0
Semua Pasar (Gabungan),Bawang Merah,2026-10-17,29500.0
Semua Pasar (Gabungan),Bawang Merah,2026-10-18,29500.0
Semua Pasar (Gabungan),Bawang Merah,2026-10-19,29500.0
Semua Pasar (Gabungan),Bawang Merah,2026-10-20,29000.0
Semua Pasar (Gabungan),Bawang Merah,2026-10-21,29500.0
Semua Pasar (Gabungan),Bawang Merah,2026-10-22,30000.0
Pasar Sumber,Wortel,2026-10-09,19500.0
Pasar Sumber,Wortel,2026-10-10,19500.0
Pasar Sumber,Wortel,2026-10-11,19500.0
Pasar Sumber,Wortel,2026-10-12,19500.0
Pasar Sumber,Wortel,2026-10-13,19500.0
Pasar Sumber,Wortel,2026-10-14,19500.0
Pasar Sumber,Wortel,2026-10-15,19500.0
Pasar Sumber,Wortel,2026-10-16,19500.0
Pasar Sumber,Wortel,2026-10-17,19500.0
Pasar Sumber,Wortel,2026-10-18,19500.0
Pasar Sumber,Wortel,2026-10-19,19500.0
Pasar Sumber,Wortel,2026-10-20,19500.0
Pasar Sumber,Wortel,2026-10-21,19500.0
Pasar Sumber,Wortel,2026-10-22,19500.0
Semua Pasar (Gabungan),Bawang Putih,2026-10-09,32500.0
Semua Pasar (Gabungan),Bawang Putih,2026-10-10,32000.0
Semua Pasar (Gabungan),Bawang Putih,2026-10-11,32500.0
Semua Pasar (Gabungan),Bawang Putih,2026-10-12,32500.0
Semua Pasar (Gabungan),Bawang Putih,2026-10-13,32500.0
Semua Pasar (Gabungan),Bawang Putih,2026-10-14,33000.0
Semua Pasar (Gabungan),Bawang Putih,2026-10-15,33000.0
Semua Pasar (Gabungan),Bawang Putih,2026-10-16,33000.0
Semua Pasar (Gabungan),Bawang Putih,2026-10-17,33000.0
Semua Pasar (Gabungan),Bawang Putih,2026-10-18,33000.0
Semua Pasar (Gabungan),Bawang Putih,2026-10-19,33000.0
Semua Pasar (Gabungan),Bawang Putih,2026-10-20,33000.0
Semua Pasar (Gabungan),Bawang Putih,2026-10-21,33500.0
Semua Pasar (Gabungan),Bawang Putih,2026-10-22,33500.0
Semua Pasar (Gabungan),Bawang putih Katingan,2026-10-09,39500.0
Semua Pasar (Gabungan),Bawang putih Katingan,2026-10-10,39500.0
Semua Pasar (Gabungan),Bawang putih Katingan,2026-10-11,39500.0
Semua Pasar (Gabungan),Bawang putih Katingan,2026-10-12,39500.0
Semua Pasar (Gabungan),Bawang putih Katingan,2026-10-13,39000.0
Semua Pasar (Gabungan),Bawang putih Katingan,2026-10-14,39000.0
Semua Pasar (Gabungan),Bawang putih Katingan,2026-10-15,39000.0
Semua Pasar (Gabungan),Bawang putih Katingan,2026-10-16,39000.0
Semua Pasar (Gabungan),Bawang putih Katingan,2026-10-17,39000.0
Semua Pasar (Gabungan),Bawang putih Katingan,2026-10-18,39000.0
Semua Pasar (Gabungan),Bawang putih Katingan,2026-10-19,39000.0
Semua Pasar (Gabungan),Bawang putih Katingan,2026-10-20,39000.0
Semua Pasar (Gabungan),Bawang putih Katingan,2026-10-21,39000.0
Semua Pasar (Gabungan),Bawang putih Katingan,2026-10-22,38500.0
Semua Pasar (Gabungan),Beras Bulog,2026-10-09,10500.0
Semua Pasar (Gabungan),Beras Bulog,2026-10-10,10500.0
Semua Pasar (Gabungan),Beras Bulog,2026-10-11,10500.0
Semua Pasar (Gabungan),Beras Bulog,2026-10-12,10500.0
Semua Pasar (Gabungan),Beras Bulog,2026-10-13,10500.0
Semua Pasar (Gabungan),Beras Bulog,2026-10-14,10500.0
Semua Pasar (Gabungan),Beras Bulog,2026-10-15,10500.0
Semua Pasar (Gabungan),Beras Bulog,2026-10-16,10500.0
Semua Pasar (Gabungan),Beras Bulog,2026-10-17,10500.0
Semua Pasar (Gabungan),Beras Bulog,2026-10-18,10500.0
Semua Pasar (Gabungan),Beras Bulog,2026-10-19,10500.0
Semua Pasar (Gabungan),Beras Bulog,2026-10-20,10500.0
Semua Pasar (Gabungan),Beras Bulog,2026-10-21,10500.0
Semua Pasar (Gabungan),Beras Bulog,2026-10-22,10500.0
Semua Pasar (Gabungan),Beras Medium,2026-10-09,14000.0
Semua Pasar (Gabungan),Beras Medium,2026-10-10,14000.0
Semua Pasar (Gabungan),Beras Medium,2026-10-11,14000.0
Semua Pasar (Gabungan),Beras Medium,2026-10-12,14000.0
Semua Pasar (Gabungan),Beras Medium,2026-10-13,14000.0
Semua Pasar (Gabungan),Beras Medium,2026-10-14,14000.0
Semua Pasar (Gabungan),Beras Medium,2026-10-15,14000.0
Semua Pasar (Gabungan),Beras Medium,2026-10-16,14000.0
Semua Pasar (Gabungan),Beras Medium,2026-10-17,14000.0
Semua Pasar (Gabungan),Beras Medium,2026-10-18,14000.0
Semua Pasar (Gabungan),Beras Medium,2026-10-19,14000.0
Semua Pasar (Gabungan),Beras Medium,2026-10-20,14000.0
Semua Pasar (Gabungan),Beras Medium,2026-10-21,14000.0
Semua Pasar (Gabungan),Beras Medium,2026-10-22,14000.0
Semua Pasar (Gabungan),Beras Premium I,2026-10-09,15500.0
Semua Pasar (Gabungan),Beras Premium I,2026-10-10,15500.0
Semua Pasar (Gabungan),Beras Premium I,2026-10-11,15500.0
Semua Pasar (Gabungan),Beras Premium I,2026-10-12,15500.0
Semua Pasar (Gabungan),Beras Premium I,2026-10-13,15500.0
Semua Pasar (Gabungan),Beras Premium I,2026-10-14,15500.0
Semua Pasar (Gabungan),Beras Premium I,2026-10-15,15500.0
Semua Pasar (Gabungan),Beras Premium I,2026-10-16,15500.0
Semua Pasar (Gabungan),Beras Premium I,2026-10-17,15500.0
Semua Pasar (Gabungan),Beras Premium I,2026-10-18,15500.0
Semua Pasar (Gabungan),Beras Premium I,2026-10-19,15500.0
Semua Pasar (Gabungan),Beras Premium I,2026-10-20,15500.0
Semua Pasar (Gabungan),Beras Premium I,2026-10-21,15500.0
Semua Pasar (Gabungan),Beras Premium I,2026-10-22,15500.0
Semua Pasar (Gabungan),Beras Premium II,2026-10-09,14500.0
Semua Pasar (Gabungan),Beras Premium II,2026-10-10,14500.0
Semua Pasar (Gabungan),Beras Premium II,2026-10-11,14500.0
Semua Pasar (Gabungan),Beras Premium II,2026-10-12,14500.0
Semua Pasar (Gabungan),Beras Premium II,2026-10-13,14500.0
Semua Pasar (Gabungan),Beras Premium II,2026-10-14,14500.0
Semua Pasar (Gabungan),Beras Premium II,2026-10-15,14500.0
Semua Pasar (Gabungan),Beras Premium II,2026-10-16,14500.0
Semua Pasar (Gabungan),Beras Premium II,2026-10-17,14500.0
Semua Pasar (Gabungan),Beras Premium II,2026-10-18,14500.0
Semua Pasar (Gabungan),Beras Premium II,2026-10-19,14500.0
Semua Pasar (Gabungan),Beras Premium II,2026-10-20,14500.0
Semua Pasar (Gabungan),Beras Premium II,2026-10-21,14500.0
Semua Pasar (Gabungan),Beras Premium II,2026-10-22,14500.0
Semua Pasar (Gabungan),Besi Beton 10 mm,2026-10-09,20000.0
Semua Pasar (Gabungan),Besi Beton 10 mm,2026-10-10,20000.0
Semua Pasar (Gabungan),Besi Beton 10 mm,2026-10-11,20000.0
Semua Pasar (Gabungan),Besi Beton 10 mm,2026-10-12,20000.0
Semua Pasar (Gabungan),Besi Beton 10 mm,2026-10-13,20000.0
Semua Pasar (Gabungan),Besi Beton 10 mm,2026-10-14,20000.0
Semua Pasar (Gabungan),Besi Beton 10 mm,2026-10-15,20000.0
Semua Pasar (Gabungan),Besi Beton 10 mm,2026-10-16,20000.0
Semua Pasar (Gabungan),Besi Beton 10 mm,2026-10-17,20000.0
Semua Pasar (Gabungan),Besi Beton 10 mm,2026-10-18,20000.0
Semua Pasar (Gabungan),Besi Beton 10 mm,2026-10-19,20000.0
Semua Pasar (Gabungan),Besi Beton 10 mm,2026-10-20,20000.0
Semua Pasar (Gabungan),Besi Beton 10 mm,2026-10-21,20000.0
Semua Pasar (Gabungan),Besi Beton 10 mm,2026-10-22,20000.0
Semua Pasar (Gabungan),Beras Premium Super,2026-10-09,15000.0
Semua Pasar (Gabungan),Beras Premium Super,2026-10-10,15000.0
Semua Pasar (Gabungan),Beras Premium Super,2026-10-11,15000.0
Semua Pasar (Gabungan),Beras Premium Super,2026-10-12,15000.0
Semua Pasar (Gabungan),Beras Premium Super,2026-10-13,15000.0
Semua Pasar (Gabungan),Beras Premium Super,2026-10-14,15000.0
Semua Pasar (Gabungan),Beras Premium Super,2026-10-15,15000.0
Semua Pasar (Gabungan),Beras Premium Super,2026-10-16,15000.0
Semua Pasar (Gabungan),Beras Premium Super,2026-10-17,15000.0
Semua Pasar (Gabungan),Beras Premium Super,2026-10-18,15000.0
Semua Pasar (Gabungan),Beras Premium Super,2026-10-19,15000.0
Semua Pasar (Gabungan),Beras Premium Super,2026-10-20,15000.0
Semua Pasar (Gabungan),Beras Premium Super,2026-10-21,15000.0
Semua Pasar (Gabungan),Beras Premium Super,2026-10-22,15000.0
Semua Pasar (Gabungan),Buncis,2026-10-09,16500.0
Semua Pasar (Gabungan),Buncis,2026-10-10,16000.0
Semua Pasar (Gabungan),Buncis,2026-10-11,16500.0
Semua Pasar (Gabungan),Buncis,2026-10-12,16000.0
Semua Pasar (Gabungan),Buncis,2026-10-13,16000.0
Semua Pasar (Gabungan),Buncis,2026-10-14,16000.0
Semua Pasar (Gabungan),Buncis,2026-10-15,16500.0
Semua Pasar (Gabungan),Buncis,2026-10-16,16500.0
Semua Pasar (Gabungan),Buncis,2026-10-17,16500.0
Semua Pasar (Gabungan),Buncis,2026-10-18,16000.0
Semua Pasar (Gabungan),Buncis,2026-10-19,16000.0
Semua Pasar (Gabungan),Buncis,2026-10-20,16000.0
Semua Pasar (Gabungan),Buncis,2026-10-21,16000.0
Semua Pasar (Gabungan),Buncis,2026-10-22,16000.0
Semua Pasar (Gabungan),Cabe Hijau,2026-10-09,19000.0
Semua Pasar (Gabungan),Cabe Hijau,2026-10-10,19000.0
Semua Pasar (Gabungan),Cabe Hijau,2026-10-11,19000.0
Semua Pasar (Gabungan),Cabe Hijau,2026-10-12,19000.0
Semua Pasar (Gabungan),Cabe Hijau,2026-10-13,19000.0
Semua Pasar (Gabungan),Cabe Hijau,2026-10-14,19500.0
Semua Pasar (Gabungan),Cabe Hijau,2026-10-15,19500.0
Semua Pasar (Gabungan),Cabe Hijau,2026-10-16,19500.0
Semua Pasar (Gabungan),Cabe Hijau,2026-10-17,19500.0
Semua Pasar (Gabungan),Cabe Hijau,2026-10-18,19500.0
Semua Pasar (Gabungan),Cabe Hijau,2026-10-19,20000.0
Semua Pasar (Gabungan),Cabe Hijau,2026-10-20,19500.0
Semua Pasar (Gabungan),Cabe Hijau,2026-10-21,20000.0
Semua Pasar (Gabungan),Cabe Hijau,2026-10-22,20000.0
Semua Pasar (Gabungan),Cabe Merah Biasa,2026-10-09,44000.0
Semua Pasar (Gabungan),Cabe Merah Biasa,2026-10-10,44500.0
Semua Pasar (Gabungan),Cabe Merah Biasa,2026-10-11,45500.0
Semua Pasar (Gabungan),Cabe Merah Biasa,2026-10-12,46000.0
Semua Pasar (Gabungan),Cabe Merah Biasa,2026-10-13,44000.0
Semua Pasar (Gabungan),Cabe Merah Biasa,2026-10-14,45500.0
Semua Pasar (Gabungan),Cabe Merah Biasa,2026-10-15,45000.0
Semua Pasar (Gabungan),Cabe Merah Biasa,2026-10-16,45500.0
Semua Pasar (Gabungan),Cabe Merah Biasa,2026-10-17,45500.0
Semua Pasar (Gabungan),Cabe Merah Biasa,2026-10-18,44500.0
Semua Pasar (Gabungan),Cabe Merah Biasa,2026-10-19,44000.0
Semua Pasar (Gabungan),Cabe Merah Biasa,2026-10-20,45500.0
Semua Pasar (Gabungan),Cabe Merah Biasa,2026-10-21,46500.0
Semua Pasar (Gabungan),Cabe Merah Biasa,2026-10-22,48500.0
Semua Pasar (Gabungan),Cabe Merah Keriting,2026-10-09,56500.0
Semua Pasar (Gabungan),Cabe Merah Keriting,2026-10-10,56500.0
Semua Pasar (Gabungan),Cabe Merah Keriting,2026-10-11,55500.0
Semua Pasar (Gabungan),Cabe Merah Keriting,2026-10-12,54500.0
Semua Pasar (Gabungan),Cabe Merah Keriting,2026-10-13,54000.0
Semua Pasar (Gabungan),Cabe Merah Keriting,2026-10-14,53500.0
Semua Pasar (Gabungan),Cabe Merah Keriting,2026-10-15,55000.0
Semua Pasar (Gabungan),Cabe Merah Keriting,2026-10-16,53000.0
Semua Pasar (Gabungan),Cabe Merah Keriting,2026-10-17,54500.0
Semua Pasar (Gabungan),Cabe Merah Keriting,2026-10-18,55000.0
Semua Pasar (Gabungan),Cabe Merah Keriting,2026-10-19,54000.0
Semua Pasar (Gabungan),Cabe Merah Keriting,2026-10-20,54000.0
Semua Pasar (Gabungan),Cabe Merah Keriting,2026-10-21,53500.0
Semua Pasar (Gabungan),Cabe Merah Keriting,2026-10-22,57500.0
Semua Pasar (Gabungan),Cabe Rawit Hijau,2026-10-09,44000.0
Semua Pasar (Gabungan),Cabe Rawit Hijau,2026-10-10,44000.0
Semua Pasar (Gabungan),Cabe Rawit Hijau,2026-10-11,44000.0
Semua Pasar (Gabungan),Cabe Rawit Hijau,2026-10-12,44000.0
Semua Pasar (Gabungan),Cabe Rawit Hijau,2026-10-13,44500.0
Semua Pasar (Gabungan),Cabe Rawit Hijau,2026-10-14,43500.0
Semua Pasar (Gabungan),Cabe Rawit Hijau,2026-10-15,44500.0
Semua Pasar (Gabungan),Cabe Rawit Hijau,2026-10-16,44000.0
Semua Pasar (Gabungan),Cabe Rawit Hijau,2026-10-17,43500.0
Semua Pasar (Gabungan),Cabe Rawit Hijau,2026-10-18,46000.0
Semua Pasar (Gabungan),Cabe Rawit Hijau,2026-10-19,49500.0
Semua Pasar (Gabungan),Cabe Rawit Hijau,2026-10-20,50500.0
Semua Pasar (Gabungan),Cabe Rawit Hijau,2026-10-21,51000.0
Semua Pasar (Gabungan),Cabe Rawit Hijau,2026-10-22,52500.0
Semua Pasar (Gabungan),Cabe Rawit Merah,2026-10-09,81500.0
Semua Pasar (Gabungan),Cabe Rawit Merah,2026-10-10,81000.0
Semua Pasar (Gabungan),Cabe Rawit Merah,2026-10-11,81000.0
Semua Pasar (Gabungan),Cabe Rawit Merah,2026-10-12,80500.0
Semua Pasar (Gabungan),Cabe Rawit Merah,2026-10-13,80000.0
Semua Pasar (Gabungan),Cabe Rawit Merah,2026-10-14,79500.0
Semua Pasar (Gabungan),Cabe Rawit Merah,2026-10-15,80500.0
Semua Pasar (Gabungan),Cabe Rawit Merah,2026-10-16,81000.0
Semua Pasar (Gabungan),Cabe Rawit Merah,2026-10-17,80500.0
Semua Pasar (Gabungan),Cabe Rawit Merah,2026-10-18,78500.0
Semua Pasar (Gabungan),Cabe Rawit Merah,2026-10-19,80500.0
Semua Pasar (Gabungan),Cabe Rawit Merah,2026-10-20,78500.0
Semua Pasar (Gabungan),Cabe Rawit Merah,2026-10-21,79000.0
Semua Pasar (Gabungan),Cabe Rawit Merah,2026-10-22,78000.0
Semua Pasar (Gabungan),Cakra Kembar,2026-10-09,14000.0
Semua Pasar (Gabungan),Cakra Kembar,2026-10-10,14000.0
Semua Pasar (Gabungan),Cakra Kembar,2026-10-11,14000.0
Semua Pasar (Gabungan),Cakra Kembar,2026-10-12,14000.0
Semua Pasar (Gabungan),Cakra Kembar,2026-10-13,14000.0
Semua Pasar (Gabungan),Cakra Kembar,2026-10-14,14000.0
Semua Pasar (Gabungan),Cakra Kembar,2026-10-15,14000.0
Semua Pasar (Gabungan),Cakra Kembar,2026-10-16,14000.0
Semua Pasar (Gabungan),Cakra Kembar,2026-10-17,14000.0
Semua Pasar (Gabungan),Cakra Kembar,2026-10-18,14000.0
Semua Pasar (Gabungan),Cakra Kembar,2026-10-19,14000.0
Semua Pasar (Gabungan),Cakra Kembar,2026-10-20,14000.0
Semua Pasar (Gabungan),Cakra Kembar,2026-10-21,14000.0
Semua Pasar (Gabungan),Cakra Kembar,2026-10-22,14000.0
Semua Pasar (Gabungan),Cumi Asin,2026-10-09,102000.0
Semua Pasar (Gabungan),Cumi Asin,2026-10-10,102000.0
Semua Pasar (Gabungan),Cumi Asin,2026-10-11,102000.0
Semua Pasar (Gabungan),Cumi Asin,2026-10-12,102000.0
Semua Pasar (Gabungan),Cumi Asin,2026-10-13,102000.0
Semua Pasar (Gabungan),Cumi Asin,2026-10-14,102000.0
Semua Pasar (Gabungan),Cumi Asin,2026-10-15,102000.0
Semua Pasar (Gabungan),Cumi Asin,2026-10-16,102000.0
Semua Pasar (Gabungan),Cumi Asin,2026-10-17,102000.0
Semua Pasar (Gabungan),Cumi Asin,2026-10-18,102000.0
Semua Pasar (Gabungan),Cumi Asin,2026-10-19,102000.0
Semua Pasar (Gabungan),Cumi Asin,2026-10-20,102000.0
Semua Pasar (Gabungan),Cumi Asin,2026-10-21,102000.0
Semua Pasar (Gabungan),Cumi Asin,2026-10-22,102000.0
Semua Pasar (Gabungan),Daging Ayam Broiler,2026-10-09,38000.0
Semua Pasar (Gabungan),Daging Ayam Broiler,2026-10-10,38000.0
Semua Pasar (Gabungan),Daging Ayam Broiler,2026-10-11,38000.0
Semua Pasar (Gabungan),Daging Ayam Broiler,2026-10-12,38000.0
Semua Pasar (Gabungan),Daging Ayam Broiler,2026-10-13,38000.0
Semua Pasar (Gabungan),Daging Ayam Broiler,2026-10-14,38500.0
Semua Pasar (Gabungan),Daging Ayam Broiler,2026-10-15,38000.0
Semua Pasar (Gabungan),Daging Ayam Broiler,2026-10-16,38000.0
Semua Pasar (Gabungan),Daging Ayam Broiler,2026-10-17,38000.0
Semua Pasar (Gabungan),Daging Ayam Broiler,2026-10-18,37000.0
Semua Pasar (Gabungan),Daging Ayam Broiler,2026-10-19,38000.0
Semua Pasar (Gabungan),Daging Ayam Broiler,2026-10-20,38000.0
Semua Pasar (Gabungan),Daging Ayam Broiler,2026-10-21,38000.0
Semua Pasar (Gabungan),Daging Ayam Broiler,2026-10-22,38000.0
Semua Pasar (Gabungan),Daging Ayam Kampung,2026-10-09,41000.0
Semua Pasar (Gabungan),Daging Ayam Kampung,2026-10-10,41000.0
Semua Pasar (Gabungan),Daging Ayam Kampung,2026-10-11,41000.0
Semua Pasar (Gabungan),Daging Ayam Kampung,2026-10-12,41000.0
Semua Pasar (Gabungan),Daging Ayam Kampung,2026-10-13,41000.0
Semua Pasar (Gabungan),Daging Ayam Kampung,2026-10-14,41000.0
Semua Pasar (Gabungan),Daging Ayam Kampung,2026-10-15,41000.0
Semua Pasar (Gabungan),Daging Ayam Kampung,2026-10-16,41000.0
Semua Pasar (Gabungan),Daging Ayam Kampung,2026-10-17,41000.0
Semua Pasar (Gabungan),Daging Ayam Kampung,2026-10-18,41000.0
Semua Pasar (Gabungan),Daging Ayam Kampung,2026-10-19,41000.0
Semua Pasar (Gabungan),Daging Ayam Kampung,2026-10-20,41000.0
Semua Pasar (Gabungan),Daging Ayam Kampung,2026-10-21,41000.0
Semua Pasar (Gabungan),Daging Ayam Kampung,2026-10-22,41000.0
Semua Pasar (Gabungan),Daging Kambing,2026-10-09,129000.0
Semua Pasar (Gabungan),Daging Kambing,2026-10-10,129000.0
Semua Pasar (Gabungan),Daging Kambing,2026-10-11,129000.0
Semua Pasar (Gabungan),Daging Kambing,2026-10-12,129000.0
Semua Pasar (Gabungan),Daging Kambing,2026-10-13,129000.0
Semua Pasar (Gabungan),Daging Kambing,2026-10-14,129000.0
Semua Pasar (Gabungan),Daging Kambing,2026-10-15,129000.0
Semua Pasar (Gabungan),Daging Kambing,2026-10-16,129000.0
Semua Pasar (Gabungan),Daging Kambing,2026-10-17,129000.0
Semua Pasar (Gabungan),Daging Kambing,2026-10-18,129000.0
Semua Pasar (Gabungan),Daging Kambing,2026-10-19,129000.0
Semua Pasar (Gabungan),Daging Kambing,2026-10-20,129000.0
Semua Pasar (Gabungan),Daging Kambing,2026-10-21,129000.0
Semua Pasar (Gabungan),Daging Kambing,2026-10-22,129000.0
Semua Pasar (Gabungan),Garam Beryodium Bata,2026-10-09,7000.0
Semua Pasar (Gabungan),Garam Beryodium Bata,2026-10-10,7000.0
Semua Pasar (Gabungan),Garam Beryodium Bata,2026-10-11,7000.0
Semua Pasar (Gabungan),Garam Beryodium Bata,2026-10-12,7000.0
Semua Pasar (Gabungan),Garam Beryodium Bata,2026-10-13,7000.0
Semua Pasar (Gabungan),Garam Beryodium Bata,2026-10-14,7000.0
Semua Pasar (Gabungan),Garam Beryodium Bata,2026-10-15,7000.0
Semua Pasar (Gabungan),Garam Beryodium Bata,2026-10-16,7000.0
Semua Pasar (Gabungan),Garam Beryodium Bata,2026-10-17,7000.0
Semua Pasar (Gabungan),Garam Beryodium Bata,2026-10-18,7000.0
Semua Pasar (Gabungan),Garam Beryodium Bata,2026-10-19,7000.0
Semua Pasar (Gabungan),Garam Beryodium Bata,2026-10-20,7000.0
Semua Pasar (Gabungan),Garam Beryodium Bata,2026-10-21,7000.0
Semua Pasar (Gabungan),Garam Beryodium Bata,2026-10-22,7000.0
Semua Pasar (Gabungan),Daging Sapi Kw 2,2026-10-09,117500.0
Semua Pasar (Gabungan),Daging Sapi Kw 2,2026-10-10,117500.0
Semua Pasar (Gabungan),Daging Sapi Kw 2,2026-10-11,117500.0
Semua Pasar (Gabungan),Daging Sapi Kw 2,2026-10-12,117500.0
Semua Pasar (Gabungan),Daging Sapi Kw 2,2026-10-13,117000.0
Semua Pasar (Gabungan),Daging Sapi Kw 2,2026-10-14,117000.0
Semua Pasar (Gabungan),Daging Sapi Kw 2,2026-10-15,117000.0
Semua Pasar (Gabungan),Daging Sapi Kw 2,2026-10-16,117000.0
Semua Pasar (Gabungan),Daging Sapi Kw 2,2026-10-17,117000.0
Semua Pasar (Gabungan),Daging Sapi Kw 2,2026-10-18,117000.0
Semua Pasar (Gabungan),Daging Sapi Kw 2,2026-10-19,117000.0
Semua Pasar (Gabungan),Daging Sapi Kw 2,2026-10-20,117000.0
Semua Pasar (Gabungan),Daging Sapi Kw 2,2026-10-21,117000.0
Semua Pasar (Gabungan),Daging Sapi Kw 2,2026-10-22,117000.0
Semua Pasar (Gabungan),Daging Sapi Murni,2026-10-09,152500.0
Semua Pasar (Gabungan),Daging Sapi Murni,2026-10-10,152000.0
Semua Pasar (Gabungan),Daging Sapi Murni,2026-10-11,152500.0
Semua Pasar (Gabungan),Daging Sapi Murni,2026-10-12,152500.0
Semua Pasar (Gabungan),Daging Sapi Murni,2026-10-13,152500.0
Semua Pasar (Gabungan),Daging Sapi Murni,2026-10-14,152500.0
Semua Pasar (Gabungan),Daging Sapi Murni,2026-10-15,153000.0
Semua Pasar (Gabungan),Daging Sapi Murni,2026-10-16,153000.0
Semua Pasar (Gabungan),Daging Sapi Murni,2026-10-17,153500.0
Semua Pasar (Gabungan),Daging Sapi Murni,2026-10-18,152500.0
Semua Pasar (Gabungan),Daging Sapi Murni,2026-10-19,154000.0
Semua Pasar (Gabungan),Daging Sapi Murni,2026-10-20,154000.0
Semua Pasar (Gabungan),Daging Sapi Murni,2026-10-21,154000.0
Semua Pasar (Gabungan),Daging Sapi Murni,2026-10-22,154000.0
Semua Pasar (Gabungan),Garam Beryodium,2026-10-09,3000.0
Semua Pasar (Gabungan),Garam Beryodium,2026-10-10,3000.0
Semua Pasar (Gabungan),Garam Beryodium,2026-10-11,3500.0
Semua Pasar (Gabungan),Garam Beryodium,2026-10-12,3500.0
Semua Pasar (Gabungan),Garam Beryodium,2026-10-13,3500.0
Semua Pasar (Gabungan),Garam Beryodium,2026-10-14,3500.0
Semua Pasar (Gabungan),Garam Beryodium,2026-10-15,3500.0
Semua Pasar (Gabungan),Garam Beryodium,2026-10-16,3500.0
Semua Pasar (Gabungan),Garam Beryodium,2026-10-17,3500.0
Semua Pasar (Gabungan),Garam Beryodium,2026-10-18,3500.0
Semua Pasar (Gabungan),Garam Beryodium,2026-10-19,3500.0
Semua Pasar (Gabungan),Garam Beryodium,2026-10-20,3500.0
Semua Pasar (Gabungan),Garam Beryodium,2026-10-21,3500.0
Semua Pasar (Gabungan),Garam Beryodium,2026-10-22,3500.0
Semua Pasar (Gabungan),Gas Elpiji,2026-10-09,17000.0
Semua Pasar (Gabungan),Gas Elpiji,2026-10-10,17000.0
Semua Pasar (Gabungan),Gas Elpiji,2026-10-11,17000.0
Semua Pasar (Gabungan),Gas Elpiji,2026-10-12,17000.0
Semua Pasar (Gabungan),Gas Elpiji,2026-10-13,17000.0
Semua Pasar (Gabungan),Gas Elpiji,2026-10-14,17000.0
Semua Pasar (Gabungan),Gas Elpiji,2026-10-15,17000.0
Semua Pasar (Gabungan),Gas Elpiji,2026-10-16,17000.0
Semua Pasar (Gabungan),Gas Elpiji,2026-10-17,17000.0
Semua Pasar (Gabungan),Gas Elpiji,2026-10-18,17000.0
Semua Pasar (Gabungan),Gas Elpiji,2026-10-19,17000.0
Semua Pasar (Gabungan),Gas Elpiji,2026-10-20,17500.0
Semua Pasar (Gabungan),Gas Elpiji,2026-10-21,17500.0
Semua Pasar (Gabungan),Gas Elpiji,2026-10-22,17500.0
Semua Pasar (Gabungan),Gula Batu,2026-10-09,19500.0
Semua Pasar (Gabungan),Gula Batu,2026-10-10,19500.0
Semua Pasar (Gabungan),Gula Batu,2026-10-11,19500.0
Semua Pasar (Gabungan),Gula Batu,2026-10-12,19500.0
Semua Pasar (Gabungan),Gula Batu,2026-10-13,19500.0
Semua Pasar (Gabungan),Gula Batu,2026-10-14,19500.0
Semua Pasar (Gabungan),Gula Batu,2026-10-15,19500.0
Semua Pasar (Gabungan),Gula Batu,2026-10-16,19000.0
Semua Pasar (Gabungan),Gula Batu,2026-10-17,19000.0
Semua Pasar (Gabungan),Gula Batu,2026-10-18,19000.0
Semua Pasar (Gabungan),Gula Batu,2026-10-19,19000.0
Semua Pasar (Gabungan),Gula Batu,2026-10-20,19000.0
Semua Pasar (Gabungan),Gula Batu,2026-10-21,19000.0
Semua Pasar (Gabungan),Gula Batu,2026-10-22,19000.0
Semua Pasar (Gabungan),Gula Impor,2026-10-09,16500.0
Semua Pasar (Gabungan),Gula Impor,2026-10-10,16500.0
Semua Pasar (Gabungan),Gula Impor,2026-10-11,16500.0
Semua Pasar (Gabungan),Gula Impor,2026-10-12,16500.0
Semua Pasar (Gabungan),Gula Impor,2026-10-13,16500.0
Semua Pasar (Gabungan),Gula Impor,2026-10-14,16500.0
Semua Pasar (Gabungan),Gula Impor,2026-10-15,16500.0
Semua Pasar (Gabungan),Gula Impor,2026-10-16,16500.0
Semua Pasar (Gabungan),Gula Impor,2026-10-17,16500.0
Semua Pasar (Gabungan),Gula Impor,2026-10-18,16500.0
Semua Pasar (Gabungan),Gula Impor,2026-10-19,16500.0
Semua Pasar (Gabungan),Gula Impor,2026-10-20,16500.0
Semua Pasar (Gabungan),Gula Impor,2026-10-21,16500.0
Semua Pasar (Gabungan),Gula Impor,2026-10-22,16500.0
Semua Pasar (Gabungan),Ikan Asin Kembung,2026-10-09,17500.0
Semua Pasar (Gabungan),Ikan Asin Kembung,2026-10-10,17500.0
Semua Pasar (Gabungan),Ikan Asin Kembung,2026-10-11,17500.0
Semua Pasar (Gabungan),Ikan Asin Kembung,2026-10-12,17500.0
Semua Pasar (Gabungan),Ikan Asin Kembung,2026-10-13,17500.0
Semua Pasar (Gabungan),Ikan Asin Kembung,2026-10-14,17500.0
Semua Pasar (Gabungan),Ikan Asin Kembung,2026-10-15,17500.0
Semua Pasar (Gabungan),Ikan Asin Kembung,2026-10-16,17500.0
Semua Pasar (Gabungan),Ikan Asin Kembung,2026-10-17,17500.0
Semua Pasar (Gabungan),Ikan Asin Kembung,2026-10-18,17500.0
Semua Pasar (Gabungan),Ikan Asin Kembung,2026-10-19,17500.0
Semua Pasar (Gabungan),Ikan Asin Kembung,2026-10-20,17500.0
Semua Pasar (Gabungan),Ikan Asin Kembung,2026-10-21,17500.0
Semua Pasar (Gabungan),Ikan Asin Kembung,2026-10-22,17500.0
Semua Pasar (Gabungan),Gula Merah,2026-10-09,18500.0
Semua Pasar (Gabungan),Gula Merah,2026-10-10,18500.0
Semua Pasar (Gabungan),Gula Merah,2026-10-11,18500.0
Semua Pasar (Gabungan),Gula Merah,2026-10-12,18500.0
Semua Pasar (Gabungan),Gula Merah,2026-10-13,18500.0
Semua Pasar (Gabungan),Gula Merah,2026-10-14,18500.0
Semua Pasar (Gabungan),Gula Merah,2026-10-15,18500.0
Semua Pasar (Gabungan),Gula Merah,2026-10-16,18500.0
Semua Pasar (Gabungan),Gula Merah,2026-10-17,18500.0
Semua Pasar (Gabungan),Gula Merah,2026-10-18,18500.0
Semua Pasar (Gabungan),Gula Merah,2026-10-19,18500.0
Semua Pasar (Gabungan),Gula Merah,2026-10-20,18500.0
Semua Pasar (Gabungan),Gula Merah,2026-10-21,18500.0
Semua Pasar (Gabungan),Gula Merah,2026-10-22,18500.0
Semua Pasar (Gabungan),Gula Pasir lokal,2026-10-09,18500.0
Semua Pasar (Gabungan),Gula Pasir lokal,2026-10-10,18500.0
Semua Pasar (Gabungan),Gula Pasir lokal,2026-10-11,18500.0
Semua Pasar (Gabungan),Gula Pasir lokal,2026-10-12,18500.0
Semua Pasar (Gabungan),Gula Pasir lokal,2026-10-13,18500.0
Semua Pasar (Gabungan),Gula Pasir lokal,2026-10-14,18500.0
Semua Pasar (Gabungan),Gula Pasir lokal,2026-10-15,18500.0
Semua Pasar (Gabungan),Gula Pasir lokal,2026-10-16,18500.0
Semua Pasar (Gabungan),Gula Pasir lokal,2026-10-17,18500.0
Semua Pasar (Gabungan),Gula Pasir lokal,2026-10-18,18500.0
Semua Pasar (Gabungan),Gula Pasir lokal,2026-10-19,18500.0
Semua Pasar (Gabungan),Gula Pasir lokal,2026-10-20,18500.0
Semua Pasar (Gabungan),Gula Pasir lokal,2026-10-21,18500.0
Semua Pasar (Gabungan),Gula Pasir lokal,2026-10-22,18500.0
Semua Pasar (Gabungan),Ikan Asin Peda,2026-10-09,17000.0
Semua Pasar (Gabungan),Ikan Asin Peda,2026-10-10,17000.0
Semua Pasar (Gabungan),Ikan Asin Peda,2026-10-11,17000.0
Semua Pasar (Gabungan),Ikan Asin Peda,2026-10-12,17000.0
Semua Pasar (Gabungan),Ikan Asin Peda,2026-10-13,17000.0
Semua Pasar (Gabungan),Ikan Asin Peda,2026-10-14,17000.0
Semua Pasar (Gabungan),Ikan Asin Peda,2026-10-15,17000.0
Semua Pasar (Gabungan),Ikan Asin Peda,2026-10-16,17000.0
Semua Pasar (Gabungan),Ikan Asin Peda,2026-10-17,17000.0
Semua Pasar (Gabungan),Ikan Asin Peda,2026-10-18,17000.0
Semua Pasar (Gabungan),Ikan Asin Peda,2026-10-19,17000.0
Semua Pasar (Gabungan),Ikan Asin Peda,2026-10-20,17000.0
Semua Pasar (Gabungan),Ikan Asin Peda,2026-10-21,17000.0
Semua Pasar (Gabungan),Ikan Asin Peda,2026-10-22,17000.0
Semua Pasar (Gabungan),Ikan Asin Teri,2026-10-09,18500.0
Semua Pasar (Gabungan),Ikan Asin Teri,2026-10-10,18500.0
Semua Pasar (Gabungan),Ikan Asin Teri,2026-10-11,18500.0
Semua Pasar (Gabungan),Ikan Asin Teri,2026-10-12,18500.0
Semua Pasar (Gabungan),Ikan Asin Teri,2026-10-13,18500.0
Semua Pasar (Gabungan),Ikan Asin Teri,2026-10-14,18500.0
Semua Pasar (Gabungan),Ikan Asin Teri,2026-10-15,18500.0
Semua Pasar (Gabungan),Ikan Asin Teri,2026-10-16,18500.0
Semua Pasar (Gabungan),Ikan Asin Teri,2026-10-17,18500.0
Semua Pasar (Gabungan),Ikan Asin Teri,2026-10-18,18500.0
Semua Pasar (Gabungan),Ikan Asin Teri,2026-10-19,18500.0
Semua Pasar (Gabungan),Ikan Asin Teri,2026-10-20,18500.0
Semua Pasar (Gabungan),Ikan Asin Teri,2026-10-21,18500.0
Semua Pasar (Gabungan),Ikan Asin Teri,2026-10-22,18500.0
Semua Pasar (Gabungan),Ikan Asin Tiga Wajan,2026-10-09,29500.0
Semua Pasar (Gabungan),Ikan Asin Tiga Wajan,2026-10-10,29500.0
Semua Pasar (Gabungan),Ikan Asin Tiga Wajan,2026-10-11,29500.0
Semua Pasar (Gabungan),Ikan Asin Tiga Wajan,2026-10-12,29500.0
Semua Pasar (Gabungan),Ikan Asin Tiga Wajan,2026-10-13,29500.0
Semua Pasar (Gabungan),Ikan Asin Tiga Wajan,2026-10-14,29500.0
Semua Pasar (Gabungan),Ikan Asin Tiga Wajan,2026-10-15,29500.0
Semua Pasar (Gabungan),Ikan Asin Tiga Wajan,2026-10-16,29500.0
Semua Pasar (Gabungan),Ikan Asin Tiga Wajan,2026-10-17,29500.0
Semua Pasar (Gabungan),Ikan Asin Tiga Wajan,2026-10-18,29500.0
Semua Pasar (Gabungan),Ikan Asin Tiga Wajan,2026-10-19,29500.0
Semua Pasar (Gabungan),Ikan Asin Tiga Wajan,2026-10-20,29500.0
Semua Pasar (Gabungan),Ikan Asin Tiga Wajan,2026-10-21,29500.0
Semua Pasar (Gabungan),Ikan Asin Tiga Wajan,2026-10-22,29500.0
Semua Pasar (Gabungan),Ikan Bandeng,2026-10-09,35000.0
Semua Pasar (Gabungan),Ikan Bandeng,2026-10-10,35000.0
Semua Pasar (Gabungan),Ikan Bandeng,2026-10-11,35000.0
Semua Pasar (Gabungan),Ikan Bandeng,2026-10-12,34500.0
Semua Pasar (Gabungan),Ikan Bandeng,2026-10-13,35000.0
Semua Pasar (Gabungan),Ikan Bandeng,2026-10-14,35000.0
Semua Pasar (Gabungan),Ikan Bandeng,2026-10-15,35000.0
Semua Pasar (Gabungan),Ikan Bandeng,2026-10-16,35000.0
Semua Pasar (Gabungan),Ikan Bandeng,2026-10-17,35000.0
Semua Pasar (Gabungan),Ikan Bandeng,2026-10-18,35000.0
Semua Pasar (Gabungan),Ikan Bandeng,2026-10-19,35000.0
Semua Pasar (Gabungan),Ikan Bandeng,2026-10-20,35000.0
Semua Pasar (Gabungan),Ikan Bandeng,2026-10-21,35000.0
Semua Pasar (Gabungan),Ikan Bandeng,2026-10-22,34500.0
Semua Pasar (Gabungan),Ikan Kembung,2026-10-09,42000.0
Semua Pasar (Gabungan),Ikan Kembung,2026-10-10,42000.0
Semua Pasar (Gabungan),Ikan Kembung,2026-10-11,42000.0
Semua Pasar (Gabungan),Ikan Kembung,2026-10-12,42000.0
Semua Pasar (Gabungan),Ikan Kembung,2026-10-13,42000.0
Semua Pasar (Gabungan),Ikan Kembung,2026-10-14,42000.0
Semua Pasar (Gabungan),Ikan Kembung,2026-10-15,42000.0
Semua Pasar (Gabungan),Ikan Kembung,2026-10-16,42000.0
Semua Pasar (Gabungan),Ikan Kembung,2026-10-17,42000.0
Semua Pasar (Gabungan),Ikan Kembung,2026-10-18,42000.0
Semua Pasar (Gabungan),Ikan Kembung,2026-10-19,42000.0
Semua Pasar (Gabungan),Ikan Kembung,2026-10-20,42000.0
Semua Pasar (Gabungan),Ikan Kembung,2026-10-21,42000.0
Semua Pasar (Gabungan),Ikan Kembung,2026-10-22,42000.0
Semua Pasar (Gabungan),Ikan Kembung Layang,2026-10-09,113500.0
Semua Pasar (Gabungan),Ikan Kembung Layang,2026-10-10,113500.0
Semua Pasar (Gabungan),Ikan Kembung Layang,2026-10-11,113500.0
Semua Pasar (Gabungan),Ikan Kembung Layang,2026-10-12,113500.0
Semua Pasar (Gabungan),Ikan Kembung Layang,2026-10-13,113500.0
Semua Pasar (Gabungan),Ikan Kembung Layang,2026-10-14,113500.0
Semua Pasar (Gabungan),Ikan Kembung Layang,2026-10-15,113500.0
Semua Pasar (Gabungan),Ikan Kembung Layang,2026-10-16,113500.0
Semua Pasar (Gabungan),Ikan Kembung Layang,2026-10-17,113500.0
Semua Pasar (Gabungan),Ikan Kembung Layang,2026-10-18,113500.0
Semua Pasar (Gabungan),Ikan Kembung Layang,2026-10-19,113500.0
Semua Pasar (Gabungan),Ikan Kembung Layang,2026-10-20,113500.0
Semua Pasar (Gabungan),Ikan Kembung Layang,2026-10-21,113500.0
Semua Pasar (Gabungan),Ikan Kembung Layang,2026-10-22,113500.0
Semua Pasar (Gabungan),Ikan Mas,2026-10-09,32500.0
Semua Pasar (Gabungan),Ikan Mas,2026-10-10,32500.0
Semua Pasar (Gabungan),Ikan Mas,2026-10-11,32500.0
Semua Pasar (Gabungan),Ikan Mas,2026-10-12,32500.0
Semua Pasar (Gabungan),Ikan Mas,2026-10-13,32500.0
Semua Pasar (Gabungan),Ikan Mas,2026-10-14,32500.0
Semua Pasar (Gabungan),Ikan Mas,2026-10-15,32500.0
Semua Pasar (Gabungan),Ikan Mas,2026-10-16,32500.0
Semua Pasar (Gabungan),Ikan Mas,2026-10-17,32500.0
Semua Pasar (Gabungan),Ikan Mas,2026-10-18,32500.0
Semua Pasar (Gabungan),Ikan Mas,2026-10-19,32500.0
Semua Pasar (Gabungan),Ikan Mas,2026-10-20,32500.0
Semua Pasar (Gabungan),Ikan Mas,2026-10-21,32500.0
Semua Pasar (Gabungan),Ikan Mas,2026-10-22,32500.0
Semua Pasar (Gabungan),Ikan Tongkol,2026-10-09,31000.0
Semua Pasar (Gabungan),Ikan Tongkol,2026-10-10,31000.0
Semua Pasar (Gabungan),Ikan Tongkol,2026-10-11,31000.0
Semua Pasar (Gabungan),Ikan Tongkol,2026-10-12,31000.0
Semua Pasar (Gabungan),Ikan Tongkol,2026-10-13,31000.0
Semua Pasar (Gabungan),Ikan Tongkol,2026-10-14,31000.0
Semua Pasar (Gabungan),Ikan Tongkol,2026-10-15,31000.0
Semua Pasar (Gabungan),Ikan Tongkol,2026-10-16,31000.0
Semua Pasar (Gabungan),Ikan Tongkol,2026-10-17,31000.0
Semua Pasar (Gabungan),Ikan Tongkol,2026-10-18,31000.0
Semua Pasar (Gabungan),Ikan Tongkol,2026-10-19,31000.0
Semua Pasar (Gabungan),Ikan Tongkol,2026-10-20,31000.0
Semua Pasar (Gabungan),Ikan Tongkol,2026-10-21,31000.0
Semua Pasar (Gabungan),Ikan Tongkol,2026-10-22,31000.0
Semua Pasar (Gabungan),Indomie Kari Ayam,2026-10-09,13500.0
Semua Pasar (Gabungan),Indomie Kari Ayam,2026-10-10,13500.0
Semua Pasar (Gabungan),Indomie Kari Ayam,2026-10-11,13500.0
Semua Pasar (Gabungan),Indomie Kari Ayam,2026-10-12,13500.0
Semua Pasar (Gabungan),Indomie Kari Ayam,2026-10-13,13500.0
Semua Pasar (Gabungan),Indomie Kari Ayam,2026-10-14,13500.0
Semua Pasar (Gabungan),Indomie Kari Ayam,2026-10-15,13000.0
Semua Pasar (Gabungan),Indomie Kari Ayam,2026-10-16,13000.0
Semua Pasar (Gabungan),Indomie Kari Ayam,2026-10-17,13500.0
Semua Pasar (Gabungan),Indomie Kari Ayam,2026-10-18,13500.0
Semua Pasar (Gabungan),Indomie Kari Ayam,2026-10-19,13500.0
Semua Pasar (Gabungan),Indomie Kari Ayam,2026-10-20,13500.0
Semua Pasar (Gabungan),Indomie Kari Ayam,2026-10-21,13500.0
Semua Pasar (Gabungan),Indomie Kari Ayam,2026-10-22,13500.0
Semua Pasar (Gabungan),Jagung Pipilan Kering,2026-10-09,3500.0
Semua Pasar (Gabungan),Jagung Pipilan Kering,2026-10-10,3500.0
Semua Pasar (Gabungan),Jagung Pipilan Kering,2026-10-11,3500.0
Semua Pasar (Gabungan),Jagung Pipilan Kering,2026-10-12,3500.0
Semua Pasar (Gabungan),Jagung Pipilan Kering,2026-10-13,3500.0
Semua Pasar (Gabungan),Jagung Pipilan Kering,2026-10-14,3500.0
Semua Pasar (Gabungan),Jagung Pipilan Kering,2026-10-15,3500.0
Semua Pasar (Gabungan),Jagung Pipilan Kering,2026-10-16,3500.0
Semua Pasar (Gabungan),Jagung Pipilan Kering,2026-10-17,3500.0
Semua Pasar (Gabungan),Jagung Pipilan Kering,2026-10-18,3500.0
Semua Pasar (Gabungan),Jagung Pipilan Kering,2026-10-19,3500.0
Semua Pasar (Gabungan),Jagung Pipilan Kering,2026-10-20,3500.0
Semua Pasar (Gabungan),Jagung Pipilan Kering,2026-10-21,3500.0
Semua Pasar (Gabungan),Jagung Pipilan Kering,2026-10-22,3500.0
Semua Pasar (Gabungan),Jagung Manis,2026-10-09,9500.0
Semua Pasar (Gabungan),Jagung Manis,2026-10-10,9500.0
Semua Pasar (Gabungan),Jagung Manis,2026-10-11,9500.0
Semua Pasar (Gabungan),Jagung Manis,2026-10-12,9500.0
Semua Pasar (Gabungan),Jagung Manis,2026-10-13,9500.0
Semua Pasar (Gabungan),Jagung Manis,2026-10-14,9500.0
Semua Pasar (Gabungan),Jagung Manis,2026-10-15,9500.0
Semua Pasar (Gabungan),Jagung Manis,2026-10-16,9500.0
Semua Pasar (Gabungan),Jagung Manis,2026-10-17,9500.0
Semua Pasar (Gabungan),Jagung Manis,2026-10-18,9500.0
Semua Pasar (Gabungan),Jagung Manis,2026-10-19,9500.0
Semua Pasar (Gabungan),Jagung Manis,2026-10-20,9500.0
Semua Pasar (Gabungan),Jagung Manis,2026-10-21,9500.0
Semua Pasar (Gabungan),Jagung Manis,2026-10-22,9500.0
Semua Pasar (Gabungan),Jagung Pipilan,2026-10-09,10000.0
Semua Pasar (Gabungan),Jagung Pipilan,2026-10-10,10000.0
Semua Pasar (Gabungan),Jagung Pipilan,2026-10-11,10000.0
Semua Pasar (Gabungan),Jagung Pipilan,2026-10-12,10000.0
Semua Pasar (Gabungan),Jagung Pipilan,2026-10-13,10000.0
Semua Pasar (Gabungan),Jagung Pipilan,2026-10-14,10000.0
Semua Pasar (Gabungan),Jagung Pipilan,2026-10-15,10000.0
Semua Pasar (Gabungan),Jagung Pipilan,2026-10-16,10000.0
Semua Pasar (Gabungan),Jagung Pipilan,2026-10-17,10000.0
Semua Pasar (Gabungan),Jagung Pipilan,2026-10-18,10000.0
Semua Pasar (Gabungan),Jagung Pipilan,2026-10-19,10000.0
Semua Pasar (Gabungan),Jagung Pipilan,2026-10-20,10000.0
Semua Pasar (Gabungan),Jagung Pipilan,2026-10-21,10000.0
Semua Pasar (Gabungan),Jagung Pipilan,2026-10-22,10000.0
Semua Pasar (Gabungan),Kacang Hijau,2026-10-09,24500.0
Semua Pasar (Gabungan),Kacang Hijau,2026-10-10,24500.0
Semua Pasar (Gabungan),Kacang Hijau,2026-10-11,24500.0
Semua Pasar (Gabungan),Kacang Hijau,2026-10-12,24500.0
Semua Pasar (Gabungan),Kacang Hijau,2026-10-13,24500.0
Semua Pasar (Gabungan),Kacang Hijau,2026-10-14,24500.0
Semua Pasar (Gabungan),Kacang Hijau,2026-10-15,24500.0
Semua Pasar (Gabungan),Kacang Hijau,2026-10-16,24500.0
Semua Pasar (Gabungan),Kacang Hijau,2026-10-17,24500.0
Semua Pasar (Gabungan),Kacang Hijau,2026-10-18,24500.0
Semua Pasar (Gabungan),Kacang Hijau,2026-10-19,24500.0
Semua Pasar (Gabungan),Kacang Hijau,2026-10-20,24500.0
Semua Pasar (Gabungan),Kacang Hijau,2026-10-21,24500.0
Semua Pasar (Gabungan),Kacang Hijau,2026-10-22,24500.0
Semua Pasar (Gabungan),Kangkung,2026-10-09,170000.0
Semua Pasar (Gabungan),Kangkung,2026-10-10,170000.0
Semua Pasar (Gabungan),Kangkung,2026-10-11,170000.0
Semua Pasar (Gabungan),Kangkung,2026-10-12,170000.0
Semua Pasar (Gabungan),Kangkung,2026-10-13,170000.0
Semua Pasar (Gabungan),Kangkung,2026-10-14,170000.0
Semua Pasar (Gabungan),Kangkung,2026-10-15,170000.0
Semua Pasar (Gabungan),Kangkung,2026-10-16,170000.0
Semua Pasar (Gabungan),Kangkung,2026-10-17,170000.0
Semua Pasar (Gabungan),Kangkung,2026-10-18,170000.0
Semua Pasar (Gabungan),Kangkung,2026-10-19,170000.0
Semua Pasar (Gabungan),Kangkung,2026-10-20,170000.0
Semua Pasar (Gabungan),Kangkung,2026-10-21,170000.0
Semua Pasar (Gabungan),Kangkung,2026-10-22,170000.0
Semua Pasar (Gabungan),Kacang Kedelai Impor,2026-10-09,13500.0
Semua Pasar (Gabungan),Kacang Kedelai Impor,2026-10-10,13500.0
Semua Pasar (Gabungan),Kacang Kedelai Impor,2026-10-11,13500.0
Semua Pasar (Gabungan),Kacang Kedelai Impor,2026-10-12,13500.0
Semua Pasar (Gabungan),Kacang Kedelai Impor,2026-10-13,13500.0
Semua Pasar (Gabungan),Kacang Kedelai Impor,2026-10-14,13500.0
Semua Pasar (Gabungan),Kacang Kedelai Impor,2026-10-15,13500.0
Semua Pasar (Gabungan),Kacang Kedelai Impor,2026-10-16,13500.0
Semua Pasar (Gabungan),Kacang Kedelai Impor,2026-10-17,13500.0
Semua Pasar (Gabungan),Kacang Kedelai Impor,2026-10-18,13500.0
Semua Pasar (Gabungan),Kacang Kedelai Impor,2026-10-19,13500.0
Semua Pasar (Gabungan),Kacang Kedelai Impor,2026-10-20,13500.0
Semua Pasar (Gabungan),Kacang Kedelai Impor,2026-10-21,13500.0
Semua Pasar (Gabungan),Kacang Kedelai Impor,2026-10-22,13500.0
Semua Pasar (Gabungan),Kacang Panjang,2026-10-09,22000.0
Semua Pasar (Gabungan),Kacang Panjang,2026-10-10,22000.0
Semua Pasar (Gabungan),Kacang Panjang,2026-10-11,22000.0
Semua Pasar (Gabungan),Kacang Panjang,2026-10-12,22000.0
Semua Pasar (Gabungan),Kacang Panjang,2026-10-13,22000.0
Semua Pasar (Gabungan),Kacang Panjang,2026-10-14,22000.0
Semua Pasar (Gabungan),Kacang Panjang,2026-10-15,22000.0
Semua Pasar (Gabungan),Kacang Panjang,2026-10-16,22000.0
Semua Pasar (Gabungan),Kacang Panjang,2026-10-17,22000.0
Semua Pasar (Gabungan),Kacang Panjang,2026-10-18,22000.0
Semua Pasar (Gabungan),Kacang Panjang,2026-10-19,22000.0
Semua Pasar (Gabungan),Kacang Panjang,2026-10-20,22000.0
Semua Pasar (Gabungan),Kacang Panjang,2026-10-21,22000.0
Semua Pasar (Gabungan),Kacang Panjang,2026-10-22,22000.0
Semua Pasar (Gabungan),Kacang Kedelai Lokal,2026-10-09,13500.0
Semua Pasar (Gabungan),Kacang Kedelai Lokal,2026-10-10,13500.0
Semua Pasar (Gabungan),Kacang Kedelai Lokal,2026-10-11,13500.0
Semua Pasar (Gabungan),Kacang Kedelai Lokal,2026-10-12,13500.0
Semua Pasar (Gabungan),Kacang Kedelai Lokal,2026-10-13,13500.0
Semua Pasar (Gabungan),Kacang Kedelai Lokal,2026-10-14,13500.0
Semua Pasar (Gabungan),Kacang Kedelai Lokal,2026-10-15,13500.0
Semua Pasar (Gabungan),Kacang Kedelai Lokal,2026-10-16,13500.0
Semua Pasar (Gabungan),Kacang Kedelai Lokal,2026-10-17,13500.0
Semua Pasar (Gabungan),Kacang Kedelai Lokal,2026-10-18,13500.0
Semua Pasar (Gabungan),Kacang Kedelai Lokal,2026-10-19,13500.0
Semua Pasar (Gabungan),Kacang Kedelai Lokal,2026-10-20,13500.0
Semua Pasar (Gabungan),Kacang Kedelai Lokal,2026-10-21,13500.0
Semua Pasar (Gabungan),Kacang Kedelai Lokal,2026-10-22,13500.0
Semua Pasar (Gabungan),Kacang Tanah kupas,2026-10-09,29000.0
Semua Pasar (Gabungan),Kacang Tanah kupas,2026-10-10,29000.0
Semua Pasar (Gabungan),Kacang Tanah kupas,2026-10-11,29000.0
Semua Pasar (Gabungan),Kacang Tanah kupas,2026-10-12,28500.0
Semua Pasar (Gabungan),Kacang Tanah kupas,2026-10-13,29000.0
Semua Pasar (Gabungan),Kacang Tanah kupas,2026-10-14,29000.0
Semua Pasar (Gabungan),Kacang Tanah kupas,2026-10-15,29000.0
Semua Pasar (Gabungan),Kacang Tanah kupas,2026-10-16,29000.0
Semua Pasar (Gabungan),Kacang Tanah kupas,2026-10-17,29000.0
Semua Pasar (Gabungan),Kacang Tanah kupas,2026-10-18,29000.0
Semua Pasar (Gabungan),Kacang Tanah kupas,2026-10-19,29000.0
Semua Pasar (Gabungan),Kacang Tanah kupas,2026-10-20,29000.0
Semua Pasar (Gabungan),Kacang Tanah kupas,2026-10-21,29000.0
Semua Pasar (Gabungan),Kacang Tanah kupas,2026-10-22,29000.0
Semua Pasar (Gabungan),Kayu Meranti,2026-10-09,35000.0
Semua Pasar (Gabungan),Kayu Meranti,2026-10-10,35000.0
Semua Pasar (Gabungan),Kayu Meranti,2026-10-11,35000.0
Semua Pasar (Gabungan),Kayu Meranti,2026-10-12,35000.0
Semua Pasar (Gabungan),Kayu Meranti,2026-10-13,35000.0
Semua Pasar (Gabungan),Kayu Meranti,2026-10-14,35000.0
Semua Pasar (Gabungan),Kayu Meranti,2026-10-15,35000.0
Semua Pasar (Gabungan),Kayu Meranti,2026-10-16,35000.0
Semua Pasar (Gabungan),Kayu Meranti,2026-10-17,35000.0
Semua Pasar (Gabungan),Kayu Meranti,2026-10-18,35000.0
Semua Pasar (Gabungan),Kayu Meranti,2026-10-19,35000.0
Semua Pasar (Gabungan),Kayu Meranti,2026-10-20,35000.0
Semua Pasar (Gabungan),Kayu Meranti,2026-10-21,35000.0
Semua Pasar (Gabungan),Kayu Meranti,2026-10-22,35000.0
Semua Pasar (Gabungan),Kacang Tanah/Suuk,2026-10-09,34500.0
Semua Pasar (Gabungan),Kacang Tanah/Suuk,2026-10-10,34500.0
Semua Pasar (Gabungan),Kacang Tanah/Suuk,2026-10-11,34500.0
Semua Pasar (Gabungan),Kacang Tanah/Suuk,2026-10-12,34500.0
Semua Pasar (Gabungan),Kacang Tanah/Suuk,2026-10-13,35000.0
Semua Pasar (Gabungan),Kacang Tanah/Suuk,2026-10-14,35000.0
Semua Pasar (Gabungan),Kacang Tanah/Suuk,2026-10-15,35500.0
Semua Pasar (Gabungan),Kacang Tanah/Suuk,2026-10-16,35500.0
Semua Pasar (Gabungan),Kacang Tanah/Suuk,2026-10-17,35500.0
Semua Pasar (Gabungan),Kacang Tanah/Suuk,2026-10-18,36000.0
Semua Pasar (Gabungan),Kacang Tanah/Suuk,2026-10-19,35000.0
Semua Pasar (Gabungan),Kacang Tanah/Suuk,2026-10-20,35000.0
Semua Pasar (Gabungan),Kacang Tanah/Suuk,2026-10-21,34000.0
Semua Pasar (Gabungan),Kacang Tanah/Suuk,2026-10-22,34500.0
Semua Pasar (Gabungan),Ketela Pohon/Singkong,2026-10-09,3500.0
Semua Pasar (Gabungan),Ketela Pohon/Singkong,2026-10-10,3500.0
Semua Pasar (Gabungan),Ketela Pohon/Singkong,2026-10-11,3500.0
Semua Pasar (Gabungan),Ketela Pohon/Singkong,2026-10-12,3500.0
Semua Pasar (Gabungan),Ketela Pohon/Singkong,2026-10-13,3500.0
Semua Pasar (Gabungan),Ketela Pohon/Singkong,2026-10-14,3500.0
Semua Pasar (Gabungan),Ketela Pohon/Singkong,2026-10-15,3500.0
Semua Pasar (Gabungan),Ketela Pohon/Singkong,2026-10-16,3500.0
Semua Pasar (Gabungan),Ketela Pohon/Singkong,2026-10-17,3500.0
Semua Pasar (Gabungan),Ketela Pohon/Singkong,2026-10-18,3500.0
Semua Pasar (Gabungan),Ketela Pohon/Singkong,2026-10-19,3500.0
Semua Pasar (Gabungan),Ketela Pohon/Singkong,2026-10-20,3500.0
Semua Pasar (Gabungan),Ketela Pohon/Singkong,2026-10-21,3500.0
Semua Pasar (Gabungan),Ketela Pohon/Singkong,2026-10-22,3500.0
Semua Pasar (Gabungan),Kentang,2026-10-09,16000.0
Semua Pasar (Gabungan),Kentang,2026-10-10,16000.0
Semua Pasar (Gabungan),Kentang,2026-10-11,16000.0
Semua Pasar (Gabungan),Kentang,2026-10-12,16000.0
Semua Pasar (Gabungan),Kentang,2026-10-13,16000.0
Semua Pasar (Gabungan),Kentang,2026-10-14,16000.0
Semua Pasar (Gabungan),Kentang,2026-10-15,16000.0
Semua Pasar (Gabungan),Kentang,2026-10-16,16500.0
Semua Pasar (Gabungan),Kentang,2026-10-17,16000.0
Semua Pasar (Gabungan),Kentang,2026-10-18,16000.0
Semua Pasar (Gabungan),Kentang,2026-10-19,16500.0
Semua Pasar (Gabungan),Kentang,2026-10-20,16500.0
Semua Pasar (Gabungan),Kentang,2026-10-21,16500.0
Semua Pasar (Gabungan),Kentang,2026-10-22,16500.0
Semua Pasar (Gabungan),Kol,2026-10-09,9000.0
Semua Pasar (Gabungan),Kol,2026-10-10,9000.0
Semua Pasar (Gabungan),Kol,2026-10-11,9000.0
Semua Pasar (Gabungan),Kol,2026-10-12,9000.0
Semua Pasar (Gabungan),Kol,2026-10-13,9000.0
Semua Pasar (Gabungan),Kol,2026-10-14,9000.0
Semua Pasar (Gabungan),Kol,2026-10-15,8500.0
Semua Pasar (Gabungan),Kol,2026-10-16,8500.0
Semua Pasar (Gabungan),Kol,2026-10-17,8500.0
Semua Pasar (Gabungan),Kol,2026-10-18,8500.0
Semua Pasar (Gabungan),Kol,2026-10-19,8500.0
Semua Pasar (Gabungan),Kol,2026-10-20,8500.0
Semua Pasar (Gabungan),Kol,2026-10-21,8500.0
Semua Pasar (Gabungan),Kol,2026-10-22,8500.0
Semua Pasar (Gabungan),Kunci Biru,2026-10-09,11000.0
Semua Pasar (Gabungan),Kunci Biru,2026-10-10,11000.0
Semua Pasar (Gabungan),Kunci Biru,2026-10-11,11000.0
Semua Pasar (Gabungan),Kunci Biru,2026-10-12,11000.0
Semua Pasar (Gabungan),Kunci Biru,2026-10-13,11000.0
Semua Pasar (Gabungan),Kunci Biru,2026-10-14,11000.0
Semua Pasar (Gabungan),Kunci Biru,2026-10-15,11000.0
Semua Pasar (Gabungan),Kunci Biru,2026-10-16,11000.0
Semua Pasar (Gabungan),Kunci Biru,2026-10-17,11000.0
Semua Pasar (Gabungan),Kunci Biru,2026-10-18,11000.0
Semua Pasar (Gabungan),Kunci Biru,2026-10-19,11000.0
Semua Pasar (Gabungan),Kunci Biru,2026-10-20,11000.0
Semua Pasar (Gabungan),Kunci Biru,2026-10-21,11000.0
Semua Pasar (Gabungan),Kunci Biru,2026-10-22,11000.0
Semua Pasar (Gabungan),Minyak Goreng Sania,2026-10-09,
Semua Pasar (Gabungan),Minyak Goreng Sania,2026-10-10,
Semua Pasar (Gabungan),Minyak Goreng Sania,2026-10-11,
Semua Pasar (Gabungan),Minyak Goreng Sania,2026-10-12,
Semua Pasar (Gabungan),Minyak Goreng Sania,2026-10-13,
Semua Pasar (Gabungan),Minyak Goreng Sania,2026-10-14,
Semua Pasar (Gabungan),Minyak Goreng Sania,2026-10-15,
Semua Pasar (Gabungan),Minyak Goreng Sania,2026-10-16,
Semua Pasar (Gabungan),Minyak Goreng Sania,2026-10-17,
Semua Pasar (Gabungan),Minyak Goreng Sania,2026-10-18,
Semua Pasar (Gabungan),Minyak Goreng Sania,2026-10-19,
Semua Pasar (Gabungan),Minyak Goreng Sania,2026-10-20,
Semua Pasar (Gabungan),Minyak Goreng Sania,2026-10-21,
Semua Pasar (Gabungan),Minyak Goreng Sania,2026-10-22,
Semua Pasar (Gabungan),Mie Instan Sedaap Soto,2026-10-09,30500.0
Semua Pasar (Gabungan),Mie Instan Sedaap Soto,2026-10-10,30500.0
Semua Pasar (Gabungan),Mie Instan Sedaap Soto,2026-10-11,30500.0
Semua Pasar (Gabungan),Mie Instan Sedaap Soto,2026-10-12,30500.0
Semua Pasar (Gabungan),Mie Instan Sedaap Soto,2026-10-13,30500.0
Semua Pasar (Gabungan),Mie Instan Sedaap Soto,2026-10-14,30500.0
Semua Pasar (Gabungan),Mie Instan Sedaap Soto,2026-10-15,30500.0
Semua Pasar (Gabungan),Mie Instan Sedaap Soto,2026-10-16,30500.0
Semua Pasar (Gabungan),Mie Instan Sedaap Soto,2026-10-17,30500.0
Semua Pasar (Gabungan),Mie Instan Sedaap Soto,2026-10-18,30500.0
Semua Pasar (Gabungan),Mie Instan Sedaap Soto,2026-10-19,30500.0
Semua Pasar (Gabungan),Mie Instan Sedaap Soto,2026-10-20,30500.0
Semua Pasar (Gabungan),Mie Instan Sedaap Soto,2026-10-21,30500.0
Semua Pasar (Gabungan),Mie Instan Sedaap Soto,2026-10-22,30500.0
Semua Pasar (Gabungan),Margarine Blue Band,2026-10-09,10000.0
Semua Pasar (Gabungan),Margarine Blue Band,2026-10-10,10000.0
Semua Pasar (Gabungan),Margarine Blue Band,2026-10-11,10000.0
Semua Pasar (Gabungan),Margarine Blue Band,2026-10-12,10000.0
Semua Pasar (Gabungan),Margarine Blue Band,2026-10-13,10000.0
Semua Pasar (Gabungan),Margarine Blue Band,2026-10-14,10000.0
Semua Pasar (Gabungan),Margarine Blue Band,2026-10-15,10000.0
Semua Pasar (Gabungan),Margarine Blue Band,2026-10-16,10000.0
Semua Pasar (Gabungan),Margarine Blue Band,2026-10-17,10000.0
Semua Pasar (Gabungan),Margarine Blue Band,2026-10-18,10000.0
Semua Pasar (Gabungan),Margarine Blue Band,2026-10-19,10000.0
Semua Pasar (Gabungan),Margarine Blue Band,2026-10-20,10000.0
Semua Pasar (Gabungan),Margarine Blue Band,2026-10-21,10000.0
Semua Pasar (Gabungan),Margarine Blue Band,2026-10-22,10000.0
Semua Pasar (Gabungan),Margarine Simas,2026-10-09,9500.0
Semua Pasar (Gabungan),Margarine Simas,2026-10-10,9500.0
Semua Pasar (Gabungan),Margarine Simas,2026-10-11,9500.0
Semua Pasar (Gabungan),Margarine Simas,2026-10-12,9500.0
Semua Pasar (Gabungan),Margarine Simas,2026-10-13,9500.0
Semua Pasar (Gabungan),Margarine Simas,2026-10-14,9500.0
Semua Pasar (Gabungan),Margarine Simas,2026-10-15,9500.0
Semua Pasar (Gabungan),Margarine Simas,2026-10-16,9500.0
Semua Pasar (Gabungan),Margarine Simas,2026-10-17,9500.0
Semua Pasar (Gabungan),Margarine Simas,2026-10-18,9500.0
Semua Pasar (Gabungan),Margarine Simas,2026-10-19,9500.0
Semua Pasar (Gabungan),Margarine Simas,2026-10-20,9500.0
Semua Pasar (Gabungan),Margarine Simas,2026-10-21,9500.0
Semua Pasar (Gabungan),Margarine Simas,2026-10-22,9500.0
Semua Pasar (Gabungan),Minyak Goreng Bimoli,2026-10-09,18000.0
Semua Pasar (Gabungan),Minyak Goreng Bimoli,2026-10-10,18000.0
Semua Pasar (Gabungan),Minyak Goreng Bimoli,2026-10-11,18000.0
Semua Pasar (Gabungan),Minyak Goreng Bimoli,2026-10-12,18000.0
Semua Pasar (Gabungan),Minyak Goreng Bimoli,2026-10-13,18000.0
Semua Pasar (Gabungan),Minyak Goreng Bimoli,2026-10-14,18000.0
Semua Pasar (Gabungan),Minyak Goreng Bimoli,2026-10-15,18000.0
Semua Pasar (Gabungan),Minyak Goreng Bimoli,2026-10-16,18000.0
Semua Pasar (Gabungan),Minyak Goreng Bimoli,2026-10-17,18000.0
Semua Pasar (Gabungan),Minyak Goreng Bimoli,2026-10-18,18000.0
Semua Pasar (Gabungan),Minyak Goreng Bimoli,2026-10-19,18000.0
Semua Pasar (Gabungan),Minyak Goreng Bimoli,2026-10-20,18000.0
Semua Pasar (Gabungan),Minyak Goreng Bimoli,2026-10-21,18000.0
Semua Pasar (Gabungan),Minyak Goreng Bimoli,2026-10-22,18000.0
Semua Pasar (Gabungan),Minyak Goreng Curah,2026-10-09,21000.0
Semua Pasar (Gabungan),Minyak Goreng Curah,2026-10-10,21000.0
Semua Pasar (Gabungan),Minyak Goreng Curah,2026-10-11,21000.0
Semua Pasar (Gabungan),Minyak Goreng Curah,2026-10-12,21000.0
Semua Pasar (Gabungan),Minyak Goreng Curah,2026-10-13,21000.0
Semua Pasar (Gabungan),Minyak Goreng Curah,2026-10-14,21000.0
Semua Pasar (Gabungan),Minyak Goreng Curah,2026-10-15,21000.0
Semua Pasar (Gabungan),Minyak Goreng Curah,2026-10-16,21000.0
Semua Pasar (Gabungan),Minyak Goreng Curah,2026-10-17,21000.0
Semua Pasar (Gabungan),Minyak Goreng Curah,2026-10-18,20500.0
Semua Pasar (Gabungan),Minyak Goreng Curah,2026-10-19,21000.0
Semua Pasar (Gabungan),Minyak Goreng Curah,2026-10-20,21000.0
Semua Pasar (Gabungan),Minyak Goreng Curah,2026-10-21,21000.0
Semua Pasar (Gabungan),Minyak Goreng Curah,2026-10-22,21000.0
Semua Pasar (Gabungan),Minyak Goreng Filma,2026-10-09,16500.0
Semua Pasar (Gabungan),Minyak Goreng Filma,2026-10-10,16500.0
Semua Pasar (Gabungan),Minyak Goreng Filma,2026-10-11,16500.0
Semua Pasar (Gabungan),Minyak Goreng Filma,2026-10-12,16500.0
Semua Pasar (Gabungan),Minyak Goreng Filma,2026-10-13,16500.0
Semua Pasar (Gabungan),Minyak Goreng Filma,2026-10-14,16500.0
Semua Pasar (Gabungan),Minyak Goreng Filma,2026-10-15,16500.0
Semua Pasar (Gabungan),Minyak Goreng Filma,2026-10-16,16500.0
Semua Pasar (Gabungan),Minyak Goreng Filma,2026-10-17,16500.0
Semua Pasar (Gabungan),Minyak Goreng Filma,2026-10-18,16500.0
Semua Pasar (Gabungan),Minyak Goreng Filma,2026-10-19,16500.0
Semua Pasar (Gabungan),Minyak Goreng Filma,2026-10-20,16500.0
Semua Pasar (Gabungan),Minyak Goreng Filma,2026-10-21,16500.0
Semua Pasar (Gabungan),Minyak Goreng Filma,2026-10-22,16500.0
Semua Pasar (Gabungan),Minyak Goreng Kemasan Sederhana,2026-10-09,16500.0
Semua Pasar (Gabungan),Minyak Goreng Kemasan Sederhana,2026-10-10,16500.0
Semua Pasar (Gabungan),Minyak Goreng Kemasan Sederhana,2026-10-11,16500.0
Semua Pasar (Gabungan),Minyak Goreng Kemasan Sederhana,2026-10-12,16500.0
Semua Pasar (Gabungan),Minyak Goreng Kemasan Sederhana,2026-10-13,16500.0
Semua Pasar (Gabungan),Minyak Goreng Kemasan Sederhana,2026-10-14,16500.0
Semua Pasar (Gabungan),Minyak Goreng Kemasan Sederhana,2026-10-15,16500.0
Semua Pasar (Gabungan),Minyak Goreng Kemasan Sederhana,2026-10-16,16500.0
Semua Pasar (Gabungan),Minyak Goreng Kemasan Sederhana,2026-10-17,16500.0
Semua Pasar (Gabungan),Minyak Goreng Kemasan Sederhana,2026-10-18,16500.0
Semua Pasar (Gabungan),Minyak Goreng Kemasan Sederhana,2026-10-19,16500.0
Semua Pasar (Gabungan),Minyak Goreng Kemasan Sederhana,2026-10-20,16500.0
Semua Pasar (Gabungan),Minyak Goreng Kemasan Sederhana,2026-10-21,16500.0
Semua Pasar (Gabungan),Minyak Goreng Kemasan Sederhana,2026-10-22,16500.0
Semua Pasar (Gabungan),Sawi Hijau,2026-10-09,9000.0
Semua Pasar (Gabungan),Sawi Hijau,2026-10-10,9000.0
Semua Pasar (Gabungan),Sawi Hijau,2026-10-11,9000.0
Semua Pasar (Gabungan),Sawi Hijau,2026-10-12,9000.0
Semua Pasar (Gabungan),Sawi Hijau,2026-10-13,9000.0
Semua Pasar (Gabungan),Sawi Hijau,2026-10-14,9500.0
Semua Pasar (Gabungan),Sawi Hijau,2026-10-15,9500.0
Semua Pasar (Gabungan),Sawi Hijau,2026-10-16,9500.0
Semua Pasar (Gabungan),Sawi Hijau,2026-10-17,9500.0
Semua Pasar (Gabungan),Sawi Hijau,2026-10-18,9500.0
Semua Pasar (Gabungan),Sawi Hijau,2026-10-19,9500.0
Semua Pasar (Gabungan),Sawi Hijau,2026-10-20,9000.0
Semua Pasar (Gabungan),Sawi Hijau,2026-10-21,9500.0
Semua Pasar (Gabungan),Sawi Hijau,2026-10-22,9500.0
Semua Pasar (Gabungan),Minyak Goreng Tropical,2026-10-09,22000.0
Semua Pasar (Gabungan),Minyak Goreng Tropical,2026-10-10,22000.0
Semua Pasar (Gabungan),Minyak Goreng Tropical,2026-10-11,22000.0
Semua Pasar (Gabungan),Minyak Goreng Tropical,2026-10-12,22000.0
Semua Pasar (Gabungan),Minyak Goreng Tropical,2026-10-13,22000.0
Semua Pasar (Gabungan),Minyak Goreng Tropical,2026-10-14,22000.0
Semua Pasar (Gabungan),Minyak Goreng Tropical,2026-10-15,22000.0
Semua Pasar (Gabungan),Minyak Goreng Tropical,2026-10-16,22000.0
Semua Pasar (Gabungan),Minyak Goreng Tropical,2026-10-17,22000.0
Semua Pasar (Gabungan),Minyak Goreng Tropical,2026-10-18,22000.0
Semua Pasar (Gabungan),Minyak Goreng Tropical,2026-10-19,22000.0
Semua Pasar (Gabungan),Minyak Goreng Tropical,2026-10-20,22000.0
Semua Pasar (Gabungan),Minyak Goreng Tropical,2026-10-21,22000.0
Semua Pasar (Gabungan),Minyak Goreng Tropical,2026-10-22,22000.0
Semua Pasar (Gabungan),Segitiga Biru,2026-10-09,12000.0
Semua Pasar (Gabungan),Segitiga Biru,2026-10-10,12000.0
Semua Pasar (Gabungan),Segitiga Biru,2026-10-11,12000.0
Semua Pasar (Gabungan),Segitiga Biru,2026-10-12,12000.0
Semua Pasar (Gabungan),Segitiga Biru,2026-10-13,12000.0
Semua Pasar (Gabungan),Segitiga Biru,2026-10-14,12000.0
Semua Pasar (Gabungan),Segitiga Biru,2026-10-15,12000.0
Semua Pasar (Gabungan),Segitiga Biru,2026-10-16,12000.0
Semua Pasar (Gabungan),Segitiga Biru,2026-10-17,12000.0
Semua Pasar (Gabungan),Segitiga Biru,2026-10-18,12000.0
Semua Pasar (Gabungan),Segitiga Biru,2026-10-19,12000.0
Semua Pasar (Gabungan),Segitiga Biru,2026-10-20,12000.0
Semua Pasar (Gabungan),Segitiga Biru,2026-10-21,12000.0
Semua Pasar (Gabungan),Segitiga Biru,2026-10-22,12000.0
Semua Pasar (Gabungan),Sawi Petsay,2026-10-09,12500.0
Semua Pasar (Gabungan),Sawi Petsay,2026-10-10,12500.0
Semua Pasar (Gabungan),Sawi Petsay,2026-10-11,12500.0
Semua Pasar (Gabungan),Sawi Petsay,2026-10-12,12500.0
Semua Pasar (Gabungan),Sawi Petsay,2026-10-13,12500.0
Semua Pasar (Gabungan),Sawi Petsay,2026-10-14,12500.0
Semua Pasar (Gabungan),Sawi Petsay,2026-10-15,12500.0
Semua Pasar (Gabungan),Sawi Petsay,2026-10-16,12500.0
Semua Pasar (Gabungan),Sawi Petsay,2026-10-17,12500.0
Semua Pasar (Gabungan),Sawi Petsay,2026-10-18,12500.0
Semua Pasar (Gabungan),Sawi Petsay,2026-10-19,12500.0
Semua Pasar (Gabungan),Sawi Petsay,2026-10-20,12500.0
Semua Pasar (Gabungan),Sawi Petsay,2026-10-21,12500.0
Semua Pasar (Gabungan),Sawi Petsay,2026-10-22,12500.0
Semua Pasar (Gabungan),Singkong,2026-10-09,6000.0
Semua Pasar (Gabungan),Singkong,2026-10-10,6000.0
Semua Pasar (Gabungan),Singkong,2026-10-11,6000.0
Semua Pasar (Gabungan),Singkong,2026-10-12,6000.0
Semua Pasar (Gabungan),Singkong,2026-10-13,6000.0
Semua Pasar (Gabungan),Singkong,2026-10-14,6000.0
Semua Pasar (Gabungan),Singkong,2026-10-15,6000.0
Semua Pasar (Gabungan),Singkong,2026-10-16,6000.0
Semua Pasar (Gabungan),Singkong,2026-10-17,6000.0
Semua Pasar (Gabungan),Singkong,2026-10-18,6000.0
Semua Pasar (Gabungan),Singkong,2026-10-19,6000.0
Semua Pasar (Gabungan),Singkong,2026-10-20,6000.0
Semua Pasar (Gabungan),Singkong,2026-10-21,6000.0
Semua Pasar (Gabungan),Singkong,2026-10-22,6000.0
Semua Pasar (Gabungan),Susu Bubuk Dancow Putih,2026-10-09,36500.0
Semua Pasar (Gabungan),Susu Bubuk Dancow Putih,2026-10-10,36500.0
Semua Pasar (Gabungan),Susu Bubuk Dancow Putih,2026-10-11,36500.0
Semua Pasar (Gabungan),Susu Bubuk Dancow Putih,2026-10-12,36500.0
Semua Pasar (Gabungan),Susu Bubuk Dancow Putih,2026-10-13,36500.0
Semua Pasar (Gabungan),Susu Bubuk Dancow Putih,2026-10-14,36500.0
Semua Pasar (Gabungan),Susu Bubuk Dancow Putih,2026-10-15,36500.0
Semua Pasar (Gabungan),Susu Bubuk Dancow Putih,2026-10-16,36500.0
Semua Pasar (Gabungan),Susu Bubuk Dancow Putih,2026-10-17,36500.0
Semua Pasar (Gabungan),Susu Bubuk Dancow Putih,2026-10-18,36500.0
Semua Pasar (Gabungan),Susu Bubuk Dancow Putih,2026-10-19,36500.0
Semua Pasar (Gabungan),Susu Bubuk Dancow Putih,2026-10-20,36500.0
Semua Pasar (Gabungan),Susu Bubuk Dancow Putih,2026-10-21,36500.0
Semua Pasar (Gabungan),Susu Bubuk Dancow Putih,2026-10-22,36500.0
Semua Pasar (Gabungan),Susu Bubuk Putih Indomilk,2026-10-09,9000.0
Semua Pasar (Gabungan),Susu Bubuk Putih Indomilk,2026-10-10,9000.0
Semua Pasar (Gabungan),Susu Bubuk Putih Indomilk,2026-10-11,9000.0
Semua Pasar (Gabungan),Susu Bubuk Putih Indomilk,2026-10-12,9000.0
Semua Pasar (Gabungan),Susu Bubuk Putih Indomilk,2026-10-13,9500.0
Semua Pasar (Gabungan),Susu Bubuk Putih Indomilk,2026-10-14,9500.0
Semua Pasar (Gabungan),Susu Bubuk Putih Indomilk,2026-10-15,9500.0
Semua Pasar (Gabungan),Susu Bubuk Putih Indomilk,2026-10-16,9500.0
Semua Pasar (Gabungan),Susu Bubuk Putih Indomilk,2026-10-17,9500.0
Semua Pasar (Gabungan),Susu Bubuk Putih Indomilk,2026-10-18,9500.0
Semua Pasar (Gabungan),Susu Bubuk Putih Indomilk,2026-10-19,9500.0
Semua Pasar (Gabungan),Susu Bubuk Putih Indomilk,2026-10-20,9500.0
Semua Pasar (Gabungan),Susu Bubuk Putih Indomilk,2026-10-21,9500.0
Semua Pasar (Gabungan),Susu Bubuk Putih Indomilk,2026-10-22,9500.0
Semua Pasar (Gabungan),Susu Kental Manis Bendera Cokelat,2026-10-09,11500.0
Semua Pasar (Gabungan),Susu Kental Manis Bendera Cokelat,2026-10-10,11500.0
Semua Pasar (Gabungan),Susu Kental Manis Bendera Cokelat,2026-10-11,11500.0
Semua Pasar (Gabungan),Susu Kental Manis Bendera Cokelat,2026-10-12,11500.0
Semua Pasar (Gabungan),Susu Kental Manis Bendera Cokelat,2026-10-13,11500.0
Semua Pasar (Gabungan),Susu Kental Manis Bendera Cokelat,2026-10-14,11500.0
Semua Pasar (Gabungan),Susu Kental Manis Bendera Cokelat,2026-10-15,11500.0
Semua Pasar (Gabungan),Susu Kental Manis Bendera Cokelat,2026-10-16,11500.0
Semua Pasar (Gabungan),Susu Kental Manis Bendera Cokelat,2026-10-17,11500.0
Semua Pasar (Gabungan),Susu Kental Manis Bendera Cokelat,2026-10-18,11500.0
Semua Pasar (Gabungan),Susu Kental Manis Bendera Cokelat,2026-10-19,11500.0
Semua Pasar (Gabungan),Susu Kental Manis Bendera Cokelat,2026-10-20,11500.0
Semua Pasar (Gabungan),Susu Kental Manis Bendera Cokelat,2026-10-21,11500.0
Semua Pasar (Gabungan),Susu Kental Manis Bendera Cokelat,2026-10-22,11500.0
Semua Pasar (Gabungan),Telur Ayam Broiler,2026-10-09,25500.0
Semua Pasar (Gabungan),Telur Ayam Broiler,2026-10-10,25500.0
Semua Pasar (Gabungan),Telur Ayam Broiler,2026-10-11,25500.0
Semua Pasar (Gabungan),Telur Ayam Broiler,2026-10-12,25500.0
Semua Pasar (Gabungan),Telur Ayam Broiler,2026-10-13,25500.0
Semua Pasar (Gabungan),Telur Ayam Broiler,2026-10-14,25500.0
Semua Pasar (Gabungan),Telur Ayam Broiler,2026-10-15,25500.0
Semua Pasar (Gabungan),Telur Ayam Broiler,2026-10-16,25500.0
Semua Pasar (Gabungan),Telur Ayam Broiler,2026-10-17,25500.0
Semua Pasar (Gabungan),Telur Ayam Broiler,2026-10-18,25500.0
Semua Pasar (Gabungan),Telur Ayam Broiler,2026-10-19,25500.0
Semua Pasar (Gabungan),Telur Ayam Broiler,2026-10-20,25500.0
Semua Pasar (Gabungan),Telur Ayam Broiler,2026-10-21,25500.0
Semua Pasar (Gabungan),Telur Ayam Broiler,2026-10-22,26000.0
Semua Pasar (Gabungan),Susu Kental Manis Bendera Putih,2026-10-09,11500.0
Semua Pasar (Gabungan),Susu Kental Manis Bendera Putih,2026-10-10,11500.0
Semua Pasar (Gabungan),Susu Kental Manis Bendera Putih,2026-10-11,11500.0
Semua Pasar (Gabungan),Susu Kental Manis Bendera Putih,2026-10-12,11500.0
Semua Pasar (Gabungan),Susu Kental Manis Bendera Putih,2026-10-13,11500.0
Semua Pasar (Gabungan),Susu Kental Manis Bendera Putih,2026-10-14,11500.0
Semua Pasar (Gabungan),Susu Kental Manis Bendera Putih,2026-10-15,11500.0
Semua Pasar (Gabungan),Susu Kental Manis Bendera Putih,2026-10-16,11500.0
Semua Pasar (Gabungan),Susu Kental Manis Bendera Putih,2026-10-17,11500.0
Semua Pasar (Gabungan),Susu Kental Manis Bendera Putih,2026-10-18,11500.0
Semua Pasar (Gabungan),Susu Kental Manis Bendera Putih,2026-10-19,11500.0
Semua Pasar (Gabungan),Susu Kental Manis Bendera Putih,2026-10-20,11500.0
Semua Pasar (Gabungan),Susu Kental Manis Bendera Putih,2026-10-21,11500.0
Semua Pasar (Gabungan),Susu Kental Manis Bendera Putih,2026-10-22,11500.0
Semua Pasar (Gabungan),Susu Kental Manis Indomilk,2026-10-09,11000.0
Semua Pasar (Gabungan),Susu Kental Manis Indomilk,2026-10-10,11000.0
Semua Pasar (Gabungan),Susu Kental Manis Indomilk,2026-10-11,11000.0
Semua Pasar (Gabungan),Susu Kental Manis Indomilk,2026-10-12,11000.0
Semua Pasar (Gabungan),Susu Kental Manis Indomilk,2026-10-13,11000.0
Semua Pasar (Gabungan),Susu Kental Manis Indomilk,2026-10-14,11000.0
Semua Pasar (Gabungan),Susu Kental Manis Indomilk,2026-10-15,11000.0
Semua Pasar (Gabungan),Susu Kental Manis Indomilk,2026-10-16,11000.0
Semua Pasar (Gabungan),Susu Kental Manis Indomilk,2026-10-17,11000.0
Semua Pasar (Gabungan),Susu Kental Manis Indomilk,2026-10-18,11000.0
Semua Pasar (Gabungan),Susu Kental Manis Indomilk,2026-10-19,11000.0
Semua Pasar (Gabungan),Susu Kental Manis Indomilk,2026-10-20,11000.0
Semua Pasar (Gabungan),Susu Kental Manis Indomilk,2026-10-21,11000.0
Semua Pasar (Gabungan),Susu Kental Manis Indomilk,2026-10-22,11000.0
Semua Pasar (Gabungan),Susu Kental Manis Indomilk Cokelat,2026-10-09,11000.0
Semua Pasar (Gabungan),Susu Kental Manis Indomilk Cokelat,2026-10-10,11000.0
Semua Pasar (Gabungan),Susu Kental Manis Indomilk Cokelat,2026-10-11,11000.0
Semua Pasar (Gabungan),Susu Kental Manis Indomilk Cokelat,2026-10-12,11000.0
Semua Pasar (Gabungan),Susu Kental Manis Indomilk Cokelat,2026-10-13,11000.0
Semua Pasar (Gabungan),Susu Kental Manis Indomilk Cokelat,2026-10-14,11000.0
Semua Pasar (Gabungan),Susu Kental Manis Indomilk Cokelat,2026-10-15,11000.0
Semua Pasar (Gabungan),Susu Kental Manis Indomilk Cokelat,2026-10-16,11000.0
Semua Pasar (Gabungan),Susu Kental Manis Indomilk Cokelat,2026-10-17,11000.0
Semua Pasar (Gabungan),Susu Kental Manis Indomilk Cokelat,2026-10-18,11000.0
Semua Pasar (Gabungan),Susu Kental Manis Indomilk Cokelat,2026-10-19,11000.0
Semua Pasar (Gabungan),Susu Kental Manis Indomilk Cokelat,2026-10-20,11000.0
Semua Pasar (Gabungan),Susu Kental Manis Indomilk Cokelat,2026-10-21,11000.0
Semua Pasar (Gabungan),Susu Kental Manis Indomilk Cokelat,2026-10-22,11000.0
Semua Pasar (Gabungan),Telur Ayam Kampung,2026-10-09,27500.0
Semua Pasar (Gabungan),Telur Ayam Kampung,2026-10-10,27500.0
Semua Pasar (Gabungan),Telur Ayam Kampung,2026-10-11,27500.0
Semua Pasar (Gabungan),Telur Ayam Kampung,2026-10-12,27500.0
Semua Pasar (Gabungan),Telur Ayam Kampung,2026-10-13,27500.0
Semua Pasar (Gabungan),Telur Ayam Kampung,2026-10-14,27500.0
Semua Pasar (Gabungan),Telur Ayam Kampung,2026-10-15,27500.0
Semua Pasar (Gabungan),Telur Ayam Kampung,2026-10-16,27500.0
Semua Pasar (Gabungan),Telur Ayam Kampung,2026-10-17,27500.0
Semua Pasar (Gabungan),Telur Ayam Kampung,2026-10-18,27500.0
Semua Pasar (Gabungan),Telur Ayam Kampung,2026-10-19,27500.0
Semua Pasar (Gabungan),Telur Ayam Kampung,2026-10-20,27500.0
Semua Pasar (Gabungan),Telur Ayam Kampung,2026-10-21,27500.0
Semua Pasar (Gabungan),Telur Ayam Kampung,2026-10-22,27500.0
Semua Pasar (Gabungan),Telur Bebek Asin,2026-10-09,33000.0
Semua Pasar (Gabungan),Telur Bebek Asin,2026-10-10,33000.0
Semua Pasar (Gabungan),Telur Bebek Asin,2026-10-11,33000.0
Semua Pasar (Gabungan),Telur Bebek Asin,2026-10-12,33000.0
Semua Pasar (Gabungan),Telur Bebek Asin,2026-10-13,33000.0
Semua Pasar (Gabungan),Telur Bebek Asin,2026-10-14,33000.0
Semua Pasar (Gabungan),Telur Bebek Asin,2026-10-15,33000.0
Semua Pasar (Gabungan),Telur Bebek Asin,2026-10-16,33000.0
Semua Pasar (Gabungan),Telur Bebek Asin,2026-10-17,33000.0
Semua Pasar (Gabungan),Telur Bebek Asin,2026-10-18,33000.0
Semua Pasar (Gabungan),Telur Bebek Asin,2026-10-19,33000.0
Semua Pasar (Gabungan),Telur Bebek Asin,2026-10-20,33000.0
Semua Pasar (Gabungan),Telur Bebek Asin,2026-10-21,33000.0
Semua Pasar (Gabungan),Telur Bebek Asin,2026-10-22,33000.0
Semua Pasar (Gabungan),Telur Bebek Mentah,2026-10-09,28000.0
Semua Pasar (Gabungan),Telur Bebek Mentah,2026-10-10,28000.0
Semua Pasar (Gabungan),Telur Bebek Mentah,2026-10-11,28000.0
Semua Pasar (Gabungan),Telur Bebek Mentah,2026-10-12,28000.0
Semua Pasar (Gabungan),Telur Bebek Mentah,2026-10-13,28000.0
Semua Pasar (Gabungan),Telur Bebek Mentah,2026-10-14,28000.0
Semua Pasar (Gabungan),Telur Bebek Mentah,2026-10-15,28000.0
Semua Pasar (Gabungan),Telur Bebek Mentah,2026-10-16,28000.0
Semua Pasar (Gabungan),Telur Bebek Mentah,2026-10-17,28000.0
Semua Pasar (Gabungan),Telur Bebek Mentah,2026-10-18,28000.0
Semua Pasar (Gabungan),Telur Bebek Mentah,2026-10-19,28000.0
Semua Pasar (Gabungan),Telur Bebek Mentah,2026-10-20,28000.0
Semua Pasar (Gabungan),Telur Bebek Mentah,2026-10-21,28000.0
Semua Pasar (Gabungan),Telur Bebek Mentah,2026-10-22,28000.0
Semua Pasar (Gabungan),Tepung Terigu Cakra Kembar,2026-10-09,11500.0
Semua Pasar (Gabungan),Tepung Terigu Cakra Kembar,2026-10-10,11500.0
Semua Pasar (Gabungan),Tepung Terigu Cakra Kembar,2026-10-11,11500.0
Semua Pasar (Gabungan),Tepung Terigu Cakra Kembar,2026-10-12,11500.0
Semua Pasar (Gabungan),Tepung Terigu Cakra Kembar,2026-10-13,11500.0
Semua Pasar (Gabungan),Tepung Terigu Cakra Kembar,2026-10-14,11500.0
Semua Pasar (Gabungan),Tepung Terigu Cakra Kembar,2026-10-15,11500.0
Semua Pasar (Gabungan),Tepung Terigu Cakra Kembar,2026-10-16,11500.0
Semua Pasar (Gabungan),Tepung Terigu Cakra Kembar,2026-10-17,11500.0
Semua Pasar (Gabungan),Tepung Terigu Cakra Kembar,2026-10-18,11500.0
Semua Pasar (Gabungan),Tepung Terigu Cakra Kembar,2026-10-19,11500.0
Semua Pasar (Gabungan),Tepung Terigu Cakra Kembar,2026-10-20,11500.0
Semua Pasar (Gabungan),Tepung Terigu Cakra Kembar,2026-10-21,11500.0
Semua Pasar (Gabungan),Tepung Terigu Cakra Kembar,2026-10-22,11500.0
Semua Pasar (Gabungan),Tepung Terigu Kunci Biru,2026-10-09,11000.0
Semua Pasar (Gabungan),Tepung Terigu Kunci Biru,2026-10-10,11000.0
Semua Pasar (Gabungan),Tepung Terigu Kunci Biru,2026-10-11,11000.0
Semua Pasar (Gabungan),Tepung Terigu Kunci Biru,2026-10-12,11000.0
Semua Pasar (Gabungan),Tepung Terigu Kunci Biru,2026-10-13,11000.0
Semua Pasar (Gabungan),Tepung Terigu Kunci Biru,2026-10-14,11000.0
Semua Pasar (Gabungan),Tepung Terigu Kunci Biru,2026-10-15,11000.0
Semua Pasar (Gabungan),Tepung Terigu Kunci Biru,2026-10-16,11000.0
Semua Pasar (Gabungan),Tepung Terigu Kunci Biru,2026-10-17,11000.0
Semua Pasar (Gabungan),Tepung Terigu Kunci Biru,2026-10-18,11000.0
Semua Pasar (Gabungan),Tepung Terigu Kunci Biru,2026-10-19,11000.0
Semua Pasar (Gabungan),Tepung Terigu Kunci Biru,2026-10-20,11000.0
Semua Pasar (Gabungan),Tepung Terigu Kunci Biru,2026-10-21,11000.0
Semua Pasar (Gabungan),Tepung Terigu Kunci Biru,2026-10-22,11000.0
Semua Pasar (Gabungan),Tepung Terigu Segitiga Biru,2026-10-09,90000.0
Semua Pasar (Gabungan),Tepung Terigu Segitiga Biru,2026-10-10,90000.0
Semua Pasar (Gabungan),Tepung Terigu Segitiga Biru,2026-10-11,90000.0
Semua Pasar (Gabungan),Tepung Terigu Segitiga Biru,2026-10-12,90000.0
Semua Pasar (Gabungan),Tepung Terigu Segitiga Biru,2026-10-13,90000.0
Semua Pasar (Gabungan),Tepung Terigu Segitiga Biru,2026-10-14,90000.0
Semua Pasar (Gabungan),Tepung Terigu Segitiga Biru,2026-10-15,90000.0
Semua Pasar (Gabungan),Tepung Terigu Segitiga Biru,2026-10-16,90000.0
Semua Pasar (Gabungan),Tepung Terigu Segitiga Biru,2026-10-17,90000.0
Semua Pasar (Gabungan),Tepung Terigu Segitiga Biru,2026-10-18,90000.0
Semua Pasar (Gabungan),Tepung Terigu Segitiga Biru,2026-10-19,90000.0
Semua Pasar (Gabungan),Tepung Terigu Segitiga Biru,2026-10-20,90000.0
Semua Pasar (Gabungan),Tepung Terigu Segitiga Biru,2026-10-21,90000.0
Semua Pasar (Gabungan),Tepung Terigu Segitiga Biru,2026-10-22,90000.0
Semua Pasar (Gabungan),Tepung Terigu Segi Tiga Biru,2026-10-09,12000.0
Semua Pasar (Gabungan),Tepung Terigu Segi Tiga Biru,2026-10-10,12000.0
Semua Pasar (Gabungan),Tepung Terigu Segi Tiga Biru,2026-10-11,12000.0
Semua Pasar (Gabungan),Tepung Terigu Segi Tiga Biru,2026-10-12,12000.0
Semua Pasar (Gabungan),Tepung Terigu Segi Tiga Biru,2026-10-13,12000.0
Semua Pasar (Gabungan),Tepung Terigu Segi Tiga Biru,2026-10-14,12000.0
Semua Pasar (Gabungan),Tepung Terigu Segi Tiga Biru,2026-10-15,12000.0
Semua Pasar (Gabungan),Tepung Terigu Segi Tiga Biru,2026-10-16,12000.0
Semua Pasar (Gabungan),Tepung Terigu Segi Tiga Biru,2026-10-17,12000.0
Semua Pasar (Gabungan),Tepung Terigu Segi Tiga Biru,2026-10-18,12000.0
Semua Pasar (Gabungan),Tepung Terigu Segi Tiga Biru,2026-10-19,12000.0
Semua Pasar (Gabungan),Tepung Terigu Segi Tiga Biru,2026-10-20,12000.0
Semua Pasar (Gabungan),Tepung Terigu Segi Tiga Biru,2026-10-21,12000.0
Semua Pasar (Gabungan),Tepung Terigu Segi Tiga Biru,2026-10-22,12000.0
Semua Pasar (Gabungan),Teri Medan Basah,2026-10-09,64500.0
Semua Pasar (Gabungan),Teri Medan Basah,2026-10-10,64500.0
Semua Pasar (Gabungan),Teri Medan Basah,2026-10-11,64500.0
Semua Pasar (Gabungan),Teri Medan Basah,2026-10-12,64500.0
Semua Pasar (Gabungan),Teri Medan Basah,2026-10-13,64500.0
Semua Pasar (Gabungan),Teri Medan Basah,2026-10-14,64500.0
Semua Pasar (Gabungan),Teri Medan Basah,2026-10-15,64500.0
Semua Pasar (Gabungan),Teri Medan Basah,2026-10-16,64500.0
Semua Pasar (Gabungan),Teri Medan Basah,2026-10-17,64500.0
Semua Pasar (Gabungan),Teri Medan Basah,2026-10-18,64500.0
Semua Pasar (Gabungan),Teri Medan Basah,2026-10-19,64500.0
Semua Pasar (Gabungan),Teri Medan Basah,2026-10-20,64500.0
Semua Pasar (Gabungan),Teri Medan Basah,2026-10-21,64500.0
Semua Pasar (Gabungan),Teri Medan Basah,2026-10-22,64500.0
Semua Pasar (Gabungan),Teri Medan Kering,2026-10-09,85500.0
Semua Pasar (Gabungan),Teri Medan Kering,2026-10-10,85500.0
Semua Pasar (Gabungan),Teri Medan Kering,2026-10-11,85500.0
Semua Pasar (Gabungan),Teri Medan Kering,2026-10-12,85500.0
Semua Pasar (Gabungan),Teri Medan Kering,2026-10-13,85500.0
Semua Pasar (Gabungan),Teri Medan Kering,2026-10-14,86000.0
Semua Pasar (Gabungan),Teri Medan Kering,2026-10-15,86000.0
Semua Pasar (Gabungan),Teri Medan Kering,2026-10-16,86000.0
Semua Pasar (Gabungan),Teri Medan Kering,2026-10-17,86000.0
Semua Pasar (Gabungan),Teri Medan Kering,2026-10-18,86000.0
Semua Pasar (Gabungan),Teri Medan Kering,2026-10-19,86000.0
Semua Pasar (Gabungan),Teri Medan Kering,2026-10-20,86000.0
Semua Pasar (Gabungan),Teri Medan Kering,2026-10-21,86000.0
Semua Pasar (Gabungan),Teri Medan Kering,2026-10-22,86000.0
Semua Pasar (Gabungan),Tomat Buah,2026-10-09,20000.0
Semua Pasar (Gabungan),Tomat Buah,2026-10-10,20000.0
Semua Pasar (Gabungan),Tomat Buah,2026-10-11,20000.0
Semua Pasar (Gabungan),Tomat Buah,2026-10-12,20000.0
Semua Pasar (Gabungan),Tomat Buah,2026-10-13,20000.0
Semua Pasar (Gabungan),Tomat Buah,2026-10-14,20000.0
Semua Pasar (Gabungan),Tomat Buah,2026-10-15,20000.0
Semua Pasar (Gabungan),Tomat Buah,2026-10-16,20000.0
Semua Pasar (Gabungan),Tomat Buah,2026-10-17,20000.0
Semua Pasar (Gabungan),Tomat Buah,2026-10-18,20000.0
Semua Pasar (Gabungan),Tomat Buah,2026-10-19,19000.0
Semua Pasar (Gabungan),Tomat Buah,2026-10-20,19000.0
Semua Pasar (Gabungan),Tomat Buah,2026-10-21,18500.0
Semua Pasar (Gabungan),Tomat Buah,2026-10-22,19000.0
Semua Pasar (Gabungan),Wortel,2026-10-09,15500.0
Semua Pasar (Gabungan),Wortel,2026-10-10,15500.0
Semua Pasar (Gabungan),Wortel,2026-10-11,15500.0
Semua Pasar (Gabungan),Wortel,2026-10-12,15000.0
Semua Pasar (Gabungan),Wortel,2026-10-13,15000.0
Semua Pasar (Gabungan),Wortel,2026-10-14,15000.0
Semua Pasar (Gabungan),Wortel,2026-10-15,15500.0
Semua Pasar (Gabungan),Wortel,2026-10-16,15000.0
Semua Pasar (Gabungan),Wortel,2026-10-17,15000.0
Semua Pasar (Gabungan),Wortel,2026-10-18,15500.0
Semua Pasar (Gabungan),Wortel,2026-10-19,15000.0
Semua Pasar (Gabungan),Wortel,2026-10-20,15000.0
Semua Pasar (Gabungan),Wortel,2026-10-21,15000.0
Semua Pasar (Gabungan),Wortel,2026-10-22,15500.0
Semua Pasar (Gabungan),Tomat Sayur,2026-10-09,13000.0
Semua Pasar (Gabungan),Tomat Sayur,2026-10-10,13000.0
Semua Pasar (Gabungan),Tomat Sayur,2026-10-11,13000.0
Semua Pasar (Gabungan),Tomat Sayur,2026-10-12,13000.0
Semua Pasar (Gabungan),Tomat Sayur,2026-10-13,13000.0
Semua Pasar (Gabungan),Tomat Sayur,2026-10-14,13000.0
Semua Pasar (Gabungan),Tomat Sayur,2026-10-15,13000.0
Semua Pasar (Gabungan),Tomat Sayur,2026-10-16,13000.0
Semua Pasar (Gabungan),Tomat Sayur,2026-10-17,13000.0
Semua Pasar (Gabungan),Tomat Sayur,2026-10-18,12500.0
Semua Pasar (Gabungan),Tomat Sayur,2026-10-19,12500.0
Semua Pasar (Gabungan),Tomat Sayur,2026-10-20,13000.0
Semua Pasar (Gabungan),Tomat Sayur,2026-10-21,12500.0
Semua Pasar (Gabungan),Tomat Sayur,2026-10-22,13000.0
Semua Pasar (Gabungan),Udang,2026-10-09,66000.0
Semua Pasar (Gabungan),Udang,2026-10-10,66500.0
Semua Pasar (Gabungan),Udang,2026-10-11,66000.0
Semua Pasar (Gabungan),Udang,2026-10-12,66000.0
Semua Pasar (Gabungan),Udang,2026-10-13,66000.0
Semua Pasar (Gabungan),Udang,2026-10-14,66000.0
Semua Pasar (Gabungan),Udang,2026-10-15,65500.0
Semua Pasar (Gabungan),Udang,2026-10-16,66000.0
Semua Pasar (Gabungan),Udang,2026-10-17,66000.0
Semua Pasar (Gabungan),Udang,2026-10-18,65500.0
Semua Pasar (Gabungan),Udang,2026-10-19,65500.0
Semua Pasar (Gabungan),Udang,2026-10-20,65500.0
Semua Pasar (Gabungan),Udang,2026-10-21,66000.0
Semua Pasar (Gabungan),Udang,2026-10-22,66000.0
Semua Pasar (Gabungan),Ubi Jalar,2026-10-09,9500.0
Semua Pasar (Gabungan),Ubi Jalar,2026-10-10,9500.0
Semua Pasar (Gabungan),Ubi Jalar,2026-10-11,9500.0
Semua Pasar (Gabungan),Ubi Jalar,2026-10-12,9500.0
Semua Pasar (Gabungan),Ubi Jalar,2026-10-13,9500.0
Semua Pasar (Gabungan),Ubi Jalar,2026-10-14,10000.0
Semua Pasar (Gabungan),Ubi Jalar,2026-10-15,9500.0
Semua Pasar (Gabungan),Ubi Jalar,2026-10-16,10000.0
Semua Pasar (Gabungan),Ubi Jalar,2026-10-17,9500.0
Semua Pasar (Gabungan),Ubi Jalar,2026-10-18,10000.0
Semua Pasar (Gabungan),Ubi Jalar,2026-10-19,9500.0
Semua Pasar (Gabungan),Ubi Jalar,2026-10-20,10000.0
Semua Pasar (Gabungan),Ubi Jalar,2026-10-21,10000.0
Semua Pasar (Gabungan),Ubi Jalar,2026-10-22,10500.0
